U+0020	SPACE	SPACE	27018	css-content,html,html-attr,js,json,required-literal
U+0021	!	EXCLAMATION MARK	72	html,js
U+0022	"	QUOTATION MARK	138	js
U+0024	$	DOLLAR SIGN	32	js
U+0025	%	PERCENT SIGN	3	html
U+0026	&	AMPERSAND	7	html,json
U+0027	'	APOSTROPHE	20	html
U+0028	(	LEFT PARENTHESIS	66	html,js,json,required-literal
U+0029	)	RIGHT PARENTHESIS	76	html,js,json,required-literal
U+002A	*	ASTERISK	1	js
U+002B	+	PLUS SIGN	2	html-attr,js
U+002C	,	COMMA	541	html,js,json
U+002D	-	HYPHEN-MINUS	407	html,js,json
U+002E	.	FULL STOP	646	html,js,json
U+002F	/	SOLIDUS	1861	html,js,json
U+0030	0	DIGIT ZERO	2199	css-content,html,html-attr,js,json
U+0031	1	DIGIT ONE	1131	html,js,json
U+0032	2	DIGIT TWO	2707	css-content,html,js,json
U+0033	3	DIGIT THREE	317	html,js,json
U+0034	4	DIGIT FOUR	483	html,html-attr,js,json
U+0035	5	DIGIT FIVE	697	html,js,json
U+0036	6	DIGIT SIX	599	css-content,html,js,json
U+0037	7	DIGIT SEVEN	215	html,js,json
U+0038	8	DIGIT EIGHT	300	html,js,json
U+0039	9	DIGIT NINE	116	html,json
U+003A	:	COLON	270	html,js,json
U+003B	;	SEMICOLON	5	html,js
U+003C	<	LESS-THAN SIGN	50	html,js,json,required-literal
U+003D	=	EQUALS SIGN	66	html-attr,js
U+003E	>	GREATER-THAN SIGN	45	html,js
U+003F	?	QUESTION MARK	74	html
U+0040	@	COMMERCIAL AT	1	html
U+0041	A	LATIN CAPITAL LETTER A	124	css-content,html,js,json
U+0042	B	LATIN CAPITAL LETTER B	137	html,js
U+0043	C	LATIN CAPITAL LETTER C	350	html,html-attr,js,json,required-literal
U+0044	D	LATIN CAPITAL LETTER D	52	html,js
U+0045	E	LATIN CAPITAL LETTER E	252	html,html-attr,js,json
U+0046	F	LATIN CAPITAL LETTER F	60	html,html-attr,js,json
U+0047	G	LATIN CAPITAL LETTER G	27	html,html-attr
U+0048	H	LATIN CAPITAL LETTER H	34	html,html-attr,js
U+0049	I	LATIN CAPITAL LETTER I	72	html,json
U+004A	J	LATIN CAPITAL LETTER J	62	html,js,json
U+004B	K	LATIN CAPITAL LETTER K	2	html
U+004C	L	LATIN CAPITAL LETTER L	159	html,html-attr,js,json
U+004D	M	LATIN CAPITAL LETTER M	89	html,js,json
U+004E	N	LATIN CAPITAL LETTER N	185	html,html-attr,js,json
U+004F	O	LATIN CAPITAL LETTER O	35	html,js
U+0050	P	LATIN CAPITAL LETTER P	76	html,js,json
U+0051	Q	LATIN CAPITAL LETTER Q	68	html,html-attr,js
U+0052	R	LATIN CAPITAL LETTER R	40	html,html-attr,js
U+0053	S	LATIN CAPITAL LETTER S	440	css-content,html,html-attr,js
U+0054	T	LATIN CAPITAL LETTER T	168	html,js,json
U+0055	U	LATIN CAPITAL LETTER U	23	html,js
U+0056	V	LATIN CAPITAL LETTER V	328	html,json
U+0057	W	LATIN CAPITAL LETTER W	14	html,js
U+0058	X	LATIN CAPITAL LETTER X	1	js
U+0059	Y	LATIN CAPITAL LETTER Y	66	html
U+005A	Z	LATIN CAPITAL LETTER Z	74	html,json
U+005B	[	LEFT SQUARE BRACKET	79	html,js
U+005C	\	REVERSE SOLIDUS	2	js
U+005D	]	RIGHT SQUARE BRACKET	79	html,js
U+005F	_	LOW LINE	5	html,js
U+0060	`	GRAVE ACCENT	2	html
U+0061	a	LATIN SMALL LETTER A	3561	css-content,html,html-attr,js,json,required-literal
U+0062	b	LATIN SMALL LETTER B	475	html,html-attr,js,json
U+0063	c	LATIN SMALL LETTER C	1535	css-content,html,html-attr,js,json
U+0064	d	LATIN SMALL LETTER D	1489	html,html-attr,js,json
U+0065	e	LATIN SMALL LETTER E	5956	css-content,html,html-attr,js,json
U+0066	f	LATIN SMALL LETTER F	395	html,js,json
U+0067	g	LATIN SMALL LETTER G	427	html,js,json
U+0068	h	LATIN SMALL LETTER H	364	html,js,json
U+0069	i	LATIN SMALL LETTER I	3108	css-content,html,html-attr,js,json,required-literal
U+006A	j	LATIN SMALL LETTER J	137	html,js
U+006B	k	LATIN SMALL LETTER K	56	html,js
U+006C	l	LATIN SMALL LETTER L	2507	css-content,html,html-attr,js,json,required-literal
U+006D	m	LATIN SMALL LETTER M	847	html,html-attr,js,json
U+006E	n	LATIN SMALL LETTER N	2573	css-content,html,html-attr,js,json
U+006F	o	LATIN SMALL LETTER O	2079	css-content,html,html-attr,js,json,required-literal
U+0070	p	LATIN SMALL LETTER P	1342	css-content,html,html-attr,js,json
U+0071	q	LATIN SMALL LETTER Q	353	html,js,json
U+0072	r	LATIN SMALL LETTER R	2674	css-content,html,js,json
U+0073	s	LATIN SMALL LETTER S	2702	html,html-attr,js,json
U+0074	t	LATIN SMALL LETTER T	2701	css-content,html,html-attr,js,json
U+0075	u	LATIN SMALL LETTER U	2315	css-content,html,html-attr,js,json
U+0076	v	LATIN SMALL LETTER V	627	css-content,html,js,json
U+0077	w	LATIN SMALL LETTER W	76	html,js
U+0078	x	LATIN SMALL LETTER X	128	html,html-attr,js
U+0079	y	LATIN SMALL LETTER Y	162	html,js,json
U+007A	z	LATIN SMALL LETTER Z	69	html,html-attr,js
U+007B	{	LEFT CURLY BRACKET	31	js
U+007C	|	VERTICAL LINE	286	html,js
U+007D	}	RIGHT CURLY BRACKET	31	js
U+007E	~	TILDE	39	html,js,json
U+00A0	 	NO-BREAK SPACE	172	html
U+00A9	©	COPYRIGHT SIGN	16	css-content,html
U+00AB	«	LEFT-POINTING DOUBLE ANGLE QUOTATION MARK	32	html
U+00AC	¬	NOT SIGN	1	html
U+00B4	´	ACUTE ACCENT	2	html
U+00B7	·	MIDDLE DOT	118	html,json
U+00BB	»	RIGHT-POINTING DOUBLE ANGLE QUOTATION MARK	30	html
U+00C0	À	LATIN CAPITAL LETTER A WITH GRAVE	1	html
U+00C7	Ç	LATIN CAPITAL LETTER C WITH CEDILLA	1	html
U+00C9	É	LATIN CAPITAL LETTER E WITH ACUTE	2	html
U+00CA	Ê	LATIN CAPITAL LETTER E WITH CIRCUMFLEX	1	html
U+00E0	à	LATIN SMALL LETTER A WITH GRAVE	138	html
U+00E2	â	LATIN SMALL LETTER A WITH CIRCUMFLEX	23	html
U+00E7	ç	LATIN SMALL LETTER C WITH CEDILLA	28	html
U+00E8	è	LATIN SMALL LETTER E WITH GRAVE	127	html
U+00E9	é	LATIN SMALL LETTER E WITH ACUTE	557	html
U+00EA	ê	LATIN SMALL LETTER E WITH CIRCUMFLEX	71	html
U+00EB	ë	LATIN SMALL LETTER E WITH DIAERESIS	1	html
U+00EE	î	LATIN SMALL LETTER I WITH CIRCUMFLEX	9	html
U+00EF	ï	LATIN SMALL LETTER I WITH DIAERESIS	1	html
U+00F4	ô	LATIN SMALL LETTER O WITH CIRCUMFLEX	19	html
U+00F9	ù	LATIN SMALL LETTER U WITH GRAVE	8	html
U+00FB	û	LATIN SMALL LETTER U WITH CIRCUMFLEX	10	html
U+0153	œ	LATIN SMALL LIGATURE OE	29	html
U+03C3	σ	GREEK SMALL LETTER SIGMA	2	html
U+03C9	ω	GREEK SMALL LETTER OMEGA	103	html,html-attr,js,json,required-literal
U+141B	ᐛ	CANADIAN SYLLABICS NASKAPI WAA	2	html
U+1555	ᕕ	CANADIAN SYLLABICS FI	2	html
U+1557	ᕗ	CANADIAN SYLLABICS FO	2	html
U+2003	 	EM SPACE	17984	html
U+2013	–	EN DASH	93	html
U+2014	—	EM DASH	2218	html,json
U+2018	‘	LEFT SINGLE QUOTATION MARK	35	html
U+2019	’	RIGHT SINGLE QUOTATION MARK	431	html
U+201C	“	LEFT DOUBLE QUOTATION MARK	5656	css-content,html,json
U+201D	”	RIGHT DOUBLE QUOTATION MARK	5649	css-content,html,json
U+2022	•	BULLET	3	html
U+2026	…	HORIZONTAL ELLIPSIS	1863	html,js,json
U+2122	™	TRADE MARK SIGN	2	html
U+2161	Ⅱ	ROMAN NUMERAL TWO	3	html,json
U+2162	Ⅲ	ROMAN NUMERAL THREE	3	html,json
U+2163	Ⅳ	ROMAN NUMERAL FOUR	3	html,json
U+2200	∀	FOR ALL	6	html
U+2220	∠	ANGLE	5	html,js,json,required-literal
U+2312	⌒	ARC	5	html,js,json,required-literal
U+2588	█	FULL BLOCK	76	html
U+2606	☆	WHITE STAR	5	html,js,json,required-literal
U+3000	　	IDEOGRAPHIC SPACE	543	html
U+3001	、	IDEOGRAPHIC COMMA	93	html,json
U+3002	。	IDEOGRAPHIC FULL STOP	13724	html,html-attr,js,json
U+300A	《	LEFT DOUBLE ANGLE BRACKET	29	html
U+300B	》	RIGHT DOUBLE ANGLE BRACKET	29	html
U+3010	【	LEFT BLACK LENTICULAR BRACKET	2	html
U+3011	】	RIGHT BLACK LENTICULAR BRACKET	2	html
U+3044	い	HIRAGANA LETTER I	2	html
U+304F	く	HIRAGANA LETTER KU	1	html
U+3053	こ	HIRAGANA LETTER KO	2	html
U+3057	し	HIRAGANA LETTER SI	1	html
U+3060	だ	HIRAGANA LETTER DA	2	html
U+3063	っ	HIRAGANA LETTER SMALL TU	1	html
U+3066	て	HIRAGANA LETTER TE	1	html
U+3067	で	HIRAGANA LETTER DE	1	html
U+3069	ど	HIRAGANA LETTER DO	1	html
U+306E	の	HIRAGANA LETTER NO	2	html
U+3078	へ	HIRAGANA LETTER HE	1	html
U+307E	ま	HIRAGANA LETTER MA	1	html
U+3082	も	HIRAGANA LETTER MO	2	html
U+3092	を	HIRAGANA LETTER WO	1	html
U+3093	ん	HIRAGANA LETTER N	1	html
U+309D	ゝ	HIRAGANA ITERATION MARK	3	html
U+30A2	ア	KATAKANA LETTER A	1	html
U+30A3	ィ	KATAKANA LETTER SMALL I	2	html
U+30C7	デ	KATAKANA LETTER DE	1	html
U+30C8	ト	KATAKANA LETTER TO	1	html
U+30E1	メ	KATAKANA LETTER ME	1	html
U+30ED	ロ	KATAKANA LETTER RO	1	html
U+30EE	ヮ	KATAKANA LETTER SMALL WA	1	html
U+30FB	・	KATAKANA MIDDLE DOT	7	html,js,json,required-literal
U+3122	ㄢ	BOPOMOFO LETTER AN	1	html
U+4E00	一	CJK UNIFIED IDEOGRAPH-4E00	8253	html,html-attr,js,json
U+4E01	丁	CJK UNIFIED IDEOGRAPH-4E01	17	html
U+4E03	七	CJK UNIFIED IDEOGRAPH-4E03	63	html,json
U+4E07	万	CJK UNIFIED IDEOGRAPH-4E07	131	html,json
U+4E08	丈	CJK UNIFIED IDEOGRAPH-4E08	2	html
U+4E09	三	CJK UNIFIED IDEOGRAPH-4E09	316	html,json
U+4E0A	上	CJK UNIFIED IDEOGRAPH-4E0A	3171	html,html-attr,js,json
U+4E0B	下	CJK UNIFIED IDEOGRAPH-4E0B	1890	html,html-attr,js,json
U+4E0D	不	CJK UNIFIED IDEOGRAPH-4E0D	6656	html,js,json
U+4E0E	与	CJK UNIFIED IDEOGRAPH-4E0E	768	html,html-attr,js,json
U+4E10	丐	CJK UNIFIED IDEOGRAPH-4E10	3	html
U+4E11	丑	CJK UNIFIED IDEOGRAPH-4E11	4	html
U+4E13	专	CJK UNIFIED IDEOGRAPH-4E13	28	html
U+4E14	且	CJK UNIFIED IDEOGRAPH-4E14	158	html,json
U+4E16	世	CJK UNIFIED IDEOGRAPH-4E16	189	html,json
U+4E18	丘	CJK UNIFIED IDEOGRAPH-4E18	68	html,json
U+4E1A	业	CJK UNIFIED IDEOGRAPH-4E1A	60	html
U+4E1B	丛	CJK UNIFIED IDEOGRAPH-4E1B	33	html
U+4E1C	东	CJK UNIFIED IDEOGRAPH-4E1C	490	html,js,json
U+4E1D	丝	CJK UNIFIED IDEOGRAPH-4E1D	367	html,js,json
U+4E22	丢	CJK UNIFIED IDEOGRAPH-4E22	40	html
U+4E24	两	CJK UNIFIED IDEOGRAPH-4E24	504	html,json
U+4E25	严	CJK UNIFIED IDEOGRAPH-4E25	58	html
U+4E27	丧	CJK UNIFIED IDEOGRAPH-4E27	6	html
U+4E2A	个	CJK UNIFIED IDEOGRAPH-4E2A	2541	html,js,json
U+4E2B	丫	CJK UNIFIED IDEOGRAPH-4E2B	3	html
U+4E2D	中	CJK UNIFIED IDEOGRAPH-4E2D	1640	html,html-attr,js,json
U+4E30	丰	CJK UNIFIED IDEOGRAPH-4E30	10	html
U+4E32	串	CJK UNIFIED IDEOGRAPH-4E32	25	html
U+4E34	临	CJK UNIFIED IDEOGRAPH-4E34	40	html,json
U+4E38	丸	CJK UNIFIED IDEOGRAPH-4E38	2	html
U+4E39	丹	CJK UNIFIED IDEOGRAPH-4E39	44	html
U+4E3A	为	CJK UNIFIED IDEOGRAPH-4E3A	1409	html,js,json
U+4E3B	主	CJK UNIFIED IDEOGRAPH-4E3B	237	html,html-attr,json
U+4E3D	丽	CJK UNIFIED IDEOGRAPH-4E3D	68	html
U+4E3E	举	CJK UNIFIED IDEOGRAPH-4E3E	67	html
U+4E43	乃	CJK UNIFIED IDEOGRAPH-4E43	13	html
U+4E45	久	CJK UNIFIED IDEOGRAPH-4E45	311	html,json
U+4E48	么	CJK UNIFIED IDEOGRAPH-4E48	2769	html,js,json
U+4E49	义	CJK UNIFIED IDEOGRAPH-4E49	141	html,json
U+4E4B	之	CJK UNIFIED IDEOGRAPH-4E4B	903	html,json
U+4E4C	乌	CJK UNIFIED IDEOGRAPH-4E4C	41	html
U+4E4D	乍	CJK UNIFIED IDEOGRAPH-4E4D	2	html
U+4E4E	乎	CJK UNIFIED IDEOGRAPH-4E4E	333	html
U+4E4F	乏	CJK UNIFIED IDEOGRAPH-4E4F	7	html
U+4E50	乐	CJK UNIFIED IDEOGRAPH-4E50	166	html,html-attr,json
U+4E54	乔	CJK UNIFIED IDEOGRAPH-4E54	4	html
U+4E56	乖	CJK UNIFIED IDEOGRAPH-4E56	6	html,json
U+4E58	乘	CJK UNIFIED IDEOGRAPH-4E58	20	html
U+4E5D	九	CJK UNIFIED IDEOGRAPH-4E5D	36	html,json
U+4E5E	乞	CJK UNIFIED IDEOGRAPH-4E5E	3	html
U+4E5F	也	CJK UNIFIED IDEOGRAPH-4E5F	2797	html,html-attr,js,json
U+4E60	习	CJK UNIFIED IDEOGRAPH-4E60	110	html,json
U+4E61	乡	CJK UNIFIED IDEOGRAPH-4E61	39	html
U+4E66	书	CJK UNIFIED IDEOGRAPH-4E66	200	html,json
U+4E70	买	CJK UNIFIED IDEOGRAPH-4E70	89	html,json
U+4E71	乱	CJK UNIFIED IDEOGRAPH-4E71	130	html,json
U+4E73	乳	CJK UNIFIED IDEOGRAPH-4E73	22	html,json
U+4E86	了	CJK UNIFIED IDEOGRAPH-4E86	10430	html,js,json
U+4E87	亇	CJK UNIFIED IDEOGRAPH-4E87	1	html
U+4E88	予	CJK UNIFIED IDEOGRAPH-4E88	19	html
U+4E89	争	CJK UNIFIED IDEOGRAPH-4E89	90	html,json
U+4E8B	事	CJK UNIFIED IDEOGRAPH-4E8B	755	html,json
U+4E8C	二	CJK UNIFIED IDEOGRAPH-4E8C	228	html,json
U+4E8E	于	CJK UNIFIED IDEOGRAPH-4E8E	847	html,json
U+4E8F	亏	CJK UNIFIED IDEOGRAPH-4E8F	19	html
U+4E91	云	CJK UNIFIED IDEOGRAPH-4E91	448	html,json
U+4E92	互	CJK UNIFIED IDEOGRAPH-4E92	50	html,json
U+4E94	五	CJK UNIFIED IDEOGRAPH-4E94	197	html,json
U+4E95	井	CJK UNIFIED IDEOGRAPH-4E95	55	html
U+4E9A	亚	CJK UNIFIED IDEOGRAPH-4E9A	241	html,html-attr,json
U+4E9B	些	CJK UNIFIED IDEOGRAPH-4E9B	1050	html,js,json
U+4EA1	亡	CJK UNIFIED IDEOGRAPH-4EA1	54	html,js,json
U+4EA2	亢	CJK UNIFIED IDEOGRAPH-4EA2	1	html
U+4EA4	交	CJK UNIFIED IDEOGRAPH-4EA4	179	html
U+4EA6	亦	CJK UNIFIED IDEOGRAPH-4EA6	93	html,json
U+4EA7	产	CJK UNIFIED IDEOGRAPH-4EA7	43	html
U+4EAB	享	CJK UNIFIED IDEOGRAPH-4EAB	44	html,json
U+4EAC	京	CJK UNIFIED IDEOGRAPH-4EAC	4	html
U+4EAD	亭	CJK UNIFIED IDEOGRAPH-4EAD	22	html
U+4EAE	亮	CJK UNIFIED IDEOGRAPH-4EAE	313	html,html-attr,json
U+4EB2	亲	CJK UNIFIED IDEOGRAPH-4EB2	197	html,json
U+4EBA	人	CJK UNIFIED IDEOGRAPH-4EBA	956	html,js,json
U+4EBF	亿	CJK UNIFIED IDEOGRAPH-4EBF	13	html
U+4EC0	什	CJK UNIFIED IDEOGRAPH-4EC0	1438	html,js,json
U+4EC1	仁	CJK UNIFIED IDEOGRAPH-4EC1	5	html,json
U+4EC5	仅	CJK UNIFIED IDEOGRAPH-4EC5	55	html
U+4EC6	仆	CJK UNIFIED IDEOGRAPH-4EC6	17	html
U+4EC7	仇	CJK UNIFIED IDEOGRAPH-4EC7	23	html
U+4ECA	今	CJK UNIFIED IDEOGRAPH-4ECA	252	html,js,json
U+4ECB	介	CJK UNIFIED IDEOGRAPH-4ECB	15	html,json
U+4ECD	仍	CJK UNIFIED IDEOGRAPH-4ECD	288	html,json
U+4ECE	从	CJK UNIFIED IDEOGRAPH-4ECE	691	html,json
U+4ED3	仓	CJK UNIFIED IDEOGRAPH-4ED3	40	html
U+4ED4	仔	CJK UNIFIED IDEOGRAPH-4ED4	64	html,json
U+4ED6	他	CJK UNIFIED IDEOGRAPH-4ED6	892	html,json
U+4ED7	仗	CJK UNIFIED IDEOGRAPH-4ED7	17	html
U+4ED8	付	CJK UNIFIED IDEOGRAPH-4ED8	20	html
U+4ED9	仙	CJK UNIFIED IDEOGRAPH-4ED9	48	html,html-attr,json
U+4EE3	代	CJK UNIFIED IDEOGRAPH-4EE3	227	html,html-attr,json
U+4EE4	令	CJK UNIFIED IDEOGRAPH-4EE4	350	html,json
U+4EE5	以	CJK UNIFIED IDEOGRAPH-4EE5	1416	html,json
U+4EEA	仪	CJK UNIFIED IDEOGRAPH-4EEA	18	html
U+4EEC	们	CJK UNIFIED IDEOGRAPH-4EEC	2175	html,js,json
U+4EF0	仰	CJK UNIFIED IDEOGRAPH-4EF0	13	html,json
U+4EF6	件	CJK UNIFIED IDEOGRAPH-4EF6	158	html
U+4EF7	价	CJK UNIFIED IDEOGRAPH-4EF7	46	html
U+4EFB	任	CJK UNIFIED IDEOGRAPH-4EFB	216	html,json
U+4EFD	份	CJK UNIFIED IDEOGRAPH-4EFD	78	html
U+4EFF	仿	CJK UNIFIED IDEOGRAPH-4EFF	324	html,json
U+4F01	企	CJK UNIFIED IDEOGRAPH-4F01	1	html
U+4F0A	伊	CJK UNIFIED IDEOGRAPH-4F0A	37	html
U+4F0D	伍	CJK UNIFIED IDEOGRAPH-4F0D	15	html
U+4F0E	伎	CJK UNIFIED IDEOGRAPH-4F0E	1	html
U+4F0F	伏	CJK UNIFIED IDEOGRAPH-4F0F	41	html
U+4F10	伐	CJK UNIFIED IDEOGRAPH-4F10	14	html
U+4F11	休	CJK UNIFIED IDEOGRAPH-4F11	78	html,json
U+4F17	众	CJK UNIFIED IDEOGRAPH-4F17	24	html
U+4F18	优	CJK UNIFIED IDEOGRAPH-4F18	36	html
U+4F19	伙	CJK UNIFIED IDEOGRAPH-4F19	105	html,json
U+4F1A	会	CJK UNIFIED IDEOGRAPH-4F1A	1802	html,js,json
U+4F1E	伞	CJK UNIFIED IDEOGRAPH-4F1E	34	html,json
U+4F1F	伟	CJK UNIFIED IDEOGRAPH-4F1F	24	html
U+4F20	传	CJK UNIFIED IDEOGRAPH-4F20	258	html
U+4F24	伤	CJK UNIFIED IDEOGRAPH-4F24	136	html
U+4F26	伦	CJK UNIFIED IDEOGRAPH-4F26	16	html
U+4F2A	伪	CJK UNIFIED IDEOGRAPH-4F2A	18	html
U+4F2B	伫	CJK UNIFIED IDEOGRAPH-4F2B	1	html
U+4F2F	伯	CJK UNIFIED IDEOGRAPH-4F2F	18	html
U+4F30	估	CJK UNIFIED IDEOGRAPH-4F30	19	html
U+4F34	伴	CJK UNIFIED IDEOGRAPH-4F34	114	html
U+4F38	伸	CJK UNIFIED IDEOGRAPH-4F38	54	html
U+4F3A	伺	CJK UNIFIED IDEOGRAPH-4F3A	3	html
U+4F3C	似	CJK UNIFIED IDEOGRAPH-4F3C	308	html,json
U+4F3D	伽	CJK UNIFIED IDEOGRAPH-4F3D	1	html
U+4F46	但	CJK UNIFIED IDEOGRAPH-4F46	1344	html,json
U+4F4D	位	CJK UNIFIED IDEOGRAPH-4F4D	418	html,json
U+4F4E	低	CJK UNIFIED IDEOGRAPH-4F4E	81	html,json
U+4F4F	住	CJK UNIFIED IDEOGRAPH-4F4F	501	html,json
U+4F50	佐	CJK UNIFIED IDEOGRAPH-4F50	10	html,json
U+4F51	佑	CJK UNIFIED IDEOGRAPH-4F51	4	html
U+4F53	体	CJK UNIFIED IDEOGRAPH-4F53	340	html,json
U+4F55	何	CJK UNIFIED IDEOGRAPH-4F55	534	html,json
U+4F59	余	CJK UNIFIED IDEOGRAPH-4F59	27	html,json
U+4F5B	佛	CJK UNIFIED IDEOGRAPH-4F5B	311	html,json
U+4F5C	作	CJK UNIFIED IDEOGRAPH-4F5C	548	html,html-attr,json
U+4F60	你	CJK UNIFIED IDEOGRAPH-4F60	3274	html,html-attr,js,json
U+4F63	佣	CJK UNIFIED IDEOGRAPH-4F63	1	html
U+4F69	佩	CJK UNIFIED IDEOGRAPH-4F69	5	html
U+4F6C	佬	CJK UNIFIED IDEOGRAPH-4F6C	2	html
U+4F73	佳	CJK UNIFIED IDEOGRAPH-4F73	55	html,json
U+4F7F	使	CJK UNIFIED IDEOGRAPH-4F7F	180	html,js,json
U+4F88	侈	CJK UNIFIED IDEOGRAPH-4F88	3	html
U+4F8B	例	CJK UNIFIED IDEOGRAPH-4F8B	8	html
U+4F8D	侍	CJK UNIFIED IDEOGRAPH-4F8D	4	html
U+4F9B	供	CJK UNIFIED IDEOGRAPH-4F9B	38	html
U+4F9D	依	CJK UNIFIED IDEOGRAPH-4F9D	59	html,json
U+4FA0	侠	CJK UNIFIED IDEOGRAPH-4FA0	11	html
U+4FA3	侣	CJK UNIFIED IDEOGRAPH-4FA3	7	html
U+4FA6	侦	CJK UNIFIED IDEOGRAPH-4FA6	12	html
U+4FA7	侧	CJK UNIFIED IDEOGRAPH-4FA7	92	html
U+4FAE	侮	CJK UNIFIED IDEOGRAPH-4FAE	6	html
U+4FB5	侵	CJK UNIFIED IDEOGRAPH-4FB5	25	html
U+4FBF	便	CJK UNIFIED IDEOGRAPH-4FBF	675	html,json
U+4FC3	促	CJK UNIFIED IDEOGRAPH-4FC3	15	html
U+4FC4	俄	CJK UNIFIED IDEOGRAPH-4FC4	6	html
U+4FCA	俊	CJK UNIFIED IDEOGRAPH-4FCA	2	html
U+4FCF	俏	CJK UNIFIED IDEOGRAPH-4FCF	1	html
U+4FD7	俗	CJK UNIFIED IDEOGRAPH-4FD7	8	html
U+4FD8	俘	CJK UNIFIED IDEOGRAPH-4FD8	10	html
U+4FDD	保	CJK UNIFIED IDEOGRAPH-4FDD	134	html,json
U+4FE1	信	CJK UNIFIED IDEOGRAPH-4FE1	242	html,json
U+4FE8	俨	CJK UNIFIED IDEOGRAPH-4FE8	2	html
U+4FE9	俩	CJK UNIFIED IDEOGRAPH-4FE9	12	html
U+4FED	俭	CJK UNIFIED IDEOGRAPH-4FED	1	html
U+4FEE	修	CJK UNIFIED IDEOGRAPH-4FEE	361	html,js
U+4FEF	俯	CJK UNIFIED IDEOGRAPH-4FEF	11	html
U+4FF8	俸	CJK UNIFIED IDEOGRAPH-4FF8	1	html
U+500D	倍	CJK UNIFIED IDEOGRAPH-500D	18	html,json
U+5012	倒	CJK UNIFIED IDEOGRAPH-5012	343	html,json
U+5018	倘	CJK UNIFIED IDEOGRAPH-5018	7	html
U+5019	候	CJK UNIFIED IDEOGRAPH-5019	332	html,json
U+501A	倚	CJK UNIFIED IDEOGRAPH-501A	3	html
U+501F	借	CJK UNIFIED IDEOGRAPH-501F	12	html
U+5021	倡	CJK UNIFIED IDEOGRAPH-5021	1	html
U+5026	倦	CJK UNIFIED IDEOGRAPH-5026	20	html
U+502A	倪	CJK UNIFIED IDEOGRAPH-502A	2	html
U+503A	债	CJK UNIFIED IDEOGRAPH-503A	1	html
U+503C	值	CJK UNIFIED IDEOGRAPH-503C	49	html
U+503E	倾	CJK UNIFIED IDEOGRAPH-503E	17	html
U+5042	偂	CJK UNIFIED IDEOGRAPH-5042	1	html
U+5047	假	CJK UNIFIED IDEOGRAPH-5047	84	html,json
U+504C	偌	CJK UNIFIED IDEOGRAPH-504C	2	html
U+504E	偎	CJK UNIFIED IDEOGRAPH-504E	3	html,json
U+504F	偏	CJK UNIFIED IDEOGRAPH-504F	43	html
U+505A	做	CJK UNIFIED IDEOGRAPH-505A	531	html,json
U+505C	停	CJK UNIFIED IDEOGRAPH-505C	133	html,json
U+5065	健	CJK UNIFIED IDEOGRAPH-5065	16	html,json
U+5076	偶	CJK UNIFIED IDEOGRAPH-5076	63	html,json
U+5077	偷	CJK UNIFIED IDEOGRAPH-5077	74	html,json
U+507F	偿	CJK UNIFIED IDEOGRAPH-507F	8	html
U+5085	傅	CJK UNIFIED IDEOGRAPH-5085	4	html
U+508D	傍	CJK UNIFIED IDEOGRAPH-508D	39	html,json
U+50A8	储	CJK UNIFIED IDEOGRAPH-50A8	16	html
U+50AC	催	CJK UNIFIED IDEOGRAPH-50AC	8	html
U+50B2	傲	CJK UNIFIED IDEOGRAPH-50B2	11	html
U+50BB	傻	CJK UNIFIED IDEOGRAPH-50BB	25	html,json
U+50CF	像	CJK UNIFIED IDEOGRAPH-50CF	642	html,html-attr,js,json
U+50DA	僚	CJK UNIFIED IDEOGRAPH-50DA	5	html
U+50F5	僵	CJK UNIFIED IDEOGRAPH-50F5	9	html
U+50FB	僻	CJK UNIFIED IDEOGRAPH-50FB	4	html
U+5106	儆	CJK UNIFIED IDEOGRAPH-5106	1	html
U+513F	儿	CJK UNIFIED IDEOGRAPH-513F	455	html,html-attr,json
U+5140	兀	CJK UNIFIED IDEOGRAPH-5140	6	html
U+5141	允	CJK UNIFIED IDEOGRAPH-5141	38	html,json
U+5143	元	CJK UNIFIED IDEOGRAPH-5143	29	html,js
U+5144	兄	CJK UNIFIED IDEOGRAPH-5144	31	html
U+5145	充	CJK UNIFIED IDEOGRAPH-5145	117	html,json
U+5146	兆	CJK UNIFIED IDEOGRAPH-5146	2	html
U+5148	先	CJK UNIFIED IDEOGRAPH-5148	229	html,js,json
U+5149	光	CJK UNIFIED IDEOGRAPH-5149	1264	html,js,json
U+514B	克	CJK UNIFIED IDEOGRAPH-514B	73	html
U+514D	免	CJK UNIFIED IDEOGRAPH-514D	27	html
U+5154	兔	CJK UNIFIED IDEOGRAPH-5154	38	html
U+515A	党	CJK UNIFIED IDEOGRAPH-515A	1	html
U+515C	兜	CJK UNIFIED IDEOGRAPH-515C	2	html
U+5165	入	CJK UNIFIED IDEOGRAPH-5165	471	html,js,json
U+5168	全	CJK UNIFIED IDEOGRAPH-5168	302	html,json
U+516B	八	CJK UNIFIED IDEOGRAPH-516B	61	html,json
U+516C	公	CJK UNIFIED IDEOGRAPH-516C	185	html,json
U+516D	六	CJK UNIFIED IDEOGRAPH-516D	81	html,json
U+516E	兮	CJK UNIFIED IDEOGRAPH-516E	14	html
U+5170	兰	CJK UNIFIED IDEOGRAPH-5170	41	html,json
U+5171	共	CJK UNIFIED IDEOGRAPH-5171	58	html,json
U+5173	关	CJK UNIFIED IDEOGRAPH-5173	264	html,js
U+5174	兴	CJK UNIFIED IDEOGRAPH-5174	78	html,js
U+5175	兵	CJK UNIFIED IDEOGRAPH-5175	88	html
U+5176	其	CJK UNIFIED IDEOGRAPH-5176	346	html,js,json
U+5177	具	CJK UNIFIED IDEOGRAPH-5177	66	html
U+5178	典	CJK UNIFIED IDEOGRAPH-5178	22	html
U+5179	兹	CJK UNIFIED IDEOGRAPH-5179	3	html
U+517B	养	CJK UNIFIED IDEOGRAPH-517B	19	html
U+517C	兼	CJK UNIFIED IDEOGRAPH-517C	13	html
U+517D	兽	CJK UNIFIED IDEOGRAPH-517D	198	html,json
U+5185	内	CJK UNIFIED IDEOGRAPH-5185	183	html,js
U+5188	冈	CJK UNIFIED IDEOGRAPH-5188	15	html
U+518C	册	CJK UNIFIED IDEOGRAPH-518C	1	html
U+518D	再	CJK UNIFIED IDEOGRAPH-518D	1092	html,js,json
U+5192	冒	CJK UNIFIED IDEOGRAPH-5192	54	html,json
U+5199	写	CJK UNIFIED IDEOGRAPH-5199	165	html,json
U+519B	军	CJK UNIFIED IDEOGRAPH-519B	125	html
U+519C	农	CJK UNIFIED IDEOGRAPH-519C	9	html
U+51A0	冠	CJK UNIFIED IDEOGRAPH-51A0	16	html
U+51A4	冤	CJK UNIFIED IDEOGRAPH-51A4	3	html
U+51A5	冥	CJK UNIFIED IDEOGRAPH-51A5	11	html
U+51AC	冬	CJK UNIFIED IDEOGRAPH-51AC	49	html,json
U+51B0	冰	CJK UNIFIED IDEOGRAPH-51B0	96	html
U+51B2	冲	CJK UNIFIED IDEOGRAPH-51B2	196	html,json
U+51B3	决	CJK UNIFIED IDEOGRAPH-51B3	124	html,json
U+51B5	况	CJK UNIFIED IDEOGRAPH-51B5	52	html
U+51B6	冶	CJK UNIFIED IDEOGRAPH-51B6	1	html
U+51B7	冷	CJK UNIFIED IDEOGRAPH-51B7	132	html
U+51BB	冻	CJK UNIFIED IDEOGRAPH-51BB	19	html
U+51BD	冽	CJK UNIFIED IDEOGRAPH-51BD	5	html
U+51C0	净	CJK UNIFIED IDEOGRAPH-51C0	56	html
U+51C6	准	CJK UNIFIED IDEOGRAPH-51C6	199	html,js,json
U+51C9	凉	CJK UNIFIED IDEOGRAPH-51C9	78	html
U+51CB	凋	CJK UNIFIED IDEOGRAPH-51CB	2	html
U+51CC	凌	CJK UNIFIED IDEOGRAPH-51CC	15	html
U+51CF	减	CJK UNIFIED IDEOGRAPH-51CF	20	html
U+51D1	凑	CJK UNIFIED IDEOGRAPH-51D1	24	html
U+51DB	凛	CJK UNIFIED IDEOGRAPH-51DB	2	html
U+51DD	凝	CJK UNIFIED IDEOGRAPH-51DD	60	html
U+51E0	几	CJK UNIFIED IDEOGRAPH-51E0	734	html,json
U+51E1	凡	CJK UNIFIED IDEOGRAPH-51E1	24	html
U+51E4	凤	CJK UNIFIED IDEOGRAPH-51E4	1	html
U+51ED	凭	CJK UNIFIED IDEOGRAPH-51ED	19	html
U+51EF	凯	CJK UNIFIED IDEOGRAPH-51EF	1	html
U+51F3	凳	CJK UNIFIED IDEOGRAPH-51F3	3	html
U+51F6	凶	CJK UNIFIED IDEOGRAPH-51F6	11	html
U+51F8	凸	CJK UNIFIED IDEOGRAPH-51F8	5	html
U+51F9	凹	CJK UNIFIED IDEOGRAPH-51F9	9	html
U+51FA	出	CJK UNIFIED IDEOGRAPH-51FA	1450	html,js,json
U+51FB	击	CJK UNIFIED IDEOGRAPH-51FB	192	html
U+51FD	函	CJK UNIFIED IDEOGRAPH-51FD	10	html,json
U+5200	刀	CJK UNIFIED IDEOGRAPH-5200	87	html,json
U+5203	刃	CJK UNIFIED IDEOGRAPH-5203	7	html
U+5206	分	CJK UNIFIED IDEOGRAPH-5206	548	html,json
U+5207	切	CJK UNIFIED IDEOGRAPH-5207	374	html,json
U+520A	刊	CJK UNIFIED IDEOGRAPH-520A	1	html
U+520C	刌	CJK UNIFIED IDEOGRAPH-520C	2	html
U+5211	刑	CJK UNIFIED IDEOGRAPH-5211	5	html
U+5212	划	CJK UNIFIED IDEOGRAPH-5212	104	html,json
U+5217	列	CJK UNIFIED IDEOGRAPH-5217	64	html,js,json
U+5218	刘	CJK UNIFIED IDEOGRAPH-5218	1	html
U+5219	则	CJK UNIFIED IDEOGRAPH-5219	181	html,json
U+521A	刚	CJK UNIFIED IDEOGRAPH-521A	371	html
U+521B	创	CJK UNIFIED IDEOGRAPH-521B	65	html,json
U+521D	初	CJK UNIFIED IDEOGRAPH-521D	77	html,html-attr,json
U+5220	删	CJK UNIFIED IDEOGRAPH-5220	8	html
U+5224	判	CJK UNIFIED IDEOGRAPH-5224	22	html,json
U+5228	刨	CJK UNIFIED IDEOGRAPH-5228	1	html
U+5229	利	CJK UNIFIED IDEOGRAPH-5229	240	html,html-attr,json
U+522B	别	CJK UNIFIED IDEOGRAPH-522B	459	html,json
U+522E	刮	CJK UNIFIED IDEOGRAPH-522E	3	html
U+5230	到	CJK UNIFIED IDEOGRAPH-5230	2290	html,js,json
U+5236	制	CJK UNIFIED IDEOGRAPH-5236	192	html,html-attr,json
U+5237	刷	CJK UNIFIED IDEOGRAPH-5237	31	html
U+5238	券	CJK UNIFIED IDEOGRAPH-5238	3	html
U+5239	刹	CJK UNIFIED IDEOGRAPH-5239	39	html
U+523A	刺	CJK UNIFIED IDEOGRAPH-523A	194	html,json
U+523B	刻	CJK UNIFIED IDEOGRAPH-523B	208	html,json
U+523D	刽	CJK UNIFIED IDEOGRAPH-523D	1	html
U+5242	剂	CJK UNIFIED IDEOGRAPH-5242	14	html,json
U+524A	削	CJK UNIFIED IDEOGRAPH-524A	5	html
U+524D	前	CJK UNIFIED IDEOGRAPH-524D	908	html,js,json
U+5250	剐	CJK UNIFIED IDEOGRAPH-5250	2	html
U+5251	剑	CJK UNIFIED IDEOGRAPH-5251	66	html
U+5254	剔	CJK UNIFIED IDEOGRAPH-5254	3	html
U+5265	剥	CJK UNIFIED IDEOGRAPH-5265	8	html
U+5267	剧	CJK UNIFIED IDEOGRAPH-5267	106	html,json
U+5269	剩	CJK UNIFIED IDEOGRAPH-5269	82	html,json
U+526A	剪	CJK UNIFIED IDEOGRAPH-526A	10	html
U+526F	副	CJK UNIFIED IDEOGRAPH-526F	24	html
U+5272	割	CJK UNIFIED IDEOGRAPH-5272	32	html,json
U+527F	剿	CJK UNIFIED IDEOGRAPH-527F	2	html
U+5288	劈	CJK UNIFIED IDEOGRAPH-5288	6	html
U+529B	力	CJK UNIFIED IDEOGRAPH-529B	430	html,json
U+529D	劝	CJK UNIFIED IDEOGRAPH-529D	5	html
U+529E	办	CJK UNIFIED IDEOGRAPH-529E	200	html
U+529F	功	CJK UNIFIED IDEOGRAPH-529F	51	html
U+52A0	加	CJK UNIFIED IDEOGRAPH-52A0	234	html,js,json
U+52A1	务	CJK UNIFIED IDEOGRAPH-52A1	87	html
U+52A3	劣	CJK UNIFIED IDEOGRAPH-52A3	6	html
U+52A8	动	CJK UNIFIED IDEOGRAPH-52A8	605	html,js,json
U+52A9	助	CJK UNIFIED IDEOGRAPH-52A9	38	html
U+52AA	努	CJK UNIFIED IDEOGRAPH-52AA	27	html
U+52AB	劫	CJK UNIFIED IDEOGRAPH-52AB	16	html
U+52B1	励	CJK UNIFIED IDEOGRAPH-52B1	7	html
U+52B2	劲	CJK UNIFIED IDEOGRAPH-52B2	17	html,json
U+52B3	劳	CJK UNIFIED IDEOGRAPH-52B3	46	html
U+52BF	势	CJK UNIFIED IDEOGRAPH-52BF	25	html
U+52C3	勃	CJK UNIFIED IDEOGRAPH-52C3	13	html,json
U+52C7	勇	CJK UNIFIED IDEOGRAPH-52C7	35	html
U+52C9	勉	CJK UNIFIED IDEOGRAPH-52C9	35	html
U+52CB	勋	CJK UNIFIED IDEOGRAPH-52CB	7	html
U+52D2	勒	CJK UNIFIED IDEOGRAPH-52D2	11	html
U+52D8	勘	CJK UNIFIED IDEOGRAPH-52D8	1	html
U+52DF	募	CJK UNIFIED IDEOGRAPH-52DF	3	html
U+52E4	勤	CJK UNIFIED IDEOGRAPH-52E4	12	html
U+52FA	勺	CJK UNIFIED IDEOGRAPH-52FA	9	html
U+52FE	勾	CJK UNIFIED IDEOGRAPH-52FE	14	html
U+52FF	勿	CJK UNIFIED IDEOGRAPH-52FF	3	html
U+5300	匀	CJK UNIFIED IDEOGRAPH-5300	7	html
U+5305	包	CJK UNIFIED IDEOGRAPH-5305	239	html,js
U+5306	匆	CJK UNIFIED IDEOGRAPH-5306	57	html
U+5315	匕	CJK UNIFIED IDEOGRAPH-5315	1	html
U+5316	化	CJK UNIFIED IDEOGRAPH-5316	169	html,json
U+5317	北	CJK UNIFIED IDEOGRAPH-5317	39	html
U+5319	匙	CJK UNIFIED IDEOGRAPH-5319	28	html,json
U+5320	匠	CJK UNIFIED IDEOGRAPH-5320	32	html
U+5323	匣	CJK UNIFIED IDEOGRAPH-5323	2	html
U+5339	匹	CJK UNIFIED IDEOGRAPH-5339	22	html,js
U+533A	区	CJK UNIFIED IDEOGRAPH-533A	115	html
U+533B	医	CJK UNIFIED IDEOGRAPH-533B	43	html,json
U+533F	匿	CJK UNIFIED IDEOGRAPH-533F	4	html
U+5341	十	CJK UNIFIED IDEOGRAPH-5341	364	html,json
U+5343	千	CJK UNIFIED IDEOGRAPH-5343	93	html,json
U+5347	升	CJK UNIFIED IDEOGRAPH-5347	64	html,json
U+5348	午	CJK UNIFIED IDEOGRAPH-5348	140	html,json
U+5349	卉	CJK UNIFIED IDEOGRAPH-5349	1	html
U+534A	半	CJK UNIFIED IDEOGRAPH-534A	188	html,json
U+534E	华	CJK UNIFIED IDEOGRAPH-534E	32	html
U+534F	协	CJK UNIFIED IDEOGRAPH-534F	33	html
U+5351	卑	CJK UNIFIED IDEOGRAPH-5351	4	html
U+5352	卒	CJK UNIFIED IDEOGRAPH-5352	1	html
U+5355	单	CJK UNIFIED IDEOGRAPH-5355	183	html,json
U+5356	卖	CJK UNIFIED IDEOGRAPH-5356	58	html
U+5357	南	CJK UNIFIED IDEOGRAPH-5357	39	html
U+535A	博	CJK UNIFIED IDEOGRAPH-535A	11	html
U+535C	卜	CJK UNIFIED IDEOGRAPH-535C	24	html,js
U+5360	占	CJK UNIFIED IDEOGRAPH-5360	23	html
U+5361	卡	CJK UNIFIED IDEOGRAPH-5361	57	html
U+5362	卢	CJK UNIFIED IDEOGRAPH-5362	2	html
U+5367	卧	CJK UNIFIED IDEOGRAPH-5367	22	html
U+536B	卫	CJK UNIFIED IDEOGRAPH-536B	98	html
U+5370	印	CJK UNIFIED IDEOGRAPH-5370	32	html
U+5371	危	CJK UNIFIED IDEOGRAPH-5371	51	html
U+5373	即	CJK UNIFIED IDEOGRAPH-5373	65	html,json
U+5374	却	CJK UNIFIED IDEOGRAPH-5374	529	html,json
U+5377	卷	CJK UNIFIED IDEOGRAPH-5377	71	html,html-attr,json
U+5378	卸	CJK UNIFIED IDEOGRAPH-5378	5	html
U+5382	厂	CJK UNIFIED IDEOGRAPH-5382	34	html
U+5385	厅	CJK UNIFIED IDEOGRAPH-5385	73	html
U+5386	历	CJK UNIFIED IDEOGRAPH-5386	80	html,json
U+5389	厉	CJK UNIFIED IDEOGRAPH-5389	32	html
U+538B	压	CJK UNIFIED IDEOGRAPH-538B	104	html
U+538C	厌	CJK UNIFIED IDEOGRAPH-538C	62	html
U+5395	厕	CJK UNIFIED IDEOGRAPH-5395	7	html
U+5398	厘	CJK UNIFIED IDEOGRAPH-5398	6	html
U+539A	厚	CJK UNIFIED IDEOGRAPH-539A	60	html
U+539F	原	CJK UNIFIED IDEOGRAPH-539F	269	html,json
U+53A2	厢	CJK UNIFIED IDEOGRAPH-53A2	3	html
U+53A5	厥	CJK UNIFIED IDEOGRAPH-53A5	3	html
U+53A6	厦	CJK UNIFIED IDEOGRAPH-53A6	6	html
U+53A8	厨	CJK UNIFIED IDEOGRAPH-53A8	34	html
U+53BB	去	CJK UNIFIED IDEOGRAPH-53BB	1895	html,html-attr,json
U+53C2	参	CJK UNIFIED IDEOGRAPH-53C2	43	html
U+53C8	又	CJK UNIFIED IDEOGRAPH-53C8	1164	html,json
U+53C9	叉	CJK UNIFIED IDEOGRAPH-53C9	10	html
U+53CA	及	CJK UNIFIED IDEOGRAPH-53CA	122	html
U+53CB	友	CJK UNIFIED IDEOGRAPH-53CB	227	html,json
U+53CC	双	CJK UNIFIED IDEOGRAPH-53CC	141	html
U+53CD	反	CJK UNIFIED IDEOGRAPH-53CD	244	html
U+53D1	发	CJK UNIFIED IDEOGRAPH-53D1	1435	html,html-attr,js,json
U+53D4	叔	CJK UNIFIED IDEOGRAPH-53D4	35	html
U+53D6	取	CJK UNIFIED IDEOGRAPH-53D6	84	html,js
U+53D7	受	CJK UNIFIED IDEOGRAPH-53D7	235	html,json
U+53D8	变	CJK UNIFIED IDEOGRAPH-53D8	562	html,json
U+53D9	叙	CJK UNIFIED IDEOGRAPH-53D9	12	html
U+53DB	叛	CJK UNIFIED IDEOGRAPH-53DB	12	html
U+53E0	叠	CJK UNIFIED IDEOGRAPH-53E0	69	html
U+53E3	口	CJK UNIFIED IDEOGRAPH-53E3	415	html
U+53E4	古	CJK UNIFIED IDEOGRAPH-53E4	88	html
U+53E5	句	CJK UNIFIED IDEOGRAPH-53E5	238	html
U+53E6	另	CJK UNIFIED IDEOGRAPH-53E6	120	html,js
U+53E8	叨	CJK UNIFIED IDEOGRAPH-53E8	7	html
U+53EA	只	CJK UNIFIED IDEOGRAPH-53EA	2056	html,html-attr,json
U+53EB	叫	CJK UNIFIED IDEOGRAPH-53EB	279	html
U+53EC	召	CJK UNIFIED IDEOGRAPH-53EC	10	html
U+53ED	叭	CJK UNIFIED IDEOGRAPH-53ED	10	html
U+53EE	叮	CJK UNIFIED IDEOGRAPH-53EE	13	html
U+53EF	可	CJK UNIFIED IDEOGRAPH-53EF	2148	html,html-attr,js,json
U+53F0	台	CJK UNIFIED IDEOGRAPH-53F0	213	html
U+53F2	史	CJK UNIFIED IDEOGRAPH-53F2	39	html
U+53F3	右	CJK UNIFIED IDEOGRAPH-53F3	64	html
U+53F6	叶	CJK UNIFIED IDEOGRAPH-53F6	217	html,json
U+53F7	号	CJK UNIFIED IDEOGRAPH-53F7	94	html
U+53F8	司	CJK UNIFIED IDEOGRAPH-53F8	26	html
U+53F9	叹	CJK UNIFIED IDEOGRAPH-53F9	58	html
U+53FC	叼	CJK UNIFIED IDEOGRAPH-53FC	21	html
U+53FD	叽	CJK UNIFIED IDEOGRAPH-53FD	8	html
U+53FE	叾	CJK UNIFIED IDEOGRAPH-53FE	1	html
U+5401	吁	CJK UNIFIED IDEOGRAPH-5401	14	html
U+5403	吃	CJK UNIFIED IDEOGRAPH-5403	286	html,js,json
U+5404	各	CJK UNIFIED IDEOGRAPH-5404	93	html,html-attr
U+5408	合	CJK UNIFIED IDEOGRAPH-5408	267	html,json
U+5409	吉	CJK UNIFIED IDEOGRAPH-5409	5	html
U+540A	吊	CJK UNIFIED IDEOGRAPH-540A	4	html
U+540C	同	CJK UNIFIED IDEOGRAPH-540C	412	html,json
U+540D	名	CJK UNIFIED IDEOGRAPH-540D	198	html,js,json
U+540E	后	CJK UNIFIED IDEOGRAPH-540E	1283	html,html-attr,js,json
U+5410	吐	CJK UNIFIED IDEOGRAPH-5410	13	html
U+5411	向	CJK UNIFIED IDEOGRAPH-5411	559	html,json
U+5413	吓	CJK UNIFIED IDEOGRAPH-5413	38	html
U+5417	吗	CJK UNIFIED IDEOGRAPH-5417	983	html,js,json
U+541B	君	CJK UNIFIED IDEOGRAPH-541B	5	html
U+541E	吞	CJK UNIFIED IDEOGRAPH-541E	83	html
U+541F	吟	CJK UNIFIED IDEOGRAPH-541F	41	html,json
U+5426	否	CJK UNIFIED IDEOGRAPH-5426	149	html,js,json
U+5427	吧	CJK UNIFIED IDEOGRAPH-5427	1051	html,js,json
U+5428	吨	CJK UNIFIED IDEOGRAPH-5428	1	html
U+5429	吩	CJK UNIFIED IDEOGRAPH-5429	1	html
U+542B	含	CJK UNIFIED IDEOGRAPH-542B	19	html,js
U+542C	听	CJK UNIFIED IDEOGRAPH-542C	400	html,json
U+542F	启	CJK UNIFIED IDEOGRAPH-542F	44	html,json
U+5431	吱	CJK UNIFIED IDEOGRAPH-5431	10	html
U+5434	吴	CJK UNIFIED IDEOGRAPH-5434	1	html
U+5435	吵	CJK UNIFIED IDEOGRAPH-5435	24	html
U+5438	吸	CJK UNIFIED IDEOGRAPH-5438	76	html
U+5439	吹	CJK UNIFIED IDEOGRAPH-5439	172	html,html-attr,json
U+543B	吻	CJK UNIFIED IDEOGRAPH-543B	29	html
U+543C	吼	CJK UNIFIED IDEOGRAPH-543C	16	html
U+543E	吾	CJK UNIFIED IDEOGRAPH-543E	35	html
U+5440	呀	CJK UNIFIED IDEOGRAPH-5440	509	html,json
U+5446	呆	CJK UNIFIED IDEOGRAPH-5446	43	html
U+5448	呈	CJK UNIFIED IDEOGRAPH-5448	5	html
U+544A	告	CJK UNIFIED IDEOGRAPH-544A	188	html,json
U+5450	呐	CJK UNIFIED IDEOGRAPH-5450	16	html
U+5455	呕	CJK UNIFIED IDEOGRAPH-5455	5	html
U+5456	呖	CJK UNIFIED IDEOGRAPH-5456	8	html
U+5457	呗	CJK UNIFIED IDEOGRAPH-5457	4	html
U+5458	员	CJK UNIFIED IDEOGRAPH-5458	107	html,json
U+545B	呛	CJK UNIFIED IDEOGRAPH-545B	5	html
U+545C	呜	CJK UNIFIED IDEOGRAPH-545C	105	html
U+5462	呢	CJK UNIFIED IDEOGRAPH-5462	851	html,js,json
U+5466	呦	CJK UNIFIED IDEOGRAPH-5466	4	html,html-attr
U+5468	周	CJK UNIFIED IDEOGRAPH-5468	210	html,html-attr
U+5472	呲	CJK UNIFIED IDEOGRAPH-5472	3	html
U+5473	味	CJK UNIFIED IDEOGRAPH-5473	145	html
U+5475	呵	CJK UNIFIED IDEOGRAPH-5475	141	html,json
U+5478	呸	CJK UNIFIED IDEOGRAPH-5478	7	html
U+547B	呻	CJK UNIFIED IDEOGRAPH-547B	2	html
U+547C	呼	CJK UNIFIED IDEOGRAPH-547C	138	html,json
U+547D	命	CJK UNIFIED IDEOGRAPH-547D	136	html,json
U+5480	咀	CJK UNIFIED IDEOGRAPH-5480	1	html
U+5484	咄	CJK UNIFIED IDEOGRAPH-5484	2	html
U+5486	咆	CJK UNIFIED IDEOGRAPH-5486	8	html
U+548C	和	CJK UNIFIED IDEOGRAPH-548C	933	html,html-attr,json
U+5490	咐	CJK UNIFIED IDEOGRAPH-5490	3	html
U+5492	咒	CJK UNIFIED IDEOGRAPH-5492	49	html
U+5494	咔	CJK UNIFIED IDEOGRAPH-5494	3	html
U+5495	咕	CJK UNIFIED IDEOGRAPH-5495	25	html
U+5496	咖	CJK UNIFIED IDEOGRAPH-5496	28	html
U+5499	咙	CJK UNIFIED IDEOGRAPH-5499	5	html
U+549A	咚	CJK UNIFIED IDEOGRAPH-549A	15	html
U+549B	咛	CJK UNIFIED IDEOGRAPH-549B	1	html
U+54A6	咦	CJK UNIFIED IDEOGRAPH-54A6	1	html
U+54A7	咧	CJK UNIFIED IDEOGRAPH-54A7	4	html
U+54AA	咪	CJK UNIFIED IDEOGRAPH-54AA	3	html
U+54AC	咬	CJK UNIFIED IDEOGRAPH-54AC	24	html
U+54AF	咯	CJK UNIFIED IDEOGRAPH-54AF	80	html,js
U+54B1	咱	CJK UNIFIED IDEOGRAPH-54B1	50	html
U+54B3	咳	CJK UNIFIED IDEOGRAPH-54B3	51	html
U+54B8	咸	CJK UNIFIED IDEOGRAPH-54B8	34	html
U+54BD	咽	CJK UNIFIED IDEOGRAPH-54BD	10	html
U+54BF	咿	CJK UNIFIED IDEOGRAPH-54BF	1	html
U+54C0	哀	CJK UNIFIED IDEOGRAPH-54C0	12	html
U+54C1	品	CJK UNIFIED IDEOGRAPH-54C1	142	html,json
U+54C4	哄	CJK UNIFIED IDEOGRAPH-54C4	4	html
U+54C7	哇	CJK UNIFIED IDEOGRAPH-54C7	65	html,json
U+54C8	哈	CJK UNIFIED IDEOGRAPH-54C8	302	html,json
U+54C9	哉	CJK UNIFIED IDEOGRAPH-54C9	5	html
U+54CD	响	CJK UNIFIED IDEOGRAPH-54CD	200	html,json
U+54CE	哎	CJK UNIFIED IDEOGRAPH-54CE	74	html,json
U+54D1	哑	CJK UNIFIED IDEOGRAPH-54D1	5	html
U+54D2	哒	CJK UNIFIED IDEOGRAPH-54D2	14	html
U+54D4	哔	CJK UNIFIED IDEOGRAPH-54D4	8	html
U+54D7	哗	CJK UNIFIED IDEOGRAPH-54D7	13	html
U+54DF	哟	CJK UNIFIED IDEOGRAPH-54DF	85	html
U+54E5	哥	CJK UNIFIED IDEOGRAPH-54E5	16	html
U+54E6	哦	CJK UNIFIED IDEOGRAPH-54E6	461	html,js,json
U+54E7	哧	CJK UNIFIED IDEOGRAPH-54E7	3	html
U+54E8	哨	CJK UNIFIED IDEOGRAPH-54E8	4	html
U+54E9	哩	CJK UNIFIED IDEOGRAPH-54E9	6	html
U+54EA	哪	CJK UNIFIED IDEOGRAPH-54EA	539	html,json
U+54ED	哭	CJK UNIFIED IDEOGRAPH-54ED	65	html
U+54EE	哮	CJK UNIFIED IDEOGRAPH-54EE	8	html
U+54F2	哲	CJK UNIFIED IDEOGRAPH-54F2	11	html,json
U+54FC	哼	CJK UNIFIED IDEOGRAPH-54FC	17	html,json
U+54FD	哽	CJK UNIFIED IDEOGRAPH-54FD	1	html
U+5507	唇	CJK UNIFIED IDEOGRAPH-5507	25	html
U+5509	唉	CJK UNIFIED IDEOGRAPH-5509	43	html
U+550F	唏	CJK UNIFIED IDEOGRAPH-550F	1	html
U+5510	唐	CJK UNIFIED IDEOGRAPH-5510	6	html
U+5514	唔	CJK UNIFIED IDEOGRAPH-5514	13	html
U+5520	唠	CJK UNIFIED IDEOGRAPH-5520	2	html
U+5524	唤	CJK UNIFIED IDEOGRAPH-5524	33	html,json
U+552C	唬	CJK UNIFIED IDEOGRAPH-552C	5	html
U+552E	售	CJK UNIFIED IDEOGRAPH-552E	10	html
U+552F	唯	CJK UNIFIED IDEOGRAPH-552F	69	html,json
U+5531	唱	CJK UNIFIED IDEOGRAPH-5531	99	html,json
U+553E	唾	CJK UNIFIED IDEOGRAPH-553E	9	html
U+5543	啃	CJK UNIFIED IDEOGRAPH-5543	13	html
U+5544	啄	CJK UNIFIED IDEOGRAPH-5544	9	html
U+5546	商	CJK UNIFIED IDEOGRAPH-5546	65	html
U+554A	啊	CJK UNIFIED IDEOGRAPH-554A	176	html
U+555C	啜	CJK UNIFIED IDEOGRAPH-555C	1	html
U+5561	啡	CJK UNIFIED IDEOGRAPH-5561	22	html
U+5564	啤	CJK UNIFIED IDEOGRAPH-5564	11	html
U+5565	啥	CJK UNIFIED IDEOGRAPH-5565	1	html
U+5566	啦	CJK UNIFIED IDEOGRAPH-5566	282	html,json
U+5567	啧	CJK UNIFIED IDEOGRAPH-5567	4	html
U+556A	啪	CJK UNIFIED IDEOGRAPH-556A	17	html
U+5578	啸	CJK UNIFIED IDEOGRAPH-5578	21	html
U+557C	啼	CJK UNIFIED IDEOGRAPH-557C	7	html
U+5582	喂	CJK UNIFIED IDEOGRAPH-5582	28	html,json
U+5583	喃	CJK UNIFIED IDEOGRAPH-5583	51	html
U+5584	善	CJK UNIFIED IDEOGRAPH-5584	40	html,json
U+5587	喇	CJK UNIFIED IDEOGRAPH-5587	10	html
U+5589	喉	CJK UNIFIED IDEOGRAPH-5589	8	html
U+558A	喊	CJK UNIFIED IDEOGRAPH-558A	120	html,json
U+5598	喘	CJK UNIFIED IDEOGRAPH-5598	36	html
U+5599	喙	CJK UNIFIED IDEOGRAPH-5599	2	html
U+559C	喜	CJK UNIFIED IDEOGRAPH-559C	366	html,json
U+559D	喝	CJK UNIFIED IDEOGRAPH-559D	87	html
U+55A7	喧	CJK UNIFIED IDEOGRAPH-55A7	21	html
U+55B1	喱	CJK UNIFIED IDEOGRAPH-55B1	6	html
U+55B3	喳	CJK UNIFIED IDEOGRAPH-55B3	8	html
U+55B7	喷	CJK UNIFIED IDEOGRAPH-55B7	36	html
U+55BB	喻	CJK UNIFIED IDEOGRAPH-55BB	4	html
U+55BD	喽	CJK UNIFIED IDEOGRAPH-55BD	1	html
U+55C5	嗅	CJK UNIFIED IDEOGRAPH-55C5	24	html
U+55D2	嗒	CJK UNIFIED IDEOGRAPH-55D2	49	html
U+55D3	嗓	CJK UNIFIED IDEOGRAPH-55D3	10	html
U+55E1	嗡	CJK UNIFIED IDEOGRAPH-55E1	31	html
U+55E4	嗤	CJK UNIFIED IDEOGRAPH-55E4	2	html
U+55EF	嗯	CJK UNIFIED IDEOGRAPH-55EF	175	html
U+55F5	嗵	CJK UNIFIED IDEOGRAPH-55F5	1	html
U+55FD	嗽	CJK UNIFIED IDEOGRAPH-55FD	11	html
U+5600	嘀	CJK UNIFIED IDEOGRAPH-5600	42	html
U+5608	嘈	CJK UNIFIED IDEOGRAPH-5608	12	html
U+5609	嘉	CJK UNIFIED IDEOGRAPH-5609	1	html
U+5618	嘘	CJK UNIFIED IDEOGRAPH-5618	4	html
U+561B	嘛	CJK UNIFIED IDEOGRAPH-561B	71	html
U+561E	嘞	CJK UNIFIED IDEOGRAPH-561E	6	html
U+561F	嘟	CJK UNIFIED IDEOGRAPH-561F	5	html
U+5623	嘣	CJK UNIFIED IDEOGRAPH-5623	1	html
U+562D	嘭	CJK UNIFIED IDEOGRAPH-562D	1	html
U+5631	嘱	CJK UNIFIED IDEOGRAPH-5631	4	html
U+5632	嘲	CJK UNIFIED IDEOGRAPH-5632	10	html
U+5634	嘴	CJK UNIFIED IDEOGRAPH-5634	201	html
U+5636	嘶	CJK UNIFIED IDEOGRAPH-5636	7	html
U+563B	嘻	CJK UNIFIED IDEOGRAPH-563B	191	html,js,json
U+563F	嘿	CJK UNIFIED IDEOGRAPH-563F	149	html,json
U+5657	噗	CJK UNIFIED IDEOGRAPH-5657	2	html
U+565C	噜	CJK UNIFIED IDEOGRAPH-565C	8	html
U+5662	噢	CJK UNIFIED IDEOGRAPH-5662	29	html
U+5668	器	CJK UNIFIED IDEOGRAPH-5668	98	html
U+5669	噩	CJK UNIFIED IDEOGRAPH-5669	7	html
U+566A	噪	CJK UNIFIED IDEOGRAPH-566A	24	html
U+566C	噬	CJK UNIFIED IDEOGRAPH-566C	15	html
U+567C	噼	CJK UNIFIED IDEOGRAPH-567C	1	html
U+568E	嚎	CJK UNIFIED IDEOGRAPH-568E	9	html
U+568F	嚏	CJK UNIFIED IDEOGRAPH-568F	12	html
U+5693	嚓	CJK UNIFIED IDEOGRAPH-5693	2	html
U+56A3	嚣	CJK UNIFIED IDEOGRAPH-56A3	12	html
U+56AF	嚯	CJK UNIFIED IDEOGRAPH-56AF	20	html
U+56B7	嚷	CJK UNIFIED IDEOGRAPH-56B7	4	html
U+56BC	嚼	CJK UNIFIED IDEOGRAPH-56BC	3	html
U+56CA	囊	CJK UNIFIED IDEOGRAPH-56CA	10	html
U+56D4	囔	CJK UNIFIED IDEOGRAPH-56D4	1	html
U+56DA	囚	CJK UNIFIED IDEOGRAPH-56DA	3	html
U+56DB	四	CJK UNIFIED IDEOGRAPH-56DB	366	html,json
U+56DE	回	CJK UNIFIED IDEOGRAPH-56DE	823	html,js,json
U+56E0	因	CJK UNIFIED IDEOGRAPH-56E0	407	html,html-attr,json
U+56E2	团	CJK UNIFIED IDEOGRAPH-56E2	127	html
U+56ED	园	CJK UNIFIED IDEOGRAPH-56ED	40	html,json
U+56F0	困	CJK UNIFIED IDEOGRAPH-56F0	79	html,json
U+56F1	囱	CJK UNIFIED IDEOGRAPH-56F1	4	html
U+56F4	围	CJK UNIFIED IDEOGRAPH-56F4	168	html,html-attr,json
U+56FA	固	CJK UNIFIED IDEOGRAPH-56FA	62	html
U+56FD	国	CJK UNIFIED IDEOGRAPH-56FD	177	html
U+56FE	图	CJK UNIFIED IDEOGRAPH-56FE	122	html,html-attr
U+5706	圆	CJK UNIFIED IDEOGRAPH-5706	64	html,json
U+5708	圈	CJK UNIFIED IDEOGRAPH-5708	91	html
U+571F	土	CJK UNIFIED IDEOGRAPH-571F	150	html
U+5723	圣	CJK UNIFIED IDEOGRAPH-5723	42	html
U+5728	在	CJK UNIFIED IDEOGRAPH-5728	4779	html,html-attr,js,json
U+5730	地	CJK UNIFIED IDEOGRAPH-5730	2165	html,js,json
U+573A	场	CJK UNIFIED IDEOGRAPH-573A	163	html
U+573E	圾	CJK UNIFIED IDEOGRAPH-573E	7	html
U+5747	均	CJK UNIFIED IDEOGRAPH-5747	21	html
U+574A	坊	CJK UNIFIED IDEOGRAPH-574A	2	html
U+574D	坍	CJK UNIFIED IDEOGRAPH-574D	4	html
U+574E	坎	CJK UNIFIED IDEOGRAPH-574E	51	html,json
U+574F	坏	CJK UNIFIED IDEOGRAPH-574F	117	html,json
U+5750	坐	CJK UNIFIED IDEOGRAPH-5750	242	html,json
U+5751	坑	CJK UNIFIED IDEOGRAPH-5751	45	html,json
U+5757	块	CJK UNIFIED IDEOGRAPH-5757	162	html,json
U+575A	坚	CJK UNIFIED IDEOGRAPH-575A	61	html,json
U+575B	坛	CJK UNIFIED IDEOGRAPH-575B	6	html
U+575F	坟	CJK UNIFIED IDEOGRAPH-575F	3	html
U+5760	坠	CJK UNIFIED IDEOGRAPH-5760	39	html,json
U+5761	坡	CJK UNIFIED IDEOGRAPH-5761	18	html
U+5766	坦	CJK UNIFIED IDEOGRAPH-5766	51	html
U+5768	坨	CJK UNIFIED IDEOGRAPH-5768	1	html
U+576A	坪	CJK UNIFIED IDEOGRAPH-576A	24	html
U+5777	坷	CJK UNIFIED IDEOGRAPH-5777	2	html
U+5782	垂	CJK UNIFIED IDEOGRAPH-5782	38	html
U+5783	垃	CJK UNIFIED IDEOGRAPH-5783	7	html
U+5784	垄	CJK UNIFIED IDEOGRAPH-5784	1	html
U+578B	型	CJK UNIFIED IDEOGRAPH-578B	65	html
U+5792	垒	CJK UNIFIED IDEOGRAPH-5792	1	html
U+57A0	垠	CJK UNIFIED IDEOGRAPH-57A0	32	html,json
U+57A2	垢	CJK UNIFIED IDEOGRAPH-57A2	1	html
U+57A3	垣	CJK UNIFIED IDEOGRAPH-57A3	4	html
U+57A6	垦	CJK UNIFIED IDEOGRAPH-57A6	1	html
U+57AB	垫	CJK UNIFIED IDEOGRAPH-57AB	14	html
U+57AE	垮	CJK UNIFIED IDEOGRAPH-57AE	2	html
U+57C3	埃	CJK UNIFIED IDEOGRAPH-57C3	7	html
U+57CB	埋	CJK UNIFIED IDEOGRAPH-57CB	35	html,html-attr,json
U+57CE	城	CJK UNIFIED IDEOGRAPH-57CE	146	html,json
U+57DF	域	CJK UNIFIED IDEOGRAPH-57DF	18	html
U+57F9	培	CJK UNIFIED IDEOGRAPH-57F9	3	html
U+57FA	基	CJK UNIFIED IDEOGRAPH-57FA	46	html
U+5802	堂	CJK UNIFIED IDEOGRAPH-5802	37	html
U+5806	堆	CJK UNIFIED IDEOGRAPH-5806	42	html,html-attr
U+5807	堇	CJK UNIFIED IDEOGRAPH-5807	2	html
U+5815	堕	CJK UNIFIED IDEOGRAPH-5815	3	html
U+5821	堡	CJK UNIFIED IDEOGRAPH-5821	22	html,json
U+5824	堤	CJK UNIFIED IDEOGRAPH-5824	1	html
U+582A	堪	CJK UNIFIED IDEOGRAPH-582A	12	html
U+5835	堵	CJK UNIFIED IDEOGRAPH-5835	10	html
U+584C	塌	CJK UNIFIED IDEOGRAPH-584C	18	html
U+5851	塑	CJK UNIFIED IDEOGRAPH-5851	14	html
U+5854	塔	CJK UNIFIED IDEOGRAPH-5854	71	html
U+5858	塘	CJK UNIFIED IDEOGRAPH-5858	4	html
U+585E	塞	CJK UNIFIED IDEOGRAPH-585E	142	html,html-attr,json
U+586B	填	CJK UNIFIED IDEOGRAPH-586B	25	html,json
U+5883	境	CJK UNIFIED IDEOGRAPH-5883	82	html,html-attr,json
U+5893	墓	CJK UNIFIED IDEOGRAPH-5893	13	html
U+5899	墙	CJK UNIFIED IDEOGRAPH-5899	115	html
U+589E	增	CJK UNIFIED IDEOGRAPH-589E	28	html
U+589F	墟	CJK UNIFIED IDEOGRAPH-589F	16	html,json
U+58A8	墨	CJK UNIFIED IDEOGRAPH-58A8	43	html
U+58C1	壁	CJK UNIFIED IDEOGRAPH-58C1	97	html
U+58D5	壕	CJK UNIFIED IDEOGRAPH-58D5	18	html
U+58E4	壤	CJK UNIFIED IDEOGRAPH-58E4	10	html
U+58EB	士	CJK UNIFIED IDEOGRAPH-58EB	74	html
U+58EE	壮	CJK UNIFIED IDEOGRAPH-58EE	22	html
U+58F0	声	CJK UNIFIED IDEOGRAPH-58F0	825	html,json
U+58F3	壳	CJK UNIFIED IDEOGRAPH-58F3	29	html
U+58F6	壶	CJK UNIFIED IDEOGRAPH-58F6	8	html
U+5904	处	CJK UNIFIED IDEOGRAPH-5904	542	html,json
U+5907	备	CJK UNIFIED IDEOGRAPH-5907	175	html,js,json
U+590D	复	CJK UNIFIED IDEOGRAPH-590D	162	html,json
U+590F	夏	CJK UNIFIED IDEOGRAPH-590F	85	html,html-attr,json
U+5915	夕	CJK UNIFIED IDEOGRAPH-5915	63	html
U+5916	外	CJK UNIFIED IDEOGRAPH-5916	389	html,js,json
U+591A	多	CJK UNIFIED IDEOGRAPH-591A	1136	html,html-attr,json
U+591C	夜	CJK UNIFIED IDEOGRAPH-591C	423	html,js,json
U+591F	够	CJK UNIFIED IDEOGRAPH-591F	195	html,json
U+5927	大	CJK UNIFIED IDEOGRAPH-5927	1638	html,js,json
U+5929	天	CJK UNIFIED IDEOGRAPH-5929	1582	html,html-attr,js,json
U+592A	太	CJK UNIFIED IDEOGRAPH-592A	647	html,json
U+592B	夫	CJK UNIFIED IDEOGRAPH-592B	25	html
U+592E	央	CJK UNIFIED IDEOGRAPH-592E	23	html
U+5931	失	CJK UNIFIED IDEOGRAPH-5931	313	html,js,json
U+5934	头	CJK UNIFIED IDEOGRAPH-5934	773	html,html-attr,json
U+5937	夷	CJK UNIFIED IDEOGRAPH-5937	4	html
U+5938	夸	CJK UNIFIED IDEOGRAPH-5938	10	html
U+5939	夹	CJK UNIFIED IDEOGRAPH-5939	78	html
U+593A	夺	CJK UNIFIED IDEOGRAPH-593A	13	html
U+5944	奄	CJK UNIFIED IDEOGRAPH-5944	2	html
U+5947	奇	CJK UNIFIED IDEOGRAPH-5947	326	html
U+5948	奈	CJK UNIFIED IDEOGRAPH-5948	10	html
U+5949	奉	CJK UNIFIED IDEOGRAPH-5949	6	html
U+594B	奋	CJK UNIFIED IDEOGRAPH-594B	38	html,json
U+594E	奎	CJK UNIFIED IDEOGRAPH-594E	2	html
U+594F	奏	CJK UNIFIED IDEOGRAPH-594F	23	html,json
U+5951	契	CJK UNIFIED IDEOGRAPH-5951	24	html
U+5954	奔	CJK UNIFIED IDEOGRAPH-5954	64	html,json
U+5956	奖	CJK UNIFIED IDEOGRAPH-5956	17	html
U+5957	套	CJK UNIFIED IDEOGRAPH-5957	56	html,js
U+5962	奢	CJK UNIFIED IDEOGRAPH-5962	6	html
U+5965	奥	CJK UNIFIED IDEOGRAPH-5965	52	html
U+5973	女	CJK UNIFIED IDEOGRAPH-5973	308	html,js,json
U+5974	奴	CJK UNIFIED IDEOGRAPH-5974	16	html
U+5976	奶	CJK UNIFIED IDEOGRAPH-5976	114	html,json
U+5978	奸	CJK UNIFIED IDEOGRAPH-5978	1	html
U+5979	她	CJK UNIFIED IDEOGRAPH-5979	2441	html,html-attr,json
U+597D	好	CJK UNIFIED IDEOGRAPH-597D	2502	html,html-attr,js,json
U+5982	如	CJK UNIFIED IDEOGRAPH-5982	1020	html,json
U+5984	妄	CJK UNIFIED IDEOGRAPH-5984	4	html,json
U+5986	妆	CJK UNIFIED IDEOGRAPH-5986	11	html
U+5987	妇	CJK UNIFIED IDEOGRAPH-5987	7	html
U+5988	妈	CJK UNIFIED IDEOGRAPH-5988	150	html,json
U+5992	妒	CJK UNIFIED IDEOGRAPH-5992	2	html
U+5996	妖	CJK UNIFIED IDEOGRAPH-5996	65	html,json
U+5999	妙	CJK UNIFIED IDEOGRAPH-5999	59	html,json
U+59A5	妥	CJK UNIFIED IDEOGRAPH-59A5	4	html
U+59A8	妨	CJK UNIFIED IDEOGRAPH-59A8	12	html
U+59B9	妹	CJK UNIFIED IDEOGRAPH-59B9	71	html
U+59BB	妻	CJK UNIFIED IDEOGRAPH-59BB	4	html
U+59BE	妾	CJK UNIFIED IDEOGRAPH-59BE	4	html
U+59C3	姃	CJK UNIFIED IDEOGRAPH-59C3	1	html
U+59C6	姆	CJK UNIFIED IDEOGRAPH-59C6	21	html
U+59CB	始	CJK UNIFIED IDEOGRAPH-59CB	379	html,json
U+59D0	姐	CJK UNIFIED IDEOGRAPH-59D0	541	html
U+59D1	姑	CJK UNIFIED IDEOGRAPH-59D1	103	html,html-attr,json
U+59D3	姓	CJK UNIFIED IDEOGRAPH-59D3	4	html
U+59D4	委	CJK UNIFIED IDEOGRAPH-59D4	12	html
U+59E8	姨	CJK UNIFIED IDEOGRAPH-59E8	10	html
U+59FF	姿	CJK UNIFIED IDEOGRAPH-59FF	7	html
U+5A01	威	CJK UNIFIED IDEOGRAPH-5A01	29	html
U+5A03	娃	CJK UNIFIED IDEOGRAPH-5A03	22	html
U+5A05	娅	CJK UNIFIED IDEOGRAPH-5A05	75	html,html-attr,json
U+5A07	娇	CJK UNIFIED IDEOGRAPH-5A07	5	html
U+5A11	娑	CJK UNIFIED IDEOGRAPH-5A11	1	html
U+5A18	娘	CJK UNIFIED IDEOGRAPH-5A18	142	html,html-attr,json
U+5A1C	娜	CJK UNIFIED IDEOGRAPH-5A1C	130	html,html-attr,json
U+5A31	娱	CJK UNIFIED IDEOGRAPH-5A31	3	html
U+5A36	娶	CJK UNIFIED IDEOGRAPH-5A36	1	html
U+5A40	婀	CJK UNIFIED IDEOGRAPH-5A40	1	html
U+5A46	婆	CJK UNIFIED IDEOGRAPH-5A46	60	html
U+5A5A	婚	CJK UNIFIED IDEOGRAPH-5A5A	17	html
U+5A6A	婪	CJK UNIFIED IDEOGRAPH-5A6A	6	html
U+5A74	婴	CJK UNIFIED IDEOGRAPH-5A74	6	html
U+5A92	媒	CJK UNIFIED IDEOGRAPH-5A92	2	html
U+5A9A	媚	CJK UNIFIED IDEOGRAPH-5A9A	14	html
U+5AC1	嫁	CJK UNIFIED IDEOGRAPH-5AC1	5	html
U+5AC9	嫉	CJK UNIFIED IDEOGRAPH-5AC9	2	html
U+5ACC	嫌	CJK UNIFIED IDEOGRAPH-5ACC	6	html
U+5AE9	嫩	CJK UNIFIED IDEOGRAPH-5AE9	8	html
U+5B09	嬉	CJK UNIFIED IDEOGRAPH-5B09	4	html
U+5B50	子	CJK UNIFIED IDEOGRAPH-5B50	1983	html,json
U+5B51	孑	CJK UNIFIED IDEOGRAPH-5B51	1	html
U+5B54	孔	CJK UNIFIED IDEOGRAPH-5B54	40	html
U+5B55	孕	CJK UNIFIED IDEOGRAPH-5B55	1	html
U+5B57	字	CJK UNIFIED IDEOGRAPH-5B57	454	html,js,json
U+5B58	存	CJK UNIFIED IDEOGRAPH-5B58	166	html,json
U+5B59	孙	CJK UNIFIED IDEOGRAPH-5B59	3	html
U+5B5F	孟	CJK UNIFIED IDEOGRAPH-5B5F	7	html
U+5B63	季	CJK UNIFIED IDEOGRAPH-5B63	49	html
U+5B64	孤	CJK UNIFIED IDEOGRAPH-5B64	67	html,json
U+5B66	学	CJK UNIFIED IDEOGRAPH-5B66	297	html,js,json
U+5B69	孩	CJK UNIFIED IDEOGRAPH-5B69	207	html,json
U+5B75	孵	CJK UNIFIED IDEOGRAPH-5B75	1	html
U+5B7A	孺	CJK UNIFIED IDEOGRAPH-5B7A	1	html
U+5B81	宁	CJK UNIFIED IDEOGRAPH-5B81	64	html,json
U+5B83	它	CJK UNIFIED IDEOGRAPH-5B83	531	html,html-attr,json
U+5B85	宅	CJK UNIFIED IDEOGRAPH-5B85	4	html,json
U+5B87	宇	CJK UNIFIED IDEOGRAPH-5B87	38	html,json
U+5B88	守	CJK UNIFIED IDEOGRAPH-5B88	81	html,json
U+5B89	安	CJK UNIFIED IDEOGRAPH-5B89	247	html,json
U+5B8B	宋	CJK UNIFIED IDEOGRAPH-5B8B	2	html
U+5B8C	完	CJK UNIFIED IDEOGRAPH-5B8C	361	html,json
U+5B8F	宏	CJK UNIFIED IDEOGRAPH-5B8F	3	html
U+5B97	宗	CJK UNIFIED IDEOGRAPH-5B97	5	html
U+5B98	官	CJK UNIFIED IDEOGRAPH-5B98	35	html
U+5B99	宙	CJK UNIFIED IDEOGRAPH-5B99	32	html
U+5B9A	定	CJK UNIFIED IDEOGRAPH-5B9A	637	html,json
U+5B9B	宛	CJK UNIFIED IDEOGRAPH-5B9B	6	html
U+5B9C	宜	CJK UNIFIED IDEOGRAPH-5B9C	14	html
U+5B9D	宝	CJK UNIFIED IDEOGRAPH-5B9D	68	html
U+5B9E	实	CJK UNIFIED IDEOGRAPH-5B9E	564	html,js,json
U+5BA1	审	CJK UNIFIED IDEOGRAPH-5BA1	16	html,json
U+5BA2	客	CJK UNIFIED IDEOGRAPH-5BA2	87	html
U+5BA3	宣	CJK UNIFIED IDEOGRAPH-5BA3	38	html
U+5BA4	室	CJK UNIFIED IDEOGRAPH-5BA4	103	html,json
U+5BAB	宫	CJK UNIFIED IDEOGRAPH-5BAB	51	html,json
U+5BAE	宮	CJK UNIFIED IDEOGRAPH-5BAE	1	html
U+5BB0	宰	CJK UNIFIED IDEOGRAPH-5BB0	1	html
U+5BB3	害	CJK UNIFIED IDEOGRAPH-5BB3	142	html,json
U+5BB4	宴	CJK UNIFIED IDEOGRAPH-5BB4	9	html
U+5BB5	宵	CJK UNIFIED IDEOGRAPH-5BB5	8	html
U+5BB6	家	CJK UNIFIED IDEOGRAPH-5BB6	523	html,json
U+5BB9	容	CJK UNIFIED IDEOGRAPH-5BB9	135	html,js
U+5BBD	宽	CJK UNIFIED IDEOGRAPH-5BBD	45	html
U+5BBE	宾	CJK UNIFIED IDEOGRAPH-5BBE	1	html
U+5BBF	宿	CJK UNIFIED IDEOGRAPH-5BBF	12	html,html-attr,json
U+5BC2	寂	CJK UNIFIED IDEOGRAPH-5BC2	36	html
U+5BC4	寄	CJK UNIFIED IDEOGRAPH-5BC4	3	html
U+5BC6	密	CJK UNIFIED IDEOGRAPH-5BC6	116	html
U+5BC7	寇	CJK UNIFIED IDEOGRAPH-5BC7	1	html
U+5BCC	富	CJK UNIFIED IDEOGRAPH-5BCC	23	html
U+5BD0	寐	CJK UNIFIED IDEOGRAPH-5BD0	3	html
U+5BD2	寒	CJK UNIFIED IDEOGRAPH-5BD2	59	html,json
U+5BD3	寓	CJK UNIFIED IDEOGRAPH-5BD3	12	html,json
U+5BDE	寞	CJK UNIFIED IDEOGRAPH-5BDE	9	html
U+5BDF	察	CJK UNIFIED IDEOGRAPH-5BDF	73	html
U+5BE1	寡	CJK UNIFIED IDEOGRAPH-5BE1	3	html
U+5BE5	寥	CJK UNIFIED IDEOGRAPH-5BE5	4	html
U+5BF8	寸	CJK UNIFIED IDEOGRAPH-5BF8	22	html
U+5BF9	对	CJK UNIFIED IDEOGRAPH-5BF9	935	html,html-attr,json
U+5BFA	寺	CJK UNIFIED IDEOGRAPH-5BFA	6	html
U+5BFB	寻	CJK UNIFIED IDEOGRAPH-5BFB	132	html,html-attr,json
U+5BFC	导	CJK UNIFIED IDEOGRAPH-5BFC	67	html,html-attr,js,json
U+5BFF	寿	CJK UNIFIED IDEOGRAPH-5BFF	5	html
U+5C01	封	CJK UNIFIED IDEOGRAPH-5C01	66	html
U+5C04	射	CJK UNIFIED IDEOGRAPH-5C04	166	html,js
U+5C06	将	CJK UNIFIED IDEOGRAPH-5C06	205	html,js,json
U+5C09	尉	CJK UNIFIED IDEOGRAPH-5C09	4	html
U+5C0A	尊	CJK UNIFIED IDEOGRAPH-5C0A	23	html
U+5C0F	小	CJK UNIFIED IDEOGRAPH-5C0F	2685	html,html-attr,json
U+5C11	少	CJK UNIFIED IDEOGRAPH-5C11	604	html,json
U+5C13	尓	CJK UNIFIED IDEOGRAPH-5C13	1	html
U+5C14	尔	CJK UNIFIED IDEOGRAPH-5C14	69	html,json
U+5C16	尖	CJK UNIFIED IDEOGRAPH-5C16	75	html
U+5C18	尘	CJK UNIFIED IDEOGRAPH-5C18	102	html,html-attr
U+5C1A	尚	CJK UNIFIED IDEOGRAPH-5C1A	33	html
U+5C1C	尜	CJK UNIFIED IDEOGRAPH-5C1C	1	html
U+5C1D	尝	CJK UNIFIED IDEOGRAPH-5C1D	65	html
U+5C24	尤	CJK UNIFIED IDEOGRAPH-5C24	4	html
U+5C2C	尬	CJK UNIFIED IDEOGRAPH-5C2C	19	html
U+5C31	就	CJK UNIFIED IDEOGRAPH-5C31	2317	html,html-attr,js,json
U+5C34	尴	CJK UNIFIED IDEOGRAPH-5C34	19	html
U+5C38	尸	CJK UNIFIED IDEOGRAPH-5C38	30	html
U+5C3A	尺	CJK UNIFIED IDEOGRAPH-5C3A	9	html
U+5C3C	尼	CJK UNIFIED IDEOGRAPH-5C3C	15	html,json
U+5C3D	尽	CJK UNIFIED IDEOGRAPH-5C3D	212	html,json
U+5C3E	尾	CJK UNIFIED IDEOGRAPH-5C3E	80	html,json
U+5C40	局	CJK UNIFIED IDEOGRAPH-5C40	70	html,json
U+5C42	层	CJK UNIFIED IDEOGRAPH-5C42	137	html,json
U+5C45	居	CJK UNIFIED IDEOGRAPH-5C45	101	html,json
U+5C48	屈	CJK UNIFIED IDEOGRAPH-5C48	4	html
U+5C49	屉	CJK UNIFIED IDEOGRAPH-5C49	1	html
U+5C4A	届	CJK UNIFIED IDEOGRAPH-5C4A	3	html
U+5C4B	屋	CJK UNIFIED IDEOGRAPH-5C4B	107	html
U+5C4F	屏	CJK UNIFIED IDEOGRAPH-5C4F	40	html
U+5C51	屑	CJK UNIFIED IDEOGRAPH-5C51	8	html
U+5C55	展	CJK UNIFIED IDEOGRAPH-5C55	59	html
U+5C5E	属	CJK UNIFIED IDEOGRAPH-5C5E	186	html,js,json
U+5C60	屠	CJK UNIFIED IDEOGRAPH-5C60	9	html
U+5C61	屡	CJK UNIFIED IDEOGRAPH-5C61	3	html
U+5C65	履	CJK UNIFIED IDEOGRAPH-5C65	7	html
U+5C71	山	CJK UNIFIED IDEOGRAPH-5C71	366	html,json
U+5C79	屹	CJK UNIFIED IDEOGRAPH-5C79	7	html
U+5C7F	屿	CJK UNIFIED IDEOGRAPH-5C7F	3	html
U+5C81	岁	CJK UNIFIED IDEOGRAPH-5C81	41	html,json
U+5C82	岂	CJK UNIFIED IDEOGRAPH-5C82	5	html
U+5C8C	岌	CJK UNIFIED IDEOGRAPH-5C8C	4	html
U+5C96	岖	CJK UNIFIED IDEOGRAPH-5C96	2	html
U+5C97	岗	CJK UNIFIED IDEOGRAPH-5C97	3	html
U+5C9B	岛	CJK UNIFIED IDEOGRAPH-5C9B	53	html,json
U+5CA9	岩	CJK UNIFIED IDEOGRAPH-5CA9	59	html,json
U+5CAD	岭	CJK UNIFIED IDEOGRAPH-5CAD	2	html
U+5CB1	岱	CJK UNIFIED IDEOGRAPH-5CB1	1	html
U+5CB8	岸	CJK UNIFIED IDEOGRAPH-5CB8	142	html,json
U+5CD9	峙	CJK UNIFIED IDEOGRAPH-5CD9	2	html
U+5CE1	峡	CJK UNIFIED IDEOGRAPH-5CE1	11	html
U+5CE6	峦	CJK UNIFIED IDEOGRAPH-5CE6	24	html,json
U+5CED	峭	CJK UNIFIED IDEOGRAPH-5CED	4	html
U+5CF0	峰	CJK UNIFIED IDEOGRAPH-5CF0	23	html
U+5CFB	峻	CJK UNIFIED IDEOGRAPH-5CFB	3	html
U+5D07	崇	CJK UNIFIED IDEOGRAPH-5D07	3	html
U+5D0E	崎	CJK UNIFIED IDEOGRAPH-5D0E	2	html
U+5D16	崖	CJK UNIFIED IDEOGRAPH-5D16	13	html
U+5D1B	崛	CJK UNIFIED IDEOGRAPH-5D1B	1	html
U+5D29	崩	CJK UNIFIED IDEOGRAPH-5D29	14	html
U+5D2D	崭	CJK UNIFIED IDEOGRAPH-5D2D	6	html
U+5D34	崴	CJK UNIFIED IDEOGRAPH-5D34	1	html
U+5D4C	嵌	CJK UNIFIED IDEOGRAPH-5D4C	141	html
U+5DCD	巍	CJK UNIFIED IDEOGRAPH-5DCD	2	html
U+5DDD	川	CJK UNIFIED IDEOGRAPH-5DDD	10	html
U+5DE1	巡	CJK UNIFIED IDEOGRAPH-5DE1	16	html
U+5DE2	巢	CJK UNIFIED IDEOGRAPH-5DE2	24	html
U+5DE5	工	CJK UNIFIED IDEOGRAPH-5DE5	178	html,json
U+5DE6	左	CJK UNIFIED IDEOGRAPH-5DE6	58	html,js
U+5DE7	巧	CJK UNIFIED IDEOGRAPH-5DE7	76	html,json
U+5DE8	巨	CJK UNIFIED IDEOGRAPH-5DE8	147	html
U+5DE9	巩	CJK UNIFIED IDEOGRAPH-5DE9	1	html
U+5DEB	巫	CJK UNIFIED IDEOGRAPH-5DEB	36	html,js,json
U+5DEE	差	CJK UNIFIED IDEOGRAPH-5DEE	148	html
U+5DF1	己	CJK UNIFIED IDEOGRAPH-5DF1	716	html,json
U+5DF2	已	CJK UNIFIED IDEOGRAPH-5DF2	1195	html,json
U+5DF3	巳	CJK UNIFIED IDEOGRAPH-5DF3	1	html
U+5DF4	巴	CJK UNIFIED IDEOGRAPH-5DF4	46	html
U+5DF7	巷	CJK UNIFIED IDEOGRAPH-5DF7	17	html
U+5DFE	巾	CJK UNIFIED IDEOGRAPH-5DFE	9	html
U+5E01	币	CJK UNIFIED IDEOGRAPH-5E01	57	html
U+5E02	市	CJK UNIFIED IDEOGRAPH-5E02	132	html,json
U+5E03	布	CJK UNIFIED IDEOGRAPH-5E03	706	html,js,json
U+5E05	帅	CJK UNIFIED IDEOGRAPH-5E05	7	html
U+5E06	帆	CJK UNIFIED IDEOGRAPH-5E06	22	html
U+5E08	师	CJK UNIFIED IDEOGRAPH-5E08	117	html,json
U+5E0C	希	CJK UNIFIED IDEOGRAPH-5E0C	198	html,json
U+5E10	帐	CJK UNIFIED IDEOGRAPH-5E10	83	html
U+5E15	帕	CJK UNIFIED IDEOGRAPH-5E15	4	html
U+5E18	帘	CJK UNIFIED IDEOGRAPH-5E18	27	html
U+5E1A	帚	CJK UNIFIED IDEOGRAPH-5E1A	3	html,json
U+5E1B	帛	CJK UNIFIED IDEOGRAPH-5E1B	43	html
U+5E1D	帝	CJK UNIFIED IDEOGRAPH-5E1D	27	html,json
U+5E26	带	CJK UNIFIED IDEOGRAPH-5E26	506	html,json
U+5E2D	席	CJK UNIFIED IDEOGRAPH-5E2D	14	html
U+5E2E	帮	CJK UNIFIED IDEOGRAPH-5E2E	143	html,json
U+5E37	帷	CJK UNIFIED IDEOGRAPH-5E37	2	html
U+5E38	常	CJK UNIFIED IDEOGRAPH-5E38	270	html,json
U+5E3D	帽	CJK UNIFIED IDEOGRAPH-5E3D	55	html
U+5E45	幅	CJK UNIFIED IDEOGRAPH-5E45	15	html
U+5E55	幕	CJK UNIFIED IDEOGRAPH-5E55	55	html,json
U+5E72	干	CJK UNIFIED IDEOGRAPH-5E72	226	html,js
U+5E73	平	CJK UNIFIED IDEOGRAPH-5E73	299	html,json
U+5E74	年	CJK UNIFIED IDEOGRAPH-5E74	565	html,json
U+5E76	并	CJK UNIFIED IDEOGRAPH-5E76	227	html,html-attr,json
U+5E78	幸	CJK UNIFIED IDEOGRAPH-5E78	77	html,json
U+5E7B	幻	CJK UNIFIED IDEOGRAPH-5E7B	203	html,html-attr,json
U+5E7C	幼	CJK UNIFIED IDEOGRAPH-5E7C	36	html,json
U+5E7D	幽	CJK UNIFIED IDEOGRAPH-5E7D	22	html,json
U+5E7F	广	CJK UNIFIED IDEOGRAPH-5E7F	56	html,json
U+5E84	庄	CJK UNIFIED IDEOGRAPH-5E84	35	html,json
U+5E86	庆	CJK UNIFIED IDEOGRAPH-5E86	19	html
U+5E87	庇	CJK UNIFIED IDEOGRAPH-5E87	5	html
U+5E8A	床	CJK UNIFIED IDEOGRAPH-5E8A	92	html,json
U+5E8F	序	CJK UNIFIED IDEOGRAPH-5E8F	70	html,json
U+5E93	库	CJK UNIFIED IDEOGRAPH-5E93	26	html,js
U+5E94	应	CJK UNIFIED IDEOGRAPH-5E94	269	html,html-attr,json
U+5E95	底	CJK UNIFIED IDEOGRAPH-5E95	202	html
U+5E97	店	CJK UNIFIED IDEOGRAPH-5E97	114	html
U+5E99	庙	CJK UNIFIED IDEOGRAPH-5E99	1	html
U+5E9C	府	CJK UNIFIED IDEOGRAPH-5E9C	14	html
U+5E9E	庞	CJK UNIFIED IDEOGRAPH-5E9E	25	html
U+5E9F	废	CJK UNIFIED IDEOGRAPH-5E9F	33	html,json
U+5EA6	度	CJK UNIFIED IDEOGRAPH-5EA6	167	html,js,json
U+5EA7	座	CJK UNIFIED IDEOGRAPH-5EA7	186	html
U+5EAD	庭	CJK UNIFIED IDEOGRAPH-5EAD	11	html
U+5EB7	康	CJK UNIFIED IDEOGRAPH-5EB7	13	html,json
U+5EB8	庸	CJK UNIFIED IDEOGRAPH-5EB8	1	html
U+5EC9	廉	CJK UNIFIED IDEOGRAPH-5EC9	13	html
U+5ECA	廊	CJK UNIFIED IDEOGRAPH-5ECA	27	html
U+5ED3	廓	CJK UNIFIED IDEOGRAPH-5ED3	14	html
U+5ED6	廖	CJK UNIFIED IDEOGRAPH-5ED6	1	html
U+5EF6	延	CJK UNIFIED IDEOGRAPH-5EF6	97	html,json
U+5EF7	廷	CJK UNIFIED IDEOGRAPH-5EF7	8	html
U+5EFA	建	CJK UNIFIED IDEOGRAPH-5EFA	81	html,json
U+5EFF	廿	CJK UNIFIED IDEOGRAPH-5EFF	3	html
U+5F00	开	CJK UNIFIED IDEOGRAPH-5F00	1395	html,json
U+5F02	异	CJK UNIFIED IDEOGRAPH-5F02	133	html,json
U+5F03	弃	CJK UNIFIED IDEOGRAPH-5F03	52	html,json
U+5F04	弄	CJK UNIFIED IDEOGRAPH-5F04	69	html
U+5F08	弈	CJK UNIFIED IDEOGRAPH-5F08	1	html
U+5F0A	弊	CJK UNIFIED IDEOGRAPH-5F0A	1	html
U+5F0F	式	CJK UNIFIED IDEOGRAPH-5F0F	82	html
U+5F13	弓	CJK UNIFIED IDEOGRAPH-5F13	4	html
U+5F15	引	CJK UNIFIED IDEOGRAPH-5F15	129	html,js
U+5F17	弗	CJK UNIFIED IDEOGRAPH-5F17	2	html
U+5F18	弘	CJK UNIFIED IDEOGRAPH-5F18	1	html
U+5F1F	弟	CJK UNIFIED IDEOGRAPH-5F1F	38	html
U+5F20	张	CJK UNIFIED IDEOGRAPH-5F20	219	html,html-attr,json
U+5F25	弥	CJK UNIFIED IDEOGRAPH-5F25	29	html
U+5F26	弦	CJK UNIFIED IDEOGRAPH-5F26	109	html
U+5F27	弧	CJK UNIFIED IDEOGRAPH-5F27	15	html
U+5F29	弩	CJK UNIFIED IDEOGRAPH-5F29	10	html
U+5F2F	弯	CJK UNIFIED IDEOGRAPH-5F2F	27	html
U+5F31	弱	CJK UNIFIED IDEOGRAPH-5F31	64	html
U+5F39	弹	CJK UNIFIED IDEOGRAPH-5F39	193	html,json
U+5F3A	强	CJK UNIFIED IDEOGRAPH-5F3A	116	html,json
U+5F52	归	CJK UNIFIED IDEOGRAPH-5F52	49	html,json
U+5F53	当	CJK UNIFIED IDEOGRAPH-5F53	446	html,html-attr,js,json
U+5F55	录	CJK UNIFIED IDEOGRAPH-5F55	52	html,js
U+5F57	彗	CJK UNIFIED IDEOGRAPH-5F57	2	html
U+5F62	形	CJK UNIFIED IDEOGRAPH-5F62	278	html,html-attr,json
U+5F69	彩	CJK UNIFIED IDEOGRAPH-5F69	263	html,json
U+5F6C	彬	CJK UNIFIED IDEOGRAPH-5F6C	4	html
U+5F6D	彭	CJK UNIFIED IDEOGRAPH-5F6D	1	html
U+5F71	影	CJK UNIFIED IDEOGRAPH-5F71	217	html,json
U+5F77	彷	CJK UNIFIED IDEOGRAPH-5F77	1	html
U+5F79	役	CJK UNIFIED IDEOGRAPH-5F79	7	html
U+5F7B	彻	CJK UNIFIED IDEOGRAPH-5F7B	50	html
U+5F7C	彼	CJK UNIFIED IDEOGRAPH-5F7C	74	html,json
U+5F80	往	CJK UNIFIED IDEOGRAPH-5F80	336	html,js,json
U+5F81	征	CJK UNIFIED IDEOGRAPH-5F81	33	html
U+5F84	径	CJK UNIFIED IDEOGRAPH-5F84	18	html,js
U+5F85	待	CJK UNIFIED IDEOGRAPH-5F85	145	html
U+5F88	很	CJK UNIFIED IDEOGRAPH-5F88	779	html,json
U+5F8A	徊	CJK UNIFIED IDEOGRAPH-5F8A	8	html
U+5F8B	律	CJK UNIFIED IDEOGRAPH-5F8B	32	html
U+5F90	徐	CJK UNIFIED IDEOGRAPH-5F90	3	html,json
U+5F92	徒	CJK UNIFIED IDEOGRAPH-5F92	22	html
U+5F97	得	CJK UNIFIED IDEOGRAPH-5F97	1373	html,js,json
U+5F98	徘	CJK UNIFIED IDEOGRAPH-5F98	8	html
U+5F99	徙	CJK UNIFIED IDEOGRAPH-5F99	3	html
U+5FA1	御	CJK UNIFIED IDEOGRAPH-5FA1	3	html
U+5FA8	徨	CJK UNIFIED IDEOGRAPH-5FA8	1	html
U+5FAA	循	CJK UNIFIED IDEOGRAPH-5FAA	18	html,json
U+5FAE	微	CJK UNIFIED IDEOGRAPH-5FAE	291	html
U+5FB7	德	CJK UNIFIED IDEOGRAPH-5FB7	20	html
U+5FBD	徽	CJK UNIFIED IDEOGRAPH-5FBD	2	html
U+5FC3	心	CJK UNIFIED IDEOGRAPH-5FC3	948	html,html-attr,js,json
U+5FC5	必	CJK UNIFIED IDEOGRAPH-5FC5	192	html,json
U+5FC6	忆	CJK UNIFIED IDEOGRAPH-5FC6	153	html,json
U+5FCC	忌	CJK UNIFIED IDEOGRAPH-5FCC	6	html
U+5FCD	忍	CJK UNIFIED IDEOGRAPH-5FCD	43	html,json
U+5FCF	忏	CJK UNIFIED IDEOGRAPH-5FCF	3	html,json
U+5FD0	忐	CJK UNIFIED IDEOGRAPH-5FD0	1	html
U+5FD1	忑	CJK UNIFIED IDEOGRAPH-5FD1	1	html
U+5FD7	志	CJK UNIFIED IDEOGRAPH-5FD7	26	html
U+5FD8	忘	CJK UNIFIED IDEOGRAPH-5FD8	147	html,js
U+5FD9	忙	CJK UNIFIED IDEOGRAPH-5FD9	95	html,json
U+5FE0	忠	CJK UNIFIED IDEOGRAPH-5FE0	9	html
U+5FE7	忧	CJK UNIFIED IDEOGRAPH-5FE7	41	html
U+5FEB	快	CJK UNIFIED IDEOGRAPH-5FEB	413	html,json
U+5FF5	念	CJK UNIFIED IDEOGRAPH-5FF5	120	html,json
U+5FFD	忽	CJK UNIFIED IDEOGRAPH-5FFD	35	html
U+6000	怀	CJK UNIFIED IDEOGRAPH-6000	90	html,json
U+6001	态	CJK UNIFIED IDEOGRAPH-6001	50	html,js
U+6002	怂	CJK UNIFIED IDEOGRAPH-6002	2	html
U+600E	怎	CJK UNIFIED IDEOGRAPH-600E	442	html,json
U+600F	怏	CJK UNIFIED IDEOGRAPH-600F	2	html
U+6012	怒	CJK UNIFIED IDEOGRAPH-6012	39	html
U+6015	怕	CJK UNIFIED IDEOGRAPH-6015	410	html,json
U+6016	怖	CJK UNIFIED IDEOGRAPH-6016	24	html,json
U+601C	怜	CJK UNIFIED IDEOGRAPH-601C	40	html
U+601D	思	CJK UNIFIED IDEOGRAPH-601D	239	html,json
U+6020	怠	CJK UNIFIED IDEOGRAPH-6020	2	html
U+6021	怡	CJK UNIFIED IDEOGRAPH-6021	8	html
U+6025	急	CJK UNIFIED IDEOGRAPH-6025	70	html
U+6026	怦	CJK UNIFIED IDEOGRAPH-6026	4	html
U+6027	性	CJK UNIFIED IDEOGRAPH-6027	83	html,js
U+6028	怨	CJK UNIFIED IDEOGRAPH-6028	37	html,json
U+602A	怪	CJK UNIFIED IDEOGRAPH-602A	308	html
U+602F	怯	CJK UNIFIED IDEOGRAPH-602F	15	html
U+603B	总	CJK UNIFIED IDEOGRAPH-603B	564	html,js,json
U+604B	恋	CJK UNIFIED IDEOGRAPH-604B	15	html
U+604D	恍	CJK UNIFIED IDEOGRAPH-604D	3	html
U+6050	恐	CJK UNIFIED IDEOGRAPH-6050	138	html,json
U+6052	恒	CJK UNIFIED IDEOGRAPH-6052	72	html,html-attr
U+6055	恕	CJK UNIFIED IDEOGRAPH-6055	9	html
U+6059	恙	CJK UNIFIED IDEOGRAPH-6059	1	html
U+6060	恠	CJK UNIFIED IDEOGRAPH-6060	1	html
U+6062	恢	CJK UNIFIED IDEOGRAPH-6062	28	html
U+6064	恤	CJK UNIFIED IDEOGRAPH-6064	3	html
U+6068	恨	CJK UNIFIED IDEOGRAPH-6068	20	html
U+6069	恩	CJK UNIFIED IDEOGRAPH-6069	20	html
U+606C	恬	CJK UNIFIED IDEOGRAPH-606C	2	html
U+606D	恭	CJK UNIFIED IDEOGRAPH-606D	12	html,json
U+606F	息	CJK UNIFIED IDEOGRAPH-606F	202	html,json
U+6070	恰	CJK UNIFIED IDEOGRAPH-6070	20	html
U+6073	恳	CJK UNIFIED IDEOGRAPH-6073	4	html
U+6076	恶	CJK UNIFIED IDEOGRAPH-6076	68	html,json
U+607C	恼	CJK UNIFIED IDEOGRAPH-607C	16	html
U+607F	恿	CJK UNIFIED IDEOGRAPH-607F	2	html
U+6084	悄	CJK UNIFIED IDEOGRAPH-6084	126	html,json
U+6089	悉	CJK UNIFIED IDEOGRAPH-6089	68	html
U+608D	悍	CJK UNIFIED IDEOGRAPH-608D	1	html
U+6094	悔	CJK UNIFIED IDEOGRAPH-6094	19	html,json
U+6096	悖	CJK UNIFIED IDEOGRAPH-6096	2	html
U+609F	悟	CJK UNIFIED IDEOGRAPH-609F	4	html
U+60A0	悠	CJK UNIFIED IDEOGRAPH-60A0	127	html
U+60A3	患	CJK UNIFIED IDEOGRAPH-60A3	12	html
U+60A6	悦	CJK UNIFIED IDEOGRAPH-60A6	12	html,json
U+60A8	您	CJK UNIFIED IDEOGRAPH-60A8	311	html
U+60AC	悬	CJK UNIFIED IDEOGRAPH-60AC	73	html,json
U+60AF	悯	CJK UNIFIED IDEOGRAPH-60AF	4	html
U+60B2	悲	CJK UNIFIED IDEOGRAPH-60B2	42	html,json
U+60B4	悴	CJK UNIFIED IDEOGRAPH-60B4	1	html
U+60B8	悸	CJK UNIFIED IDEOGRAPH-60B8	2	html
U+60C5	情	CJK UNIFIED IDEOGRAPH-60C5	486	html,json
U+60CA	惊	CJK UNIFIED IDEOGRAPH-60CA	116	html
U+60CB	惋	CJK UNIFIED IDEOGRAPH-60CB	3	html
U+60D1	惑	CJK UNIFIED IDEOGRAPH-60D1	48	html
U+60D5	惕	CJK UNIFIED IDEOGRAPH-60D5	3	html
U+60DA	惚	CJK UNIFIED IDEOGRAPH-60DA	1	html
U+60DC	惜	CJK UNIFIED IDEOGRAPH-60DC	118	html
U+60DF	惟	CJK UNIFIED IDEOGRAPH-60DF	1	html
U+60E0	惠	CJK UNIFIED IDEOGRAPH-60E0	3	html
U+60E6	惦	CJK UNIFIED IDEOGRAPH-60E6	1	html
U+60E7	惧	CJK UNIFIED IDEOGRAPH-60E7	45	html
U+60E8	惨	CJK UNIFIED IDEOGRAPH-60E8	13	html
U+60E9	惩	CJK UNIFIED IDEOGRAPH-60E9	5	html
U+60EB	惫	CJK UNIFIED IDEOGRAPH-60EB	10	html
U+60EC	惬	CJK UNIFIED IDEOGRAPH-60EC	1	html
U+60ED	惭	CJK UNIFIED IDEOGRAPH-60ED	2	html
U+60EE	惮	CJK UNIFIED IDEOGRAPH-60EE	3	html
U+60EF	惯	CJK UNIFIED IDEOGRAPH-60EF	78	html
U+60F3	想	CJK UNIFIED IDEOGRAPH-60F3	1247	html,js,json
U+60F9	惹	CJK UNIFIED IDEOGRAPH-60F9	6	html
U+6101	愁	CJK UNIFIED IDEOGRAPH-6101	26	html
U+6108	愈	CJK UNIFIED IDEOGRAPH-6108	33	html,json
U+6109	愉	CJK UNIFIED IDEOGRAPH-6109	19	html,json
U+610F	意	CJK UNIFIED IDEOGRAPH-610F	596	html,json
U+611A	愚	CJK UNIFIED IDEOGRAPH-611A	21	html
U+611B	愛	CJK UNIFIED IDEOGRAPH-611B	1	html
U+611F	感	CJK UNIFIED IDEOGRAPH-611F	550	html,js,json
U+6123	愣	CJK UNIFIED IDEOGRAPH-6123	4	html
U+6124	愤	CJK UNIFIED IDEOGRAPH-6124	12	html
U+6127	愧	CJK UNIFIED IDEOGRAPH-6127	10	html
U+613F	愿	CJK UNIFIED IDEOGRAPH-613F	148	html
U+6148	慈	CJK UNIFIED IDEOGRAPH-6148	11	html,json
U+614C	慌	CJK UNIFIED IDEOGRAPH-614C	43	html
U+614E	慎	CJK UNIFIED IDEOGRAPH-614E	6	html
U+6155	慕	CJK UNIFIED IDEOGRAPH-6155	16	html
U+6162	慢	CJK UNIFIED IDEOGRAPH-6162	147	html
U+6167	慧	CJK UNIFIED IDEOGRAPH-6167	11	html
U+6168	慨	CJK UNIFIED IDEOGRAPH-6168	5	html
U+6170	慰	CJK UNIFIED IDEOGRAPH-6170	9	html
U+6175	慵	CJK UNIFIED IDEOGRAPH-6175	5	html,json
U+6177	慷	CJK UNIFIED IDEOGRAPH-6177	5	html
U+618B	憋	CJK UNIFIED IDEOGRAPH-618B	2	html
U+618E	憎	CJK UNIFIED IDEOGRAPH-618E	1	html
U+6194	憔	CJK UNIFIED IDEOGRAPH-6194	1	html
U+61A7	憧	CJK UNIFIED IDEOGRAPH-61A7	3	html
U+61AC	憬	CJK UNIFIED IDEOGRAPH-61AC	3	html
U+61B6	憶	CJK UNIFIED IDEOGRAPH-61B6	1	html
U+61BE	憾	CJK UNIFIED IDEOGRAPH-61BE	36	html
U+61C2	懂	CJK UNIFIED IDEOGRAPH-61C2	79	html
U+61C8	懈	CJK UNIFIED IDEOGRAPH-61C8	3	html
U+61CA	懊	CJK UNIFIED IDEOGRAPH-61CA	5	html,json
U+61D2	懒	CJK UNIFIED IDEOGRAPH-61D2	34	html,json
U+61E6	懦	CJK UNIFIED IDEOGRAPH-61E6	7	html
U+61F7	懷	CJK UNIFIED IDEOGRAPH-61F7	1	html
U+61FC	懼	CJK UNIFIED IDEOGRAPH-61FC	1	html
U+6208	戈	CJK UNIFIED IDEOGRAPH-6208	2	html
U+620E	戎	CJK UNIFIED IDEOGRAPH-620E	1	html
U+620F	戏	CJK UNIFIED IDEOGRAPH-620F	36	html
U+6210	成	CJK UNIFIED IDEOGRAPH-6210	597	html,js,json
U+6211	我	CJK UNIFIED IDEOGRAPH-6211	6113	html,html-attr,js,json
U+6212	戒	CJK UNIFIED IDEOGRAPH-6212	10	html
U+6216	或	CJK UNIFIED IDEOGRAPH-6216	549	html,js,json
U+6218	战	CJK UNIFIED IDEOGRAPH-6218	255	html,json
U+621A	戚	CJK UNIFIED IDEOGRAPH-621A	7	html
U+621B	戛	CJK UNIFIED IDEOGRAPH-621B	1	html
U+622A	截	CJK UNIFIED IDEOGRAPH-622A	19	html
U+6233	戳	CJK UNIFIED IDEOGRAPH-6233	16	html,json
U+6234	戴	CJK UNIFIED IDEOGRAPH-6234	43	html
U+6237	户	CJK UNIFIED IDEOGRAPH-6237	40	html
U+623F	房	CJK UNIFIED IDEOGRAPH-623F	250	html
U+6240	所	CJK UNIFIED IDEOGRAPH-6240	582	html,js,json
U+6241	扁	CJK UNIFIED IDEOGRAPH-6241	3	html
U+6247	扇	CJK UNIFIED IDEOGRAPH-6247	48	html
U+624B	手	CJK UNIFIED IDEOGRAPH-624B	372	html,json
U+624D	才	CJK UNIFIED IDEOGRAPH-624D	363	html,json
U+624E	扎	CJK UNIFIED IDEOGRAPH-624E	69	html,json
U+6251	扑	CJK UNIFIED IDEOGRAPH-6251	65	html
U+6252	扒	CJK UNIFIED IDEOGRAPH-6252	1	html
U+6253	打	CJK UNIFIED IDEOGRAPH-6253	607	html
U+6254	扔	CJK UNIFIED IDEOGRAPH-6254	36	html
U+6258	托	CJK UNIFIED IDEOGRAPH-6258	46	html
U+625B	扛	CJK UNIFIED IDEOGRAPH-625B	19	html
U+6263	扣	CJK UNIFIED IDEOGRAPH-6263	12	html
U+6267	执	CJK UNIFIED IDEOGRAPH-6267	28	html
U+6269	扩	CJK UNIFIED IDEOGRAPH-6269	40	html
U+626B	扫	CJK UNIFIED IDEOGRAPH-626B	47	html,json
U+626C	扬	CJK UNIFIED IDEOGRAPH-626C	23	html
U+626D	扭	CJK UNIFIED IDEOGRAPH-626D	32	html
U+626E	扮	CJK UNIFIED IDEOGRAPH-626E	19	html
U+626F	扯	CJK UNIFIED IDEOGRAPH-626F	21	html
U+6270	扰	CJK UNIFIED IDEOGRAPH-6270	42	html
U+6273	扳	CJK UNIFIED IDEOGRAPH-6273	8	html
U+6276	扶	CJK UNIFIED IDEOGRAPH-6276	28	html
U+6279	批	CJK UNIFIED IDEOGRAPH-6279	7	html
U+627C	扼	CJK UNIFIED IDEOGRAPH-627C	2	html
U+627E	找	CJK UNIFIED IDEOGRAPH-627E	409	html,js,json
U+627F	承	CJK UNIFIED IDEOGRAPH-627F	64	html,json
U+6280	技	CJK UNIFIED IDEOGRAPH-6280	32	html
U+6284	抄	CJK UNIFIED IDEOGRAPH-6284	3	html
U+6289	抉	CJK UNIFIED IDEOGRAPH-6289	5	html
U+628A	把	CJK UNIFIED IDEOGRAPH-628A	821	html,json
U+6291	抑	CJK UNIFIED IDEOGRAPH-6291	18	html,json
U+6293	抓	CJK UNIFIED IDEOGRAPH-6293	83	html
U+6295	投	CJK UNIFIED IDEOGRAPH-6295	42	html,json
U+6296	抖	CJK UNIFIED IDEOGRAPH-6296	62	html
U+6297	抗	CJK UNIFIED IDEOGRAPH-6297	26	html
U+6298	折	CJK UNIFIED IDEOGRAPH-6298	58	html
U+629A	抚	CJK UNIFIED IDEOGRAPH-629A	92	html
U+629B	抛	CJK UNIFIED IDEOGRAPH-629B	34	html
U+629D	抝	CJK UNIFIED IDEOGRAPH-629D	5	html
U+62A0	抠	CJK UNIFIED IDEOGRAPH-62A0	1	html
U+62A2	抢	CJK UNIFIED IDEOGRAPH-62A2	28	html
U+62A4	护	CJK UNIFIED IDEOGRAPH-62A4	105	html,json
U+62A5	报	CJK UNIFIED IDEOGRAPH-62A5	64	html
U+62AB	披	CJK UNIFIED IDEOGRAPH-62AB	28	html
U+62AC	抬	CJK UNIFIED IDEOGRAPH-62AC	72	html
U+62B1	抱	CJK UNIFIED IDEOGRAPH-62B1	244	html,json
U+62B5	抵	CJK UNIFIED IDEOGRAPH-62B5	65	html,json
U+62B9	抹	CJK UNIFIED IDEOGRAPH-62B9	53	html,json
U+62BC	押	CJK UNIFIED IDEOGRAPH-62BC	6	html
U+62BD	抽	CJK UNIFIED IDEOGRAPH-62BD	37	html
U+62C2	拂	CJK UNIFIED IDEOGRAPH-62C2	33	html
U+62C5	担	CJK UNIFIED IDEOGRAPH-62C5	162	html,json
U+62C6	拆	CJK UNIFIED IDEOGRAPH-62C6	17	html
U+62C9	拉	CJK UNIFIED IDEOGRAPH-62C9	323	html,html-attr,json
U+62CC	拌	CJK UNIFIED IDEOGRAPH-62CC	4	html
U+62CD	拍	CJK UNIFIED IDEOGRAPH-62CD	143	html
U+62D0	拐	CJK UNIFIED IDEOGRAPH-62D0	24	html
U+62D2	拒	CJK UNIFIED IDEOGRAPH-62D2	16	html
U+62D3	拓	CJK UNIFIED IDEOGRAPH-62D3	3	html
U+62D4	拔	CJK UNIFIED IDEOGRAPH-62D4	21	html
U+62D6	拖	CJK UNIFIED IDEOGRAPH-62D6	29	html
U+62D7	拗	CJK UNIFIED IDEOGRAPH-62D7	1	html
U+62D8	拘	CJK UNIFIED IDEOGRAPH-62D8	3	html
U+62D9	拙	CJK UNIFIED IDEOGRAPH-62D9	3	html
U+62DB	招	CJK UNIFIED IDEOGRAPH-62DB	42	html
U+62DC	拜	CJK UNIFIED IDEOGRAPH-62DC	15	html
U+62DF	拟	CJK UNIFIED IDEOGRAPH-62DF	33	html
U+62E2	拢	CJK UNIFIED IDEOGRAPH-62E2	14	html
U+62E5	拥	CJK UNIFIED IDEOGRAPH-62E5	44	html
U+62E6	拦	CJK UNIFIED IDEOGRAPH-62E6	11	html
U+62E7	拧	CJK UNIFIED IDEOGRAPH-62E7	4	html
U+62E8	拨	CJK UNIFIED IDEOGRAPH-62E8	9	html
U+62E9	择	CJK UNIFIED IDEOGRAPH-62E9	89	html
U+62EC	括	CJK UNIFIED IDEOGRAPH-62EC	3	html
U+62ED	拭	CJK UNIFIED IDEOGRAPH-62ED	1	html
U+62EF	拯	CJK UNIFIED IDEOGRAPH-62EF	10	html
U+62F1	拱	CJK UNIFIED IDEOGRAPH-62F1	2	html
U+62F3	拳	CJK UNIFIED IDEOGRAPH-62F3	7	html
U+62F7	拷	CJK UNIFIED IDEOGRAPH-62F7	3	html
U+62FC	拼	CJK UNIFIED IDEOGRAPH-62FC	17	html
U+62FD	拽	CJK UNIFIED IDEOGRAPH-62FD	17	html
U+62FE	拾	CJK UNIFIED IDEOGRAPH-62FE	31	html
U+62FF	拿	CJK UNIFIED IDEOGRAPH-62FF	184	html
U+6301	持	CJK UNIFIED IDEOGRAPH-6301	86	html,json
U+6302	挂	CJK UNIFIED IDEOGRAPH-6302	59	html,js
U+6307	指	CJK UNIFIED IDEOGRAPH-6307	191	html,json
U+6309	按	CJK UNIFIED IDEOGRAPH-6309	155	html,js
U+630E	挎	CJK UNIFIED IDEOGRAPH-630E	2	html
U+6311	挑	CJK UNIFIED IDEOGRAPH-6311	18	html,json
U+6316	挖	CJK UNIFIED IDEOGRAPH-6316	19	html
U+631F	挟	CJK UNIFIED IDEOGRAPH-631F	1	html
U+6320	挠	CJK UNIFIED IDEOGRAPH-6320	5	html
U+6321	挡	CJK UNIFIED IDEOGRAPH-6321	47	html
U+6323	挣	CJK UNIFIED IDEOGRAPH-6323	33	html,json
U+6324	挤	CJK UNIFIED IDEOGRAPH-6324	39	html
U+6325	挥	CJK UNIFIED IDEOGRAPH-6325	103	html
U+6328	挨	CJK UNIFIED IDEOGRAPH-6328	6	html
U+632A	挪	CJK UNIFIED IDEOGRAPH-632A	10	html
U+632F	振	CJK UNIFIED IDEOGRAPH-632F	6	html
U+633A	挺	CJK UNIFIED IDEOGRAPH-633A	43	html
U+633D	挽	CJK UNIFIED IDEOGRAPH-633D	9	html,json
U+6342	捂	CJK UNIFIED IDEOGRAPH-6342	26	html
U+6345	捅	CJK UNIFIED IDEOGRAPH-6345	2	html
U+6346	捆	CJK UNIFIED IDEOGRAPH-6346	6	html
U+6349	捉	CJK UNIFIED IDEOGRAPH-6349	17	html
U+634E	捎	CJK UNIFIED IDEOGRAPH-634E	2	html
U+634F	捏	CJK UNIFIED IDEOGRAPH-634F	17	html
U+6350	捐	CJK UNIFIED IDEOGRAPH-6350	3	html
U+6355	捕	CJK UNIFIED IDEOGRAPH-6355	14	html
U+635E	捞	CJK UNIFIED IDEOGRAPH-635E	5	html
U+635F	损	CJK UNIFIED IDEOGRAPH-635F	21	html
U+6361	捡	CJK UNIFIED IDEOGRAPH-6361	7	html
U+6362	换	CJK UNIFIED IDEOGRAPH-6362	128	html,js
U+6367	捧	CJK UNIFIED IDEOGRAPH-6367	18	html
U+636E	据	CJK UNIFIED IDEOGRAPH-636E	85	html,js
U+6376	捶	CJK UNIFIED IDEOGRAPH-6376	1	html
U+6377	捷	CJK UNIFIED IDEOGRAPH-6377	3	html
U+6380	掀	CJK UNIFIED IDEOGRAPH-6380	11	html
U+6388	授	CJK UNIFIED IDEOGRAPH-6388	9	html
U+6389	掉	CJK UNIFIED IDEOGRAPH-6389	210	html
U+638C	掌	CJK UNIFIED IDEOGRAPH-638C	40	html
U+638F	掏	CJK UNIFIED IDEOGRAPH-638F	14	html
U+6390	掐	CJK UNIFIED IDEOGRAPH-6390	2	html
U+6392	排	CJK UNIFIED IDEOGRAPH-6392	81	html
U+6398	掘	CJK UNIFIED IDEOGRAPH-6398	3	html
U+63A0	掠	CJK UNIFIED IDEOGRAPH-63A0	6	html
U+63A2	探	CJK UNIFIED IDEOGRAPH-63A2	90	html,json
U+63A5	接	CJK UNIFIED IDEOGRAPH-63A5	352	html
U+63A7	控	CJK UNIFIED IDEOGRAPH-63A7	56	html
U+63A8	推	CJK UNIFIED IDEOGRAPH-63A8	106	html
U+63A9	掩	CJK UNIFIED IDEOGRAPH-63A9	60	html
U+63AA	措	CJK UNIFIED IDEOGRAPH-63AA	20	html
U+63B0	掰	CJK UNIFIED IDEOGRAPH-63B0	1	html
U+63B7	掷	CJK UNIFIED IDEOGRAPH-63B7	4	html
U+63BA	掺	CJK UNIFIED IDEOGRAPH-63BA	1	html
U+63C4	揄	CJK UNIFIED IDEOGRAPH-63C4	3	html
U+63C9	揉	CJK UNIFIED IDEOGRAPH-63C9	57	html
U+63CD	揍	CJK UNIFIED IDEOGRAPH-63CD	1	html
U+63CF	描	CJK UNIFIED IDEOGRAPH-63CF	25	html
U+63D0	提	CJK UNIFIED IDEOGRAPH-63D0	135	html
U+63D2	插	CJK UNIFIED IDEOGRAPH-63D2	31	html,json
U+63E1	握	CJK UNIFIED IDEOGRAPH-63E1	39	html
U+63E3	揣	CJK UNIFIED IDEOGRAPH-63E3	5	html
U+63EA	揪	CJK UNIFIED IDEOGRAPH-63EA	1	html
U+63ED	揭	CJK UNIFIED IDEOGRAPH-63ED	8	html
U+63F4	援	CJK UNIFIED IDEOGRAPH-63F4	7	html
U+63FD	揽	CJK UNIFIED IDEOGRAPH-63FD	1	html
U+6402	搂	CJK UNIFIED IDEOGRAPH-6402	4	html
U+6405	搅	CJK UNIFIED IDEOGRAPH-6405	6	html
U+640F	搏	CJK UNIFIED IDEOGRAPH-640F	3	html
U+6410	搐	CJK UNIFIED IDEOGRAPH-6410	8	html
U+6413	搓	CJK UNIFIED IDEOGRAPH-6413	2	html
U+641C	搜	CJK UNIFIED IDEOGRAPH-641C	26	html,html-attr,js
U+641E	搞	CJK UNIFIED IDEOGRAPH-641E	16	html
U+642C	搬	CJK UNIFIED IDEOGRAPH-642C	34	html,json
U+642D	搭	CJK UNIFIED IDEOGRAPH-642D	18	html
U+643A	携	CJK UNIFIED IDEOGRAPH-643A	9	html
U+6444	摄	CJK UNIFIED IDEOGRAPH-6444	18	html,json
U+6446	摆	CJK UNIFIED IDEOGRAPH-6446	39	html
U+6447	摇	CJK UNIFIED IDEOGRAPH-6447	186	html
U+644A	摊	CJK UNIFIED IDEOGRAPH-644A	29	html
U+6454	摔	CJK UNIFIED IDEOGRAPH-6454	21	html
U+6458	摘	CJK UNIFIED IDEOGRAPH-6458	13	html
U+6467	摧	CJK UNIFIED IDEOGRAPH-6467	14	html
U+6469	摩	CJK UNIFIED IDEOGRAPH-6469	18	html
U+6478	摸	CJK UNIFIED IDEOGRAPH-6478	115	html
U+6487	撇	CJK UNIFIED IDEOGRAPH-6487	21	html
U+6491	撑	CJK UNIFIED IDEOGRAPH-6491	24	html
U+6492	撒	CJK UNIFIED IDEOGRAPH-6492	29	html
U+6495	撕	CJK UNIFIED IDEOGRAPH-6495	10	html
U+649E	撞	CJK UNIFIED IDEOGRAPH-649E	69	html
U+64A4	撤	CJK UNIFIED IDEOGRAPH-64A4	10	html
U+64AD	播	CJK UNIFIED IDEOGRAPH-64AD	49	html
U+64B0	撰	CJK UNIFIED IDEOGRAPH-64B0	1	html
U+64BC	撼	CJK UNIFIED IDEOGRAPH-64BC	4	html
U+64C0	擀	CJK UNIFIED IDEOGRAPH-64C0	3	html
U+64C5	擅	CJK UNIFIED IDEOGRAPH-64C5	4	html
U+64CD	操	CJK UNIFIED IDEOGRAPH-64CD	35	html
U+64CE	擎	CJK UNIFIED IDEOGRAPH-64CE	15	html
U+64E6	擦	CJK UNIFIED IDEOGRAPH-64E6	83	html
U+6500	攀	CJK UNIFIED IDEOGRAPH-6500	34	html
U+6512	攒	CJK UNIFIED IDEOGRAPH-6512	2	html
U+652F	支	CJK UNIFIED IDEOGRAPH-652F	96	html,json
U+6536	收	CJK UNIFIED IDEOGRAPH-6536	157	html,json
U+6539	改	CJK UNIFIED IDEOGRAPH-6539	403	html,js,json
U+653B	攻	CJK UNIFIED IDEOGRAPH-653B	26	html
U+653E	放	CJK UNIFIED IDEOGRAPH-653E	363	html,json
U+653F	政	CJK UNIFIED IDEOGRAPH-653F	16	html
U+6545	故	CJK UNIFIED IDEOGRAPH-6545	218	html,json
U+6548	效	CJK UNIFIED IDEOGRAPH-6548	41	html
U+654C	敌	CJK UNIFIED IDEOGRAPH-654C	79	html
U+654F	敏	CJK UNIFIED IDEOGRAPH-654F	5	html
U+6551	救	CJK UNIFIED IDEOGRAPH-6551	70	html,json
U+6559	教	CJK UNIFIED IDEOGRAPH-6559	114	html,html-attr,json
U+655E	敞	CJK UNIFIED IDEOGRAPH-655E	17	html
U+6562	敢	CJK UNIFIED IDEOGRAPH-6562	71	html
U+6563	散	CJK UNIFIED IDEOGRAPH-6563	249	html,json
U+6566	敦	CJK UNIFIED IDEOGRAPH-6566	10	html
U+656C	敬	CJK UNIFIED IDEOGRAPH-656C	23	html
U+6570	数	CJK UNIFIED IDEOGRAPH-6570	586	html,js,json
U+6572	敲	CJK UNIFIED IDEOGRAPH-6572	67	html
U+6574	整	CJK UNIFIED IDEOGRAPH-6574	179	html
U+6577	敷	CJK UNIFIED IDEOGRAPH-6577	1	html
U+6587	文	CJK UNIFIED IDEOGRAPH-6587	285	html,json
U+6591	斑	CJK UNIFIED IDEOGRAPH-6591	101	html,html-attr
U+6593	斓	CJK UNIFIED IDEOGRAPH-6593	52	html,json
U+6597	斗	CJK UNIFIED IDEOGRAPH-6597	35	html
U+6599	料	CJK UNIFIED IDEOGRAPH-6599	68	html
U+659C	斜	CJK UNIFIED IDEOGRAPH-659C	19	html
U+65A4	斤	CJK UNIFIED IDEOGRAPH-65A4	3	html
U+65A5	斥	CJK UNIFIED IDEOGRAPH-65A5	36	html
U+65A7	斧	CJK UNIFIED IDEOGRAPH-65A7	12	html
U+65A9	斩	CJK UNIFIED IDEOGRAPH-65A9	16	html
U+65AD	断	CJK UNIFIED IDEOGRAPH-65AD	138	html
U+65AF	斯	CJK UNIFIED IDEOGRAPH-65AF	183	html,html-attr,json
U+65B0	新	CJK UNIFIED IDEOGRAPH-65B0	272	html,json
U+65B9	方	CJK UNIFIED IDEOGRAPH-65B9	670	html,json
U+65BD	施	CJK UNIFIED IDEOGRAPH-65BD	34	html
U+65C1	旁	CJK UNIFIED IDEOGRAPH-65C1	345	html,json
U+65C5	旅	CJK UNIFIED IDEOGRAPH-65C5	128	html,json
U+65CB	旋	CJK UNIFIED IDEOGRAPH-65CB	144	html
U+65CF	族	CJK UNIFIED IDEOGRAPH-65CF	94	html
U+65D7	旗	CJK UNIFIED IDEOGRAPH-65D7	12	html
U+65E0	无	CJK UNIFIED IDEOGRAPH-65E0	1032	html,js,json
U+65E2	既	CJK UNIFIED IDEOGRAPH-65E2	107	html,json
U+65E5	日	CJK UNIFIED IDEOGRAPH-65E5	581	html,json
U+65E6	旦	CJK UNIFIED IDEOGRAPH-65E6	7	html
U+65E7	旧	CJK UNIFIED IDEOGRAPH-65E7	70	html
U+65E9	早	CJK UNIFIED IDEOGRAPH-65E9	346	html,json
U+65EC	旬	CJK UNIFIED IDEOGRAPH-65EC	1	html
U+65F1	旱	CJK UNIFIED IDEOGRAPH-65F1	3	html
U+65F6	时	CJK UNIFIED IDEOGRAPH-65F6	1399	html,js,json
U+65F7	旷	CJK UNIFIED IDEOGRAPH-65F7	16	html
U+65FA	旺	CJK UNIFIED IDEOGRAPH-65FA	4	html
U+6602	昂	CJK UNIFIED IDEOGRAPH-6602	6	html
U+660E	明	CJK UNIFIED IDEOGRAPH-660E	703	html,html-attr,json
U+660F	昏	CJK UNIFIED IDEOGRAPH-660F	53	html
U+6613	易	CJK UNIFIED IDEOGRAPH-6613	69	html,json
U+6614	昔	CJK UNIFIED IDEOGRAPH-6614	1	html
U+6619	昙	CJK UNIFIED IDEOGRAPH-6619	1	html
U+661F	星	CJK UNIFIED IDEOGRAPH-661F	984	html,html-attr,json
U+6620	映	CJK UNIFIED IDEOGRAPH-6620	54	html,js
U+6625	春	CJK UNIFIED IDEOGRAPH-6625	107	html,html-attr,json
U+6627	昧	CJK UNIFIED IDEOGRAPH-6627	1	html
U+6628	昨	CJK UNIFIED IDEOGRAPH-6628	81	html,json
U+662D	昭	CJK UNIFIED IDEOGRAPH-662D	10	html,json
U+662F	是	CJK UNIFIED IDEOGRAPH-662F	7903	html,html-attr,js,json
U+6635	昵	CJK UNIFIED IDEOGRAPH-6635	1	js
U+663C	昼	CJK UNIFIED IDEOGRAPH-663C	9	html
U+663E	显	CJK UNIFIED IDEOGRAPH-663E	133	html,json
U+6643	晃	CJK UNIFIED IDEOGRAPH-6643	73	html
U+664C	晌	CJK UNIFIED IDEOGRAPH-664C	8	html
U+6652	晒	CJK UNIFIED IDEOGRAPH-6652	7	html
U+6653	晓	CJK UNIFIED IDEOGRAPH-6653	35	html,json
U+6655	晕	CJK UNIFIED IDEOGRAPH-6655	59	html,json
U+6656	晖	CJK UNIFIED IDEOGRAPH-6656	3	html
U+665A	晚	CJK UNIFIED IDEOGRAPH-665A	231	html,json
U+6664	晤	CJK UNIFIED IDEOGRAPH-6664	1	html
U+6666	晦	CJK UNIFIED IDEOGRAPH-6666	3	html
U+6668	晨	CJK UNIFIED IDEOGRAPH-6668	150	html,html-attr,js,json
U+666E	普	CJK UNIFIED IDEOGRAPH-666E	55	html,json
U+666F	景	CJK UNIFIED IDEOGRAPH-666F	98	html,json
U+6670	晰	CJK UNIFIED IDEOGRAPH-6670	22	html,json
U+6674	晴	CJK UNIFIED IDEOGRAPH-6674	125	html,json
U+6676	晶	CJK UNIFIED IDEOGRAPH-6676	157	html,json
U+667A	智	CJK UNIFIED IDEOGRAPH-667A	18	html
U+667E	晾	CJK UNIFIED IDEOGRAPH-667E	2	html
U+6682	暂	CJK UNIFIED IDEOGRAPH-6682	34	html,js
U+6687	暇	CJK UNIFIED IDEOGRAPH-6687	7	html
U+6691	暑	CJK UNIFIED IDEOGRAPH-6691	4	html
U+6696	暖	CJK UNIFIED IDEOGRAPH-6696	75	html,json
U+6697	暗	CJK UNIFIED IDEOGRAPH-6697	209	html,json
U+66AE	暮	CJK UNIFIED IDEOGRAPH-66AE	125	html,json
U+66B4	暴	CJK UNIFIED IDEOGRAPH-66B4	52	html,js
U+66D9	曙	CJK UNIFIED IDEOGRAPH-66D9	1	html
U+66E6	曦	CJK UNIFIED IDEOGRAPH-66E6	160	html,html-attr,json
U+66F0	曰	CJK UNIFIED IDEOGRAPH-66F0	4	html
U+66F2	曲	CJK UNIFIED IDEOGRAPH-66F2	189	html,html-attr,json
U+66F3	曳	CJK UNIFIED IDEOGRAPH-66F3	5	html
U+66F4	更	CJK UNIFIED IDEOGRAPH-66F4	351	html,json
U+66FC	曼	CJK UNIFIED IDEOGRAPH-66FC	7	html
U+66FE	曾	CJK UNIFIED IDEOGRAPH-66FE	92	html
U+66FF	替	CJK UNIFIED IDEOGRAPH-66FF	23	html,js
U+6700	最	CJK UNIFIED IDEOGRAPH-6700	690	html,js,json
U+6708	月	CJK UNIFIED IDEOGRAPH-6708	308	html,html-attr,json
U+6709	有	CJK UNIFIED IDEOGRAPH-6709	3548	html,html-attr,js,json
U+670B	朋	CJK UNIFIED IDEOGRAPH-670B	121	html,json
U+670D	服	CJK UNIFIED IDEOGRAPH-670D	137	html,js
U+6717	朗	CJK UNIFIED IDEOGRAPH-6717	35	html
U+671B	望	CJK UNIFIED IDEOGRAPH-671B	392	html,json
U+671D	朝	CJK UNIFIED IDEOGRAPH-671D	50	html,json
U+671F	期	CJK UNIFIED IDEOGRAPH-671F	99	html
U+6726	朦	CJK UNIFIED IDEOGRAPH-6726	30	html
U+6728	木	CJK UNIFIED IDEOGRAPH-6728	197	html
U+672A	未	CJK UNIFIED IDEOGRAPH-672A	284	html,js,json
U+672B	末	CJK UNIFIED IDEOGRAPH-672B	53	html
U+672C	本	CJK UNIFIED IDEOGRAPH-672C	494	html,js,json
U+672F	术	CJK UNIFIED IDEOGRAPH-672F	81	html,html-attr,json
U+6731	朱	CJK UNIFIED IDEOGRAPH-6731	5	html,html-attr
U+6734	朴	CJK UNIFIED IDEOGRAPH-6734	5	html
U+6735	朵	CJK UNIFIED IDEOGRAPH-6735	170	html
U+673A	机	CJK UNIFIED IDEOGRAPH-673A	544	html,js,json
U+673D	朽	CJK UNIFIED IDEOGRAPH-673D	3	html
U+6740	杀	CJK UNIFIED IDEOGRAPH-6740	44	html
U+6742	杂	CJK UNIFIED IDEOGRAPH-6742	103	html,json
U+6743	权	CJK UNIFIED IDEOGRAPH-6743	66	html,json
U+6746	杆	CJK UNIFIED IDEOGRAPH-6746	25	html
U+6749	杉	CJK UNIFIED IDEOGRAPH-6749	57	html,json
U+674E	李	CJK UNIFIED IDEOGRAPH-674E	30	html
U+674F	杏	CJK UNIFIED IDEOGRAPH-674F	13	html
U+6750	材	CJK UNIFIED IDEOGRAPH-6750	28	html
U+6751	村	CJK UNIFIED IDEOGRAPH-6751	131	html,json
U+6756	杖	CJK UNIFIED IDEOGRAPH-6756	13	html
U+675C	杜	CJK UNIFIED IDEOGRAPH-675C	2	html
U+675E	杞	CJK UNIFIED IDEOGRAPH-675E	1	html
U+675F	束	CJK UNIFIED IDEOGRAPH-675F	151	html,json
U+6761	条	CJK UNIFIED IDEOGRAPH-6761	291	html,js,json
U+6765	来	CJK UNIFIED IDEOGRAPH-6765	3232	html,html-attr,js,json
U+6768	杨	CJK UNIFIED IDEOGRAPH-6768	2	html
U+676F	杯	CJK UNIFIED IDEOGRAPH-676F	50	html
U+6770	杰	CJK UNIFIED IDEOGRAPH-6770	16	html
U+6777	杷	CJK UNIFIED IDEOGRAPH-6777	1	html
U+677E	松	CJK UNIFIED IDEOGRAPH-677E	111	html,html-attr,json
U+677F	板	CJK UNIFIED IDEOGRAPH-677F	207	html
U+6781	极	CJK UNIFIED IDEOGRAPH-6781	74	html,json
U+6784	构	CJK UNIFIED IDEOGRAPH-6784	21	html
U+6787	枇	CJK UNIFIED IDEOGRAPH-6787	1	html
U+6789	枉	CJK UNIFIED IDEOGRAPH-6789	2	html
U+6790	析	CJK UNIFIED IDEOGRAPH-6790	12	html
U+6795	枕	CJK UNIFIED IDEOGRAPH-6795	9	html
U+6797	林	CJK UNIFIED IDEOGRAPH-6797	244	html,json
U+679A	枚	CJK UNIFIED IDEOGRAPH-679A	23	html
U+679C	果	CJK UNIFIED IDEOGRAPH-679C	502	html,js,json
U+679D	枝	CJK UNIFIED IDEOGRAPH-679D	62	html
U+67A2	枢	CJK UNIFIED IDEOGRAPH-67A2	1	html
U+67AA	枪	CJK UNIFIED IDEOGRAPH-67AA	136	html
U+67AB	枫	CJK UNIFIED IDEOGRAPH-67AB	6	html
U+67AF	枯	CJK UNIFIED IDEOGRAPH-67AF	31	html
U+67B6	架	CJK UNIFIED IDEOGRAPH-67B6	96	html,json
U+67C4	柄	CJK UNIFIED IDEOGRAPH-67C4	14	html
U+67CF	柏	CJK UNIFIED IDEOGRAPH-67CF	6	html
U+67D0	某	CJK UNIFIED IDEOGRAPH-67D0	42	html
U+67D3	染	CJK UNIFIED IDEOGRAPH-67D3	137	html
U+67D4	柔	CJK UNIFIED IDEOGRAPH-67D4	108	html,json
U+67DA	柚	CJK UNIFIED IDEOGRAPH-67DA	1	html
U+67DC	柜	CJK UNIFIED IDEOGRAPH-67DC	46	html
U+67E5	查	CJK UNIFIED IDEOGRAPH-67E5	72	html
U+67F1	柱	CJK UNIFIED IDEOGRAPH-67F1	16	html
U+67F3	柳	CJK UNIFIED IDEOGRAPH-67F3	29	html
U+67F4	柴	CJK UNIFIED IDEOGRAPH-67F4	6	html
U+67F7	柷	CJK UNIFIED IDEOGRAPH-67F7	3	html
U+67FF	柿	CJK UNIFIED IDEOGRAPH-67FF	1	html
U+6805	栅	CJK UNIFIED IDEOGRAPH-6805	5	html
U+6807	标	CJK UNIFIED IDEOGRAPH-6807	143	html,html-attr,js,json
U+6808	栈	CJK UNIFIED IDEOGRAPH-6808	5	html
U+680B	栋	CJK UNIFIED IDEOGRAPH-680B	4	html
U+680F	栏	CJK UNIFIED IDEOGRAPH-680F	27	html
U+6811	树	CJK UNIFIED IDEOGRAPH-6811	349	html,json
U+6816	栖	CJK UNIFIED IDEOGRAPH-6816	2	html
U+6817	栗	CJK UNIFIED IDEOGRAPH-6817	1	html
U+6821	校	CJK UNIFIED IDEOGRAPH-6821	45	html
U+6829	栩	CJK UNIFIED IDEOGRAPH-6829	12	html
U+682A	株	CJK UNIFIED IDEOGRAPH-682A	12	html
U+6837	样	CJK UNIFIED IDEOGRAPH-6837	1200	html,json
U+6838	核	CJK UNIFIED IDEOGRAPH-6838	27	html
U+6839	根	CJK UNIFIED IDEOGRAPH-6839	180	html,json
U+683C	格	CJK UNIFIED IDEOGRAPH-683C	111	html
U+683D	栽	CJK UNIFIED IDEOGRAPH-683D	18	html
U+6842	桂	CJK UNIFIED IDEOGRAPH-6842	40	html
U+6843	桃	CJK UNIFIED IDEOGRAPH-6843	6	html
U+6845	桅	CJK UNIFIED IDEOGRAPH-6845	3	html
U+6846	框	CJK UNIFIED IDEOGRAPH-6846	8	html
U+6848	案	CJK UNIFIED IDEOGRAPH-6848	74	html,js
U+684C	桌	CJK UNIFIED IDEOGRAPH-684C	114	html
U+6850	桐	CJK UNIFIED IDEOGRAPH-6850	5	html
U+6851	桑	CJK UNIFIED IDEOGRAPH-6851	9	html,json
U+6863	档	CJK UNIFIED IDEOGRAPH-6863	40	html
U+6865	桥	CJK UNIFIED IDEOGRAPH-6865	35	html
U+6866	桦	CJK UNIFIED IDEOGRAPH-6866	16	html,json
U+6868	桨	CJK UNIFIED IDEOGRAPH-6868	21	html
U+6869	桩	CJK UNIFIED IDEOGRAPH-6869	1	html
U+6876	桶	CJK UNIFIED IDEOGRAPH-6876	20	html
U+6881	梁	CJK UNIFIED IDEOGRAPH-6881	3	html
U+6885	梅	CJK UNIFIED IDEOGRAPH-6885	402	html
U+6897	梗	CJK UNIFIED IDEOGRAPH-6897	2	html
U+68A2	梢	CJK UNIFIED IDEOGRAPH-68A2	19	html
U+68A6	梦	CJK UNIFIED IDEOGRAPH-68A6	203	html,html-attr,js,json
U+68A8	梨	CJK UNIFIED IDEOGRAPH-68A8	6	html
U+68AD	梭	CJK UNIFIED IDEOGRAPH-68AD	28	html,json
U+68AF	梯	CJK UNIFIED IDEOGRAPH-68AF	60	html
U+68B0	械	CJK UNIFIED IDEOGRAPH-68B0	37	html
U+68B3	梳	CJK UNIFIED IDEOGRAPH-68B3	6	html
U+68C0	检	CJK UNIFIED IDEOGRAPH-68C0	46	html,js
U+68C2	棂	CJK UNIFIED IDEOGRAPH-68C2	5	html
U+68C9	棉	CJK UNIFIED IDEOGRAPH-68C9	19	html
U+68CB	棋	CJK UNIFIED IDEOGRAPH-68CB	12	html
U+68CD	棍	CJK UNIFIED IDEOGRAPH-68CD	14	html
U+68D2	棒	CJK UNIFIED IDEOGRAPH-68D2	25	html
U+68D5	棕	CJK UNIFIED IDEOGRAPH-68D5	17	html
U+68D8	棘	CJK UNIFIED IDEOGRAPH-68D8	1	json
U+68DA	棚	CJK UNIFIED IDEOGRAPH-68DA	6	html
U+68EE	森	CJK UNIFIED IDEOGRAPH-68EE	501	html,json
U+68F1	棱	CJK UNIFIED IDEOGRAPH-68F1	5	html
U+68F5	棵	CJK UNIFIED IDEOGRAPH-68F5	44	html,json
U+6905	椅	CJK UNIFIED IDEOGRAPH-6905	55	html
U+690D	植	CJK UNIFIED IDEOGRAPH-690D	53	html
U+690E	椎	CJK UNIFIED IDEOGRAPH-690E	2	html
U+6912	椒	CJK UNIFIED IDEOGRAPH-6912	4	html,json
U+692D	椭	CJK UNIFIED IDEOGRAPH-692D	4	html
U+6930	椰	CJK UNIFIED IDEOGRAPH-6930	15	html
U+693D	椽	CJK UNIFIED IDEOGRAPH-693D	1	html
U+695A	楚	CJK UNIFIED IDEOGRAPH-695A	82	html
U+695E	楞	CJK UNIFIED IDEOGRAPH-695E	1	html
U+6977	楷	CJK UNIFIED IDEOGRAPH-6977	1	html
U+697C	楼	CJK UNIFIED IDEOGRAPH-697C	124	html,json
U+6982	概	CJK UNIFIED IDEOGRAPH-6982	144	html,js
U+6984	榄	CJK UNIFIED IDEOGRAPH-6984	2	html
U+6986	榆	CJK UNIFIED IDEOGRAPH-6986	2	html
U+6988	榈	CJK UNIFIED IDEOGRAPH-6988	1	html
U+6995	榕	CJK UNIFIED IDEOGRAPH-6995	14	html
U+699B	榛	CJK UNIFIED IDEOGRAPH-699B	2	html
U+69A8	榨	CJK UNIFIED IDEOGRAPH-69A8	2	html,js
U+69B4	榴	CJK UNIFIED IDEOGRAPH-69B4	3	html
U+69CC	槌	CJK UNIFIED IDEOGRAPH-69CC	3	html
U+69FD	槽	CJK UNIFIED IDEOGRAPH-69FD	5	html
U+69FF	槿	CJK UNIFIED IDEOGRAPH-69FF	1	html
U+6A21	模	CJK UNIFIED IDEOGRAPH-6A21	214	html,html-attr,json
U+6A2A	横	CJK UNIFIED IDEOGRAPH-6A2A	20	html
U+6A31	樱	CJK UNIFIED IDEOGRAPH-6A31	1	html
U+6A44	橄	CJK UNIFIED IDEOGRAPH-6A44	2	html
U+6A58	橘	CJK UNIFIED IDEOGRAPH-6A58	15	html,json
U+6A59	橙	CJK UNIFIED IDEOGRAPH-6A59	84	html,html-attr
U+6A61	橡	CJK UNIFIED IDEOGRAPH-6A61	9	html
U+6A71	橱	CJK UNIFIED IDEOGRAPH-6A71	5	html
U+6A90	檐	CJK UNIFIED IDEOGRAPH-6A90	8	html
U+6B20	欠	CJK UNIFIED IDEOGRAPH-6B20	53	html
U+6B21	次	CJK UNIFIED IDEOGRAPH-6B21	666	html,json
U+6B22	欢	CJK UNIFIED IDEOGRAPH-6B22	349	html,json
U+6B23	欣	CJK UNIFIED IDEOGRAPH-6B23	24	html,json
U+6B27	欧	CJK UNIFIED IDEOGRAPH-6B27	5	html
U+6B32	欲	CJK UNIFIED IDEOGRAPH-6B32	15	html
U+6B38	欸	CJK UNIFIED IDEOGRAPH-6B38	98	html,js,json
U+6B3A	欺	CJK UNIFIED IDEOGRAPH-6B3A	19	html,json
U+6B3E	款	CJK UNIFIED IDEOGRAPH-6B3E	18	html,json
U+6B47	歇	CJK UNIFIED IDEOGRAPH-6B47	41	html
U+6B49	歉	CJK UNIFIED IDEOGRAPH-6B49	111	html
U+6B4C	歌	CJK UNIFIED IDEOGRAPH-6B4C	57	html,html-attr,json
U+6B62	止	CJK UNIFIED IDEOGRAPH-6B62	116	html
U+6B63	正	CJK UNIFIED IDEOGRAPH-6B63	496	html,js,json
U+6B64	此	CJK UNIFIED IDEOGRAPH-6B64	421	html,js,json
U+6B65	步	CJK UNIFIED IDEOGRAPH-6B65	291	html,json
U+6B66	武	CJK UNIFIED IDEOGRAPH-6B66	30	html
U+6B67	歧	CJK UNIFIED IDEOGRAPH-6B67	3	html
U+6B6A	歪	CJK UNIFIED IDEOGRAPH-6B6A	39	html
U+6B79	歹	CJK UNIFIED IDEOGRAPH-6B79	4	html
U+6B7B	死	CJK UNIFIED IDEOGRAPH-6B7B	369	html,js,json
U+6B7C	歼	CJK UNIFIED IDEOGRAPH-6B7C	8	html
U+6B86	殆	CJK UNIFIED IDEOGRAPH-6B86	5	html
U+6B8A	殊	CJK UNIFIED IDEOGRAPH-6B8A	13	html
U+6B8B	残	CJK UNIFIED IDEOGRAPH-6B8B	167	html,json
U+6BB4	殴	CJK UNIFIED IDEOGRAPH-6BB4	6	html
U+6BB5	段	CJK UNIFIED IDEOGRAPH-6BB5	108	html,json
U+6BB7	殷	CJK UNIFIED IDEOGRAPH-6BB7	1	html
U+6BBF	殿	CJK UNIFIED IDEOGRAPH-6BBF	22	html
U+6BC1	毁	CJK UNIFIED IDEOGRAPH-6BC1	32	html
U+6BC5	毅	CJK UNIFIED IDEOGRAPH-6BC5	1	html
U+6BCD	母	CJK UNIFIED IDEOGRAPH-6BCD	244	html,json
U+6BCF	每	CJK UNIFIED IDEOGRAPH-6BCF	218	html,json
U+6BD2	毒	CJK UNIFIED IDEOGRAPH-6BD2	43	html
U+6BD4	比	CJK UNIFIED IDEOGRAPH-6BD4	348	html,js,json
U+6BD5	毕	CJK UNIFIED IDEOGRAPH-6BD5	233	html,json
U+6BD9	毙	CJK UNIFIED IDEOGRAPH-6BD9	4	html
U+6BDB	毛	CJK UNIFIED IDEOGRAPH-6BDB	135	html,json
U+6BEB	毫	CJK UNIFIED IDEOGRAPH-6BEB	109	html
U+6BEF	毯	CJK UNIFIED IDEOGRAPH-6BEF	13	html
U+6C0F	氏	CJK UNIFIED IDEOGRAPH-6C0F	2	html
U+6C11	民	CJK UNIFIED IDEOGRAPH-6C11	50	html
U+6C13	氓	CJK UNIFIED IDEOGRAPH-6C13	1	html
U+6C14	气	CJK UNIFIED IDEOGRAPH-6C14	612	html,json
U+6C1B	氛	CJK UNIFIED IDEOGRAPH-6C1B	10	html
U+6C22	氢	CJK UNIFIED IDEOGRAPH-6C22	8	html
U+6C27	氧	CJK UNIFIED IDEOGRAPH-6C27	9	html
U+6C2E	氮	CJK UNIFIED IDEOGRAPH-6C2E	2	html
U+6C2F	氯	CJK UNIFIED IDEOGRAPH-6C2F	1	html
U+6C30	氰	CJK UNIFIED IDEOGRAPH-6C30	1	html
U+6C34	水	CJK UNIFIED IDEOGRAPH-6C34	717	html,js,json
U+6C38	永	CJK UNIFIED IDEOGRAPH-6C38	135	html,json
U+6C41	汁	CJK UNIFIED IDEOGRAPH-6C41	25	html
U+6C42	求	CJK UNIFIED IDEOGRAPH-6C42	91	html,json
U+6C47	汇	CJK UNIFIED IDEOGRAPH-6C47	51	html,json
U+6C49	汉	CJK UNIFIED IDEOGRAPH-6C49	9	html,js
U+6C57	汗	CJK UNIFIED IDEOGRAPH-6C57	44	html
U+6C5A	汚	CJK UNIFIED IDEOGRAPH-6C5A	3	html
U+6C5D	汝	CJK UNIFIED IDEOGRAPH-6C5D	8	html
U+6C5E	汞	CJK UNIFIED IDEOGRAPH-6C5E	1	html
U+6C5F	江	CJK UNIFIED IDEOGRAPH-6C5F	10	html
U+6C60	池	CJK UNIFIED IDEOGRAPH-6C60	25	html,json
U+6C61	污	CJK UNIFIED IDEOGRAPH-6C61	17	html
U+6C64	汤	CJK UNIFIED IDEOGRAPH-6C64	38	html
U+6C6A	汪	CJK UNIFIED IDEOGRAPH-6C6A	21	html
U+6C72	汲	CJK UNIFIED IDEOGRAPH-6C72	2	html
U+6C79	汹	CJK UNIFIED IDEOGRAPH-6C79	3	html
U+6C7D	汽	CJK UNIFIED IDEOGRAPH-6C7D	36	html
U+6C81	沁	CJK UNIFIED IDEOGRAPH-6C81	3	html
U+6C83	沃	CJK UNIFIED IDEOGRAPH-6C83	17	html
U+6C89	沉	CJK UNIFIED IDEOGRAPH-6C89	151	html,json
U+6C8C	沌	CJK UNIFIED IDEOGRAPH-6C8C	3	html
U+6C90	沐	CJK UNIFIED IDEOGRAPH-6C90	15	html
U+6C99	沙	CJK UNIFIED IDEOGRAPH-6C99	384	html,json
U+6C9B	沛	CJK UNIFIED IDEOGRAPH-6C9B	1	json
U+6C9F	沟	CJK UNIFIED IDEOGRAPH-6C9F	19	html
U+6CA1	没	CJK UNIFIED IDEOGRAPH-6CA1	1948	html,html-attr,js,json
U+6CA5	沥	CJK UNIFIED IDEOGRAPH-6CA5	1	html
U+6CA6	沦	CJK UNIFIED IDEOGRAPH-6CA6	3	html
U+6CA7	沧	CJK UNIFIED IDEOGRAPH-6CA7	7	html
U+6CAB	沫	CJK UNIFIED IDEOGRAPH-6CAB	26	html,html-attr,json
U+6CAE	沮	CJK UNIFIED IDEOGRAPH-6CAE	1	html
U+6CB3	河	CJK UNIFIED IDEOGRAPH-6CB3	162	html,html-attr,json
U+6CB8	沸	CJK UNIFIED IDEOGRAPH-6CB8	7	html
U+6CB9	油	CJK UNIFIED IDEOGRAPH-6CB9	234	html,json
U+6CBB	治	CJK UNIFIED IDEOGRAPH-6CBB	35	html,json
U+6CBC	沼	CJK UNIFIED IDEOGRAPH-6CBC	22	html,json
U+6CBE	沾	CJK UNIFIED IDEOGRAPH-6CBE	42	html
U+6CBF	沿	CJK UNIFIED IDEOGRAPH-6CBF	30	html
U+6CC4	泄	CJK UNIFIED IDEOGRAPH-6CC4	3	html
U+6CC9	泉	CJK UNIFIED IDEOGRAPH-6CC9	19	html
U+6CCA	泊	CJK UNIFIED IDEOGRAPH-6CCA	28	html,json
U+6CD5	法	CJK UNIFIED IDEOGRAPH-6CD5	648	html,js,json
U+6CDB	泛	CJK UNIFIED IDEOGRAPH-6CDB	32	html
U+6CDE	泞	CJK UNIFIED IDEOGRAPH-6CDE	2	html
U+6CE1	泡	CJK UNIFIED IDEOGRAPH-6CE1	134	html,html-attr,json
U+6CE2	波	CJK UNIFIED IDEOGRAPH-6CE2	131	html,json
U+6CE3	泣	CJK UNIFIED IDEOGRAPH-6CE3	30	html
U+6CE5	泥	CJK UNIFIED IDEOGRAPH-6CE5	37	html
U+6CE8	注	CJK UNIFIED IDEOGRAPH-6CE8	149	html,js,json
U+6CEA	泪	CJK UNIFIED IDEOGRAPH-6CEA	110	html,js,json
U+6CF0	泰	CJK UNIFIED IDEOGRAPH-6CF0	4	html
U+6CF3	泳	CJK UNIFIED IDEOGRAPH-6CF3	26	html
U+6CF5	泵	CJK UNIFIED IDEOGRAPH-6CF5	2	html
U+6CFB	泻	CJK UNIFIED IDEOGRAPH-6CFB	2	html
U+6CFC	泼	CJK UNIFIED IDEOGRAPH-6CFC	7	html
U+6CFD	泽	CJK UNIFIED IDEOGRAPH-6CFD	30	html,json
U+6D01	洁	CJK UNIFIED IDEOGRAPH-6D01	40	html
U+6D0B	洋	CJK UNIFIED IDEOGRAPH-6D0B	93	html
U+6D0E	洎	CJK UNIFIED IDEOGRAPH-6D0E	1	html
U+6D10	洐	CJK UNIFIED IDEOGRAPH-6D10	5	html
U+6D12	洒	CJK UNIFIED IDEOGRAPH-6D12	99	html,json
U+6D17	洗	CJK UNIFIED IDEOGRAPH-6D17	39	html
U+6D1B	洛	CJK UNIFIED IDEOGRAPH-6D1B	62	html,json
U+6D1E	洞	CJK UNIFIED IDEOGRAPH-6D1E	127	html
U+6D25	津	CJK UNIFIED IDEOGRAPH-6D25	16	html
U+6D2A	洪	CJK UNIFIED IDEOGRAPH-6D2A	8	html,json
U+6D32	洲	CJK UNIFIED IDEOGRAPH-6D32	37	html,json
U+6D3B	活	CJK UNIFIED IDEOGRAPH-6D3B	281	html,html-attr,json
U+6D3C	洼	CJK UNIFIED IDEOGRAPH-6D3C	16	html
U+6D3D	洽	CJK UNIFIED IDEOGRAPH-6D3D	1	html
U+6D3E	派	CJK UNIFIED IDEOGRAPH-6D3E	68	html
U+6D41	流	CJK UNIFIED IDEOGRAPH-6D41	377	html,html-attr,json
U+6D43	浃	CJK UNIFIED IDEOGRAPH-6D43	1	html
U+6D45	浅	CJK UNIFIED IDEOGRAPH-6D45	9	html
U+6D46	浆	CJK UNIFIED IDEOGRAPH-6D46	19	html
U+6D47	浇	CJK UNIFIED IDEOGRAPH-6D47	4	html
U+6D4A	浊	CJK UNIFIED IDEOGRAPH-6D4A	12	html
U+6D4B	测	CJK UNIFIED IDEOGRAPH-6D4B	113	html,html-attr,js,json
U+6D4E	济	CJK UNIFIED IDEOGRAPH-6D4E	9	html
U+6D4F	浏	CJK UNIFIED IDEOGRAPH-6D4F	1	html
U+6D51	浑	CJK UNIFIED IDEOGRAPH-6D51	19	html
U+6D53	浓	CJK UNIFIED IDEOGRAPH-6D53	30	html
U+6D69	浩	CJK UNIFIED IDEOGRAPH-6D69	4	html
U+6D6A	浪	CJK UNIFIED IDEOGRAPH-6D6A	107	html,json
U+6D6E	浮	CJK UNIFIED IDEOGRAPH-6D6E	121	html,json
U+6D74	浴	CJK UNIFIED IDEOGRAPH-6D74	6	html
U+6D77	海	CJK UNIFIED IDEOGRAPH-6D77	912	html,js,json
U+6D78	浸	CJK UNIFIED IDEOGRAPH-6D78	25	html
U+6D82	涂	CJK UNIFIED IDEOGRAPH-6D82	30	html
U+6D85	涅	CJK UNIFIED IDEOGRAPH-6D85	1	html
U+6D88	消	CJK UNIFIED IDEOGRAPH-6D88	243	html,js
U+6D89	涉	CJK UNIFIED IDEOGRAPH-6D89	10	html
U+6D8C	涌	CJK UNIFIED IDEOGRAPH-6D8C	29	html
U+6D95	涕	CJK UNIFIED IDEOGRAPH-6D95	6	html
U+6D9B	涛	CJK UNIFIED IDEOGRAPH-6D9B	6	html
U+6D9F	涟	CJK UNIFIED IDEOGRAPH-6D9F	36	html
U+6DA1	涡	CJK UNIFIED IDEOGRAPH-6DA1	5	html
U+6DA6	润	CJK UNIFIED IDEOGRAPH-6DA6	47	html
U+6DA8	涨	CJK UNIFIED IDEOGRAPH-6DA8	12	html
U+6DA9	涩	CJK UNIFIED IDEOGRAPH-6DA9	8	html
U+6DAF	涯	CJK UNIFIED IDEOGRAPH-6DAF	1	json
U+6DB2	液	CJK UNIFIED IDEOGRAPH-6DB2	30	html
U+6DB5	涵	CJK UNIFIED IDEOGRAPH-6DB5	2	html
U+6DB8	涸	CJK UNIFIED IDEOGRAPH-6DB8	14	html
U+6DC0	淀	CJK UNIFIED IDEOGRAPH-6DC0	1	html
U+6DC7	淇	CJK UNIFIED IDEOGRAPH-6DC7	2	html
U+6DCB	淋	CJK UNIFIED IDEOGRAPH-6DCB	6	html
U+6DCC	淌	CJK UNIFIED IDEOGRAPH-6DCC	8	html
U+6DD1	淑	CJK UNIFIED IDEOGRAPH-6DD1	4	html
U+6DD8	淘	CJK UNIFIED IDEOGRAPH-6DD8	1	html
U+6DD9	淙	CJK UNIFIED IDEOGRAPH-6DD9	2	html
U+6DE1	淡	CJK UNIFIED IDEOGRAPH-6DE1	188	html,html-attr,json
U+6DE4	淤	CJK UNIFIED IDEOGRAPH-6DE4	1	html
U+6DF1	深	CJK UNIFIED IDEOGRAPH-6DF1	144	html,json
U+6DF7	混	CJK UNIFIED IDEOGRAPH-6DF7	64	html
U+6DF9	淹	CJK UNIFIED IDEOGRAPH-6DF9	16	html
U+6DFB	添	CJK UNIFIED IDEOGRAPH-6DFB	24	html,js
U+6E05	清	CJK UNIFIED IDEOGRAPH-6E05	482	html,js,json
U+6E0A	渊	CJK UNIFIED IDEOGRAPH-6E0A	2	html
U+6E0D	渍	CJK UNIFIED IDEOGRAPH-6E0D	1	html
U+6E10	渐	CJK UNIFIED IDEOGRAPH-6E10	687	html,json
U+6E14	渔	CJK UNIFIED IDEOGRAPH-6E14	5	html
U+6E17	渗	CJK UNIFIED IDEOGRAPH-6E17	8	html
U+6E20	渠	CJK UNIFIED IDEOGRAPH-6E20	3	html
U+6E21	渡	CJK UNIFIED IDEOGRAPH-6E21	13	html
U+6E23	渣	CJK UNIFIED IDEOGRAPH-6E23	1	html
U+6E29	温	CJK UNIFIED IDEOGRAPH-6E29	127	html,json
U+6E2F	港	CJK UNIFIED IDEOGRAPH-6E2F	47	html,json
U+6E32	渲	CJK UNIFIED IDEOGRAPH-6E32	3	html
U+6E34	渴	CJK UNIFIED IDEOGRAPH-6E34	14	html
U+6E38	游	CJK UNIFIED IDEOGRAPH-6E38	166	html,html-attr,json
U+6E3A	渺	CJK UNIFIED IDEOGRAPH-6E3A	15	html
U+6E56	湖	CJK UNIFIED IDEOGRAPH-6E56	81	html,json
U+6E5B	湛	CJK UNIFIED IDEOGRAPH-6E5B	15	html
U+6E6E	湮	CJK UNIFIED IDEOGRAPH-6E6E	1	json
U+6E7E	湾	CJK UNIFIED IDEOGRAPH-6E7E	4	html
U+6E7F	湿	CJK UNIFIED IDEOGRAPH-6E7F	97	html
U+6E83	溃	CJK UNIFIED IDEOGRAPH-6E83	12	html
U+6E85	溅	CJK UNIFIED IDEOGRAPH-6E85	5	html
U+6E90	源	CJK UNIFIED IDEOGRAPH-6E90	76	html,json
U+6E9C	溜	CJK UNIFIED IDEOGRAPH-6E9C	14	html
U+6EA2	溢	CJK UNIFIED IDEOGRAPH-6EA2	21	html
U+6EAA	溪	CJK UNIFIED IDEOGRAPH-6EAA	44	html,json
U+6EAF	溯	CJK UNIFIED IDEOGRAPH-6EAF	18	html,html-attr,json
U+6EB6	溶	CJK UNIFIED IDEOGRAPH-6EB6	26	html,html-attr,json
U+6EBA	溺	CJK UNIFIED IDEOGRAPH-6EBA	2	html
U+6ECB	滋	CJK UNIFIED IDEOGRAPH-6ECB	30	html
U+6ED1	滑	CJK UNIFIED IDEOGRAPH-6ED1	141	html
U+6ED4	滔	CJK UNIFIED IDEOGRAPH-6ED4	13	html
U+6EDA	滚	CJK UNIFIED IDEOGRAPH-6EDA	748	html,html-attr,json
U+6EDE	滞	CJK UNIFIED IDEOGRAPH-6EDE	9	html
U+6EE1	满	CJK UNIFIED IDEOGRAPH-6EE1	307	html,json
U+6EE4	滤	CJK UNIFIED IDEOGRAPH-6EE4	5	html
U+6EE5	滥	CJK UNIFIED IDEOGRAPH-6EE5	3	html
U+6EE8	滨	CJK UNIFIED IDEOGRAPH-6EE8	3	html
U+6EE9	滩	CJK UNIFIED IDEOGRAPH-6EE9	83	html,json
U+6EF4	滴	CJK UNIFIED IDEOGRAPH-6EF4	175	html
U+6F02	漂	CJK UNIFIED IDEOGRAPH-6F02	110	html,json
U+6F06	漆	CJK UNIFIED IDEOGRAPH-6F06	53	html
U+6F09	漉	CJK UNIFIED IDEOGRAPH-6F09	42	html
U+6F0F	漏	CJK UNIFIED IDEOGRAPH-6F0F	11	html
U+6F14	演	CJK UNIFIED IDEOGRAPH-6F14	53	html
U+6F20	漠	CJK UNIFIED IDEOGRAPH-6F20	92	html,json
U+6F29	漩	CJK UNIFIED IDEOGRAPH-6F29	3	html
U+6F2A	漪	CJK UNIFIED IDEOGRAPH-6F2A	36	html
U+6F2B	漫	CJK UNIFIED IDEOGRAPH-6F2B	145	html
U+6F31	漱	CJK UNIFIED IDEOGRAPH-6F31	4	html
U+6F3E	漾	CJK UNIFIED IDEOGRAPH-6F3E	15	html
U+6F47	潇	CJK UNIFIED IDEOGRAPH-6F47	2	html
U+6F5C	潜	CJK UNIFIED IDEOGRAPH-6F5C	18	html
U+6F6D	潭	CJK UNIFIED IDEOGRAPH-6F6D	2	html
U+6F6E	潮	CJK UNIFIED IDEOGRAPH-6F6E	31	html,json
U+6F7A	潺	CJK UNIFIED IDEOGRAPH-6F7A	32	html
U+6F88	澈	CJK UNIFIED IDEOGRAPH-6F88	13	html
U+6F9C	澜	CJK UNIFIED IDEOGRAPH-6F9C	1	html
U+6FA1	澡	CJK UNIFIED IDEOGRAPH-6FA1	7	html
U+6FC0	激	CJK UNIFIED IDEOGRAPH-6FC0	70	html
U+6FE1	濡	CJK UNIFIED IDEOGRAPH-6FE1	1	html
U+7011	瀑	CJK UNIFIED IDEOGRAPH-7011	12	html
U+701A	瀚	CJK UNIFIED IDEOGRAPH-701A	1	html
U+704C	灌	CJK UNIFIED IDEOGRAPH-704C	11	html
U+706B	火	CJK UNIFIED IDEOGRAPH-706B	320	html,json
U+706D	灭	CJK UNIFIED IDEOGRAPH-706D	49	html,html-attr,json
U+706F	灯	CJK UNIFIED IDEOGRAPH-706F	171	html,html-attr,json
U+7070	灰	CJK UNIFIED IDEOGRAPH-7070	188	html,html-attr,json
U+7075	灵	CJK UNIFIED IDEOGRAPH-7075	191	html,html-attr,json
U+707C	灼	CJK UNIFIED IDEOGRAPH-707C	10	html
U+707E	灾	CJK UNIFIED IDEOGRAPH-707E	16	html,json
U+707F	灿	CJK UNIFIED IDEOGRAPH-707F	12	html
U+7081	炁	CJK UNIFIED IDEOGRAPH-7081	1	html
U+7089	炉	CJK UNIFIED IDEOGRAPH-7089	38	html
U+708A	炊	CJK UNIFIED IDEOGRAPH-708A	3	html
U+708E	炎	CJK UNIFIED IDEOGRAPH-708E	37	html
U+7092	炒	CJK UNIFIED IDEOGRAPH-7092	6	html,js
U+7096	炖	CJK UNIFIED IDEOGRAPH-7096	5	html
U+7099	炙	CJK UNIFIED IDEOGRAPH-7099	9	html,json
U+70AB	炫	CJK UNIFIED IDEOGRAPH-70AB	3	html,json
U+70AD	炭	CJK UNIFIED IDEOGRAPH-70AD	2	html
U+70AE	炮	CJK UNIFIED IDEOGRAPH-70AE	73	html
U+70B8	炸	CJK UNIFIED IDEOGRAPH-70B8	62	html
U+70B9	点	CJK UNIFIED IDEOGRAPH-70B9	2136	html,html-attr,js,json
U+70BC	炼	CJK UNIFIED IDEOGRAPH-70BC	10	html,json
U+70BD	炽	CJK UNIFIED IDEOGRAPH-70BD	6	html
U+70C1	烁	CJK UNIFIED IDEOGRAPH-70C1	111	html,json
U+70C2	烂	CJK UNIFIED IDEOGRAPH-70C2	30	html
U+70C8	烈	CJK UNIFIED IDEOGRAPH-70C8	102	html,json
U+70CA	烊	CJK UNIFIED IDEOGRAPH-70CA	1	html
U+70D8	烘	CJK UNIFIED IDEOGRAPH-70D8	1	html
U+70DB	烛	CJK UNIFIED IDEOGRAPH-70DB	94	html
U+70DF	烟	CJK UNIFIED IDEOGRAPH-70DF	61	html
U+70E4	烤	CJK UNIFIED IDEOGRAPH-70E4	29	html
U+70E6	烦	CJK UNIFIED IDEOGRAPH-70E6	89	html
U+70E7	烧	CJK UNIFIED IDEOGRAPH-70E7	73	html
U+70E9	烩	CJK UNIFIED IDEOGRAPH-70E9	1	html
U+70EB	烫	CJK UNIFIED IDEOGRAPH-70EB	4	html
U+70EC	烬	CJK UNIFIED IDEOGRAPH-70EC	4	html
U+70ED	热	CJK UNIFIED IDEOGRAPH-70ED	224	html,json
U+70F9	烹	CJK UNIFIED IDEOGRAPH-70F9	6	html,json
U+7109	焉	CJK UNIFIED IDEOGRAPH-7109	6	html
U+7115	焕	CJK UNIFIED IDEOGRAPH-7115	2	html
U+711A	焚	CJK UNIFIED IDEOGRAPH-711A	3	html
U+7126	焦	CJK UNIFIED IDEOGRAPH-7126	40	html
U+7130	焰	CJK UNIFIED IDEOGRAPH-7130	75	html
U+7136	然	CJK UNIFIED IDEOGRAPH-7136	1575	html,js,json
U+714C	煌	CJK UNIFIED IDEOGRAPH-714C	3	html
U+714E	煎	CJK UNIFIED IDEOGRAPH-714E	11	html
U+7164	煤	CJK UNIFIED IDEOGRAPH-7164	1	html
U+7166	煦	CJK UNIFIED IDEOGRAPH-7166	3	html
U+7167	照	CJK UNIFIED IDEOGRAPH-7167	336	html,html-attr,json
U+716E	煮	CJK UNIFIED IDEOGRAPH-716E	11	html,json
U+7172	煲	CJK UNIFIED IDEOGRAPH-7172	1	html
U+717D	煽	CJK UNIFIED IDEOGRAPH-717D	4	html
U+7184	熄	CJK UNIFIED IDEOGRAPH-7184	25	html,html-attr,json
U+718A	熊	CJK UNIFIED IDEOGRAPH-718A	35	html,js,json
U+718F	熏	CJK UNIFIED IDEOGRAPH-718F	3	html
U+7194	熔	CJK UNIFIED IDEOGRAPH-7194	34	html
U+719F	熟	CJK UNIFIED IDEOGRAPH-719F	109	html
U+71A0	熠	CJK UNIFIED IDEOGRAPH-71A0	2	html
U+71AC	熬	CJK UNIFIED IDEOGRAPH-71AC	8	html,json
U+71B5	熵	CJK UNIFIED IDEOGRAPH-71B5	6	html
U+71C3	燃	CJK UNIFIED IDEOGRAPH-71C3	72	html,json
U+71D5	燕	CJK UNIFIED IDEOGRAPH-71D5	10	html
U+71E5	燥	CJK UNIFIED IDEOGRAPH-71E5	27	html
U+71E7	燧	CJK UNIFIED IDEOGRAPH-71E7	1	html
U+71EE	燮	CJK UNIFIED IDEOGRAPH-71EE	1	html
U+7206	爆	CJK UNIFIED IDEOGRAPH-7206	41	html
U+722A	爪	CJK UNIFIED IDEOGRAPH-722A	26	html
U+722C	爬	CJK UNIFIED IDEOGRAPH-722C	39	html
U+7231	爱	CJK UNIFIED IDEOGRAPH-7231	299	html,html-attr,json
U+7235	爵	CJK UNIFIED IDEOGRAPH-7235	1	html
U+7236	父	CJK UNIFIED IDEOGRAPH-7236	93	html,json
U+7237	爷	CJK UNIFIED IDEOGRAPH-7237	15	html
U+7238	爸	CJK UNIFIED IDEOGRAPH-7238	36	html
U+7239	爹	CJK UNIFIED IDEOGRAPH-7239	10	html
U+723D	爽	CJK UNIFIED IDEOGRAPH-723D	27	html,json
U+7247	片	CJK UNIFIED IDEOGRAPH-7247	595	html,html-attr,json
U+7248	版	CJK UNIFIED IDEOGRAPH-7248	24	html
U+724C	牌	CJK UNIFIED IDEOGRAPH-724C	48	html
U+7259	牙	CJK UNIFIED IDEOGRAPH-7259	22	html
U+725B	牛	CJK UNIFIED IDEOGRAPH-725B	71	html,json
U+7261	牡	CJK UNIFIED IDEOGRAPH-7261	1	html
U+7262	牢	CJK UNIFIED IDEOGRAPH-7262	49	html,json
U+7266	牦	CJK UNIFIED IDEOGRAPH-7266	4	html
U+7267	牧	CJK UNIFIED IDEOGRAPH-7267	4	html
U+7269	物	CJK UNIFIED IDEOGRAPH-7269	404	html,json
U+7272	牲	CJK UNIFIED IDEOGRAPH-7272	8	html
U+7275	牵	CJK UNIFIED IDEOGRAPH-7275	14	html
U+7279	特	CJK UNIFIED IDEOGRAPH-7279	215	html,json
U+727A	牺	CJK UNIFIED IDEOGRAPH-727A	8	html
U+7281	犁	CJK UNIFIED IDEOGRAPH-7281	1	html
U+7292	犒	CJK UNIFIED IDEOGRAPH-7292	1	html
U+72AC	犬	CJK UNIFIED IDEOGRAPH-72AC	5	html
U+72AF	犯	CJK UNIFIED IDEOGRAPH-72AF	19	html,json
U+72B6	状	CJK UNIFIED IDEOGRAPH-72B6	65	html
U+72B7	犷	CJK UNIFIED IDEOGRAPH-72B7	2	html
U+72B9	犹	CJK UNIFIED IDEOGRAPH-72B9	24	html
U+72C2	狂	CJK UNIFIED IDEOGRAPH-72C2	36	html
U+72C8	狈	CJK UNIFIED IDEOGRAPH-72C8	2	html
U+72D0	狐	CJK UNIFIED IDEOGRAPH-72D0	58	html,json
U+72D7	狗	CJK UNIFIED IDEOGRAPH-72D7	43	html
U+72D9	狙	CJK UNIFIED IDEOGRAPH-72D9	4	html
U+72DE	狞	CJK UNIFIED IDEOGRAPH-72DE	1	html
U+72E0	狠	CJK UNIFIED IDEOGRAPH-72E0	34	html
U+72E1	狡	CJK UNIFIED IDEOGRAPH-72E1	2	html
U+72EC	独	CJK UNIFIED IDEOGRAPH-72EC	280	html,json
U+72ED	狭	CJK UNIFIED IDEOGRAPH-72ED	12	html
U+72EE	狮	CJK UNIFIED IDEOGRAPH-72EE	52	html
U+72F1	狱	CJK UNIFIED IDEOGRAPH-72F1	31	html
U+72F8	狸	CJK UNIFIED IDEOGRAPH-72F8	51	html
U+72FC	狼	CJK UNIFIED IDEOGRAPH-72FC	47	html
U+730E	猎	CJK UNIFIED IDEOGRAPH-730E	18	html
U+7315	猕	CJK UNIFIED IDEOGRAPH-7315	2	html
U+731B	猛	CJK UNIFIED IDEOGRAPH-731B	58	html
U+731C	猜	CJK UNIFIED IDEOGRAPH-731C	65	html
U+7329	猩	CJK UNIFIED IDEOGRAPH-7329	2	html
U+732A	猪	CJK UNIFIED IDEOGRAPH-732A	5	html
U+732B	猫	CJK UNIFIED IDEOGRAPH-732B	99	html,html-attr,json
U+732C	猬	CJK UNIFIED IDEOGRAPH-732C	5	html
U+732E	献	CJK UNIFIED IDEOGRAPH-732E	9	html
U+7334	猴	CJK UNIFIED IDEOGRAPH-7334	24	html
U+733E	猾	CJK UNIFIED IDEOGRAPH-733E	1	html
U+733F	猿	CJK UNIFIED IDEOGRAPH-733F	1	html
U+7384	玄	CJK UNIFIED IDEOGRAPH-7384	4	html
U+7387	率	CJK UNIFIED IDEOGRAPH-7387	42	html
U+7389	玉	CJK UNIFIED IDEOGRAPH-7389	8	html
U+738B	王	CJK UNIFIED IDEOGRAPH-738B	149	html
U+7391	玑	CJK UNIFIED IDEOGRAPH-7391	1	html
U+739B	玛	CJK UNIFIED IDEOGRAPH-739B	8	html
U+73A9	玩	CJK UNIFIED IDEOGRAPH-73A9	144	html,json
U+73AB	玫	CJK UNIFIED IDEOGRAPH-73AB	21	html
U+73AF	环	CJK UNIFIED IDEOGRAPH-73AF	102	html,json
U+73B0	现	CJK UNIFIED IDEOGRAPH-73B0	759	html,json
U+73B7	玷	CJK UNIFIED IDEOGRAPH-73B7	3	html
U+73BB	玻	CJK UNIFIED IDEOGRAPH-73BB	58	html,json
U+73C0	珀	CJK UNIFIED IDEOGRAPH-73C0	7	html
U+73CA	珊	CJK UNIFIED IDEOGRAPH-73CA	1	html
U+73CD	珍	CJK UNIFIED IDEOGRAPH-73CD	17	html,json
U+73E0	珠	CJK UNIFIED IDEOGRAPH-73E0	52	html,json
U+73ED	班	CJK UNIFIED IDEOGRAPH-73ED	50	html
U+7403	球	CJK UNIFIED IDEOGRAPH-7403	187	html,json
U+7405	琅	CJK UNIFIED IDEOGRAPH-7405	3	html
U+7406	理	CJK UNIFIED IDEOGRAPH-7406	314	html,json
U+7409	琉	CJK UNIFIED IDEOGRAPH-7409	5	html
U+740E	琎	CJK UNIFIED IDEOGRAPH-740E	1	html
U+7410	琐	CJK UNIFIED IDEOGRAPH-7410	1	html
U+7422	琢	CJK UNIFIED IDEOGRAPH-7422	8	html
U+7425	琥	CJK UNIFIED IDEOGRAPH-7425	7	html
U+742A	琪	CJK UNIFIED IDEOGRAPH-742A	20	html
U+7433	琳	CJK UNIFIED IDEOGRAPH-7433	29	html
U+7434	琴	CJK UNIFIED IDEOGRAPH-7434	142	html,json
U+743A	琺	CJK UNIFIED IDEOGRAPH-743A	1	html
U+7455	瑕	CJK UNIFIED IDEOGRAPH-7455	3	html
U+7459	瑙	CJK UNIFIED IDEOGRAPH-7459	1	html
U+745A	瑚	CJK UNIFIED IDEOGRAPH-745A	1	html
U+745E	瑞	CJK UNIFIED IDEOGRAPH-745E	13	html,json
U+745F	瑟	CJK UNIFIED IDEOGRAPH-745F	12	html
U+7470	瑰	CJK UNIFIED IDEOGRAPH-7470	20	html
U+7476	瑶	CJK UNIFIED IDEOGRAPH-7476	1	html
U+7480	璀	CJK UNIFIED IDEOGRAPH-7480	9	html,json
U+7483	璃	CJK UNIFIED IDEOGRAPH-7483	135	html
U+7487	璇	CJK UNIFIED IDEOGRAPH-7487	1	html
U+74A8	璨	CJK UNIFIED IDEOGRAPH-74A8	10	html,json
U+74DC	瓜	CJK UNIFIED IDEOGRAPH-74DC	12	html
U+74E2	瓢	CJK UNIFIED IDEOGRAPH-74E2	1	html
U+74E3	瓣	CJK UNIFIED IDEOGRAPH-74E3	11	html
U+74E6	瓦	CJK UNIFIED IDEOGRAPH-74E6	16	html,json
U+74EE	瓮	CJK UNIFIED IDEOGRAPH-74EE	1	html
U+74F6	瓶	CJK UNIFIED IDEOGRAPH-74F6	56	html,json
U+74F7	瓷	CJK UNIFIED IDEOGRAPH-74F7	6	html
U+7518	甘	CJK UNIFIED IDEOGRAPH-7518	4	html
U+751A	甚	CJK UNIFIED IDEOGRAPH-751A	180	html
U+751C	甜	CJK UNIFIED IDEOGRAPH-751C	221	html,html-attr,json
U+751F	生	CJK UNIFIED IDEOGRAPH-751F	638	html,json
U+7528	用	CJK UNIFIED IDEOGRAPH-7528	813	html,js,json
U+7529	甩	CJK UNIFIED IDEOGRAPH-7529	37	html
U+7530	田	CJK UNIFIED IDEOGRAPH-7530	31	html,json
U+7531	由	CJK UNIFIED IDEOGRAPH-7531	161	html,js,json
U+7532	甲	CJK UNIFIED IDEOGRAPH-7532	56	html
U+7533	申	CJK UNIFIED IDEOGRAPH-7533	7	html
U+7535	电	CJK UNIFIED IDEOGRAPH-7535	268	html,json
U+7537	男	CJK UNIFIED IDEOGRAPH-7537	33	html
U+753B	画	CJK UNIFIED IDEOGRAPH-753B	118	html,json
U+7545	畅	CJK UNIFIED IDEOGRAPH-7545	7	html
U+754C	界	CJK UNIFIED IDEOGRAPH-754C	170	html,js,json
U+754F	畏	CJK UNIFIED IDEOGRAPH-754F	13	html
U+7554	畔	CJK UNIFIED IDEOGRAPH-7554	11	html,json
U+7559	留	CJK UNIFIED IDEOGRAPH-7559	233	html,json
U+755C	畜	CJK UNIFIED IDEOGRAPH-755C	1	html
U+7565	略	CJK UNIFIED IDEOGRAPH-7565	110	html
U+756A	番	CJK UNIFIED IDEOGRAPH-756A	17	html
U+7574	畴	CJK UNIFIED IDEOGRAPH-7574	1	html
U+7578	畸	CJK UNIFIED IDEOGRAPH-7578	2	html
U+7586	疆	CJK UNIFIED IDEOGRAPH-7586	1	html
U+758F	疏	CJK UNIFIED IDEOGRAPH-758F	19	html
U+7591	疑	CJK UNIFIED IDEOGRAPH-7591	102	html,json
U+7597	疗	CJK UNIFIED IDEOGRAPH-7597	16	html
U+759A	疚	CJK UNIFIED IDEOGRAPH-759A	2	html
U+75A4	疤	CJK UNIFIED IDEOGRAPH-75A4	6	html
U+75AB	疫	CJK UNIFIED IDEOGRAPH-75AB	6	html
U+75AE	疮	CJK UNIFIED IDEOGRAPH-75AE	2	html
U+75AF	疯	CJK UNIFIED IDEOGRAPH-75AF	38	html
U+75B2	疲	CJK UNIFIED IDEOGRAPH-75B2	23	html
U+75B5	疵	CJK UNIFIED IDEOGRAPH-75B5	2	html
U+75BC	疼	CJK UNIFIED IDEOGRAPH-75BC	50	html,json
U+75BE	疾	CJK UNIFIED IDEOGRAPH-75BE	9	html
U+75C5	病	CJK UNIFIED IDEOGRAPH-75C5	54	html,json
U+75C7	症	CJK UNIFIED IDEOGRAPH-75C7	9	html
U+75CA	痊	CJK UNIFIED IDEOGRAPH-75CA	1	html
U+75D2	痒	CJK UNIFIED IDEOGRAPH-75D2	11	html
U+75D5	痕	CJK UNIFIED IDEOGRAPH-75D5	57	html
U+75DB	痛	CJK UNIFIED IDEOGRAPH-75DB	84	html,json
U+75E8	痨	CJK UNIFIED IDEOGRAPH-75E8	2	html
U+75EA	痪	CJK UNIFIED IDEOGRAPH-75EA	4	html
U+75F4	痴	CJK UNIFIED IDEOGRAPH-75F4	6	html
U+7606	瘆	CJK UNIFIED IDEOGRAPH-7606	1	html
U+760B	瘋	CJK UNIFIED IDEOGRAPH-760B	1	html
U+761F	瘟	CJK UNIFIED IDEOGRAPH-761F	2	html
U+7620	瘠	CJK UNIFIED IDEOGRAPH-7620	2	html
U+7626	瘦	CJK UNIFIED IDEOGRAPH-7626	2	html
U+762B	瘫	CJK UNIFIED IDEOGRAPH-762B	18	html
U+7638	瘸	CJK UNIFIED IDEOGRAPH-7638	3	html
U+7656	癖	CJK UNIFIED IDEOGRAPH-7656	1	html
U+766B	癫	CJK UNIFIED IDEOGRAPH-766B	3	html
U+767B	登	CJK UNIFIED IDEOGRAPH-767B	34	html,json
U+767D	白	CJK UNIFIED IDEOGRAPH-767D	687	html,json
U+767E	百	CJK UNIFIED IDEOGRAPH-767E	173	html,json
U+7682	皂	CJK UNIFIED IDEOGRAPH-7682	1	html
U+7684	的	CJK UNIFIED IDEOGRAPH-7684	18956	html,html-attr,js,json
U+7686	皆	CJK UNIFIED IDEOGRAPH-7686	53	html,json
U+7687	皇	CJK UNIFIED IDEOGRAPH-7687	44	html
U+7688	皈	CJK UNIFIED IDEOGRAPH-7688	1	html
U+768E	皎	CJK UNIFIED IDEOGRAPH-768E	2	html
U+7691	皑	CJK UNIFIED IDEOGRAPH-7691	4	html
U+76AE	皮	CJK UNIFIED IDEOGRAPH-76AE	51	html,html-attr
U+76B1	皱	CJK UNIFIED IDEOGRAPH-76B1	33	html
U+76BF	皿	CJK UNIFIED IDEOGRAPH-76BF	1	html
U+76C6	盆	CJK UNIFIED IDEOGRAPH-76C6	24	html
U+76C8	盈	CJK UNIFIED IDEOGRAPH-76C8	10	html
U+76CA	益	CJK UNIFIED IDEOGRAPH-76CA	13	html
U+76CE	盎	CJK UNIFIED IDEOGRAPH-76CE	2	html
U+76CF	盏	CJK UNIFIED IDEOGRAPH-76CF	6	html
U+76D0	盐	CJK UNIFIED IDEOGRAPH-76D0	10	html
U+76D1	监	CJK UNIFIED IDEOGRAPH-76D1	36	html,json
U+76D2	盒	CJK UNIFIED IDEOGRAPH-76D2	20	html
U+76D4	盔	CJK UNIFIED IDEOGRAPH-76D4	21	html
U+76D6	盖	CJK UNIFIED IDEOGRAPH-76D6	133	html,html-attr,json
U+76D7	盗	CJK UNIFIED IDEOGRAPH-76D7	59	html
U+76D8	盘	CJK UNIFIED IDEOGRAPH-76D8	74	html
U+76DB	盛	CJK UNIFIED IDEOGRAPH-76DB	22	html
U+76DF	盟	CJK UNIFIED IDEOGRAPH-76DF	22	html
U+76EE	目	CJK UNIFIED IDEOGRAPH-76EE	136	html,html-attr,js,json
U+76EF	盯	CJK UNIFIED IDEOGRAPH-76EF	61	html
U+76F2	盲	CJK UNIFIED IDEOGRAPH-76F2	1	html
U+76F4	直	CJK UNIFIED IDEOGRAPH-76F4	535	html,json
U+76F8	相	CJK UNIFIED IDEOGRAPH-76F8	304	html,json
U+76F9	盹	CJK UNIFIED IDEOGRAPH-76F9	3	html
U+76FC	盼	CJK UNIFIED IDEOGRAPH-76FC	10	html
U+76FE	盾	CJK UNIFIED IDEOGRAPH-76FE	26	html
U+7701	省	CJK UNIFIED IDEOGRAPH-7701	13	html
U+7708	眈	CJK UNIFIED IDEOGRAPH-7708	2	html
U+7709	眉	CJK UNIFIED IDEOGRAPH-7709	18	html
U+770B	看	CJK UNIFIED IDEOGRAPH-770B	1845	html,js,json
U+771F	真	CJK UNIFIED IDEOGRAPH-771F	819	html,json
U+7720	眠	CJK UNIFIED IDEOGRAPH-7720	49	html
U+7728	眨	CJK UNIFIED IDEOGRAPH-7728	24	html
U+7729	眩	CJK UNIFIED IDEOGRAPH-7729	9	html
U+772F	眯	CJK UNIFIED IDEOGRAPH-772F	3	html
U+7736	眶	CJK UNIFIED IDEOGRAPH-7736	3	html
U+7737	眷	CJK UNIFIED IDEOGRAPH-7737	3	html
U+7738	眸	CJK UNIFIED IDEOGRAPH-7738	57	html
U+773A	眺	CJK UNIFIED IDEOGRAPH-773A	11	html
U+773C	眼	CJK UNIFIED IDEOGRAPH-773C	810	html,js,json
U+7740	着	CJK UNIFIED IDEOGRAPH-7740	3220	html,html-attr,json
U+7741	睁	CJK UNIFIED IDEOGRAPH-7741	108	html
U+775B	睛	CJK UNIFIED IDEOGRAPH-775B	131	html,js
U+7761	睡	CJK UNIFIED IDEOGRAPH-7761	244	html,json
U+7763	督	CJK UNIFIED IDEOGRAPH-7763	2	html
U+7766	睦	CJK UNIFIED IDEOGRAPH-7766	1	html
U+7779	睹	CJK UNIFIED IDEOGRAPH-7779	2	html,json
U+7784	瞄	CJK UNIFIED IDEOGRAPH-7784	9	html
U+7785	瞅	CJK UNIFIED IDEOGRAPH-7785	2	html
U+778C	瞌	CJK UNIFIED IDEOGRAPH-778C	1	html
U+778E	瞎	CJK UNIFIED IDEOGRAPH-778E	10	html
U+7792	瞒	CJK UNIFIED IDEOGRAPH-7792	5	html
U+779F	瞟	CJK UNIFIED IDEOGRAPH-779F	13	html
U+77A7	瞧	CJK UNIFIED IDEOGRAPH-77A7	104	html,json
U+77AA	瞪	CJK UNIFIED IDEOGRAPH-77AA	12	html
U+77AC	瞬	CJK UNIFIED IDEOGRAPH-77AC	54	html,json
U+77AD	瞭	CJK UNIFIED IDEOGRAPH-77AD	3	html
U+77B0	瞰	CJK UNIFIED IDEOGRAPH-77B0	2	html
U+77B3	瞳	CJK UNIFIED IDEOGRAPH-77B3	32	html
U+77D7	矗	CJK UNIFIED IDEOGRAPH-77D7	19	html,json
U+77DB	矛	CJK UNIFIED IDEOGRAPH-77DB	29	html
U+77E2	矢	CJK UNIFIED IDEOGRAPH-77E2	13	html
U+77E3	矣	CJK UNIFIED IDEOGRAPH-77E3	1	html
U+77E5	知	CJK UNIFIED IDEOGRAPH-77E5	1021	html,json
U+77E9	矩	CJK UNIFIED IDEOGRAPH-77E9	21	html
U+77EB	矫	CJK UNIFIED IDEOGRAPH-77EB	2	html
U+77ED	短	CJK UNIFIED IDEOGRAPH-77ED	85	html,html-attr,json
U+77EE	矮	CJK UNIFIED IDEOGRAPH-77EE	15	html
U+77F3	石	CJK UNIFIED IDEOGRAPH-77F3	170	html
U+77FF	矿	CJK UNIFIED IDEOGRAPH-77FF	4	html
U+7801	码	CJK UNIFIED IDEOGRAPH-7801	33	html,js
U+7802	砂	CJK UNIFIED IDEOGRAPH-7802	4	html
U+780C	砌	CJK UNIFIED IDEOGRAPH-780C	4	html
U+780D	砍	CJK UNIFIED IDEOGRAPH-780D	17	html
U+7814	研	CJK UNIFIED IDEOGRAPH-7814	34	html
U+7816	砖	CJK UNIFIED IDEOGRAPH-7816	16	html
U+781D	砝	CJK UNIFIED IDEOGRAPH-781D	1	html
U+7827	砧	CJK UNIFIED IDEOGRAPH-7827	1	html
U+7830	砰	CJK UNIFIED IDEOGRAPH-7830	9	html
U+7834	破	CJK UNIFIED IDEOGRAPH-7834	206	html,json
U+7837	砷	CJK UNIFIED IDEOGRAPH-7837	1	html
U+7838	砸	CJK UNIFIED IDEOGRAPH-7838	32	html,json
U+783E	砾	CJK UNIFIED IDEOGRAPH-783E	1	html
U+7840	础	CJK UNIFIED IDEOGRAPH-7840	4	html
U+7855	硕	CJK UNIFIED IDEOGRAPH-7855	2	html
U+785D	硝	CJK UNIFIED IDEOGRAPH-785D	5	html
U+786C	硬	CJK UNIFIED IDEOGRAPH-786C	22	html
U+786E	确	CJK UNIFIED IDEOGRAPH-786E	297	html
U+7889	碉	CJK UNIFIED IDEOGRAPH-7889	1	html
U+788C	碌	CJK UNIFIED IDEOGRAPH-788C	11	html
U+788D	碍	CJK UNIFIED IDEOGRAPH-788D	19	html
U+788E	碎	CJK UNIFIED IDEOGRAPH-788E	110	html,json
U+7891	碑	CJK UNIFIED IDEOGRAPH-7891	14	html
U+7897	碗	CJK UNIFIED IDEOGRAPH-7897	15	html
U+789F	碟	CJK UNIFIED IDEOGRAPH-789F	1	html
U+78A7	碧	CJK UNIFIED IDEOGRAPH-78A7	117	html,json
U+78B0	碰	CJK UNIFIED IDEOGRAPH-78B0	71	html
U+78B1	碱	CJK UNIFIED IDEOGRAPH-78B1	1	html
U+78B3	碳	CJK UNIFIED IDEOGRAPH-78B3	2	html
U+78BE	碾	CJK UNIFIED IDEOGRAPH-78BE	9	html
U+78C1	磁	CJK UNIFIED IDEOGRAPH-78C1	51	html
U+78C5	磅	CJK UNIFIED IDEOGRAPH-78C5	1	html
U+78E8	磨	CJK UNIFIED IDEOGRAPH-78E8	32	html
U+7901	礁	CJK UNIFIED IDEOGRAPH-7901	12	html
U+793A	示	CJK UNIFIED IDEOGRAPH-793A	65	html,json
U+793C	礼	CJK UNIFIED IDEOGRAPH-793C	75	html
U+793E	社	CJK UNIFIED IDEOGRAPH-793E	26	html
U+7942	祂	CJK UNIFIED IDEOGRAPH-7942	41	html
U+7948	祈	CJK UNIFIED IDEOGRAPH-7948	20	html,json
U+7956	祖	CJK UNIFIED IDEOGRAPH-7956	31	html
U+795A	祚	CJK UNIFIED IDEOGRAPH-795A	1	html
U+795D	祝	CJK UNIFIED IDEOGRAPH-795D	80	html,json
U+795E	神	CJK UNIFIED IDEOGRAPH-795E	331	html,json
U+795F	祟	CJK UNIFIED IDEOGRAPH-795F	2	html
U+7965	祥	CJK UNIFIED IDEOGRAPH-7965	10	html
U+7968	票	CJK UNIFIED IDEOGRAPH-7968	24	html
U+796D	祭	CJK UNIFIED IDEOGRAPH-796D	5	html
U+7977	祷	CJK UNIFIED IDEOGRAPH-7977	17	html,json
U+7978	祸	CJK UNIFIED IDEOGRAPH-7978	8	html,json
U+7981	禁	CJK UNIFIED IDEOGRAPH-7981	25	html
U+7984	禄	CJK UNIFIED IDEOGRAPH-7984	1	html
U+7985	禅	CJK UNIFIED IDEOGRAPH-7985	1	html
U+798F	福	CJK UNIFIED IDEOGRAPH-798F	58	html,json
U+79A7	禧	CJK UNIFIED IDEOGRAPH-79A7	2	html
U+79BA	禺	CJK UNIFIED IDEOGRAPH-79BA	2	html
U+79BB	离	CJK UNIFIED IDEOGRAPH-79BB	329	html
U+79C0	秀	CJK UNIFIED IDEOGRAPH-79C0	9	html
U+79C1	私	CJK UNIFIED IDEOGRAPH-79C1	23	html
U+79C3	秃	CJK UNIFIED IDEOGRAPH-79C3	9	html
U+79C6	秆	CJK UNIFIED IDEOGRAPH-79C6	3	html
U+79CB	秋	CJK UNIFIED IDEOGRAPH-79CB	38	html,json
U+79CD	种	CJK UNIFIED IDEOGRAPH-79CD	351	html,json
U+79D1	科	CJK UNIFIED IDEOGRAPH-79D1	37	html,json
U+79D2	秒	CJK UNIFIED IDEOGRAPH-79D2	48	html
U+79D8	秘	CJK UNIFIED IDEOGRAPH-79D8	50	html
U+79DF	租	CJK UNIFIED IDEOGRAPH-79DF	8	html
U+79E4	秤	CJK UNIFIED IDEOGRAPH-79E4	1	html
U+79E7	秧	CJK UNIFIED IDEOGRAPH-79E7	2	html
U+79E9	秩	CJK UNIFIED IDEOGRAPH-79E9	2	html
U+79EF	积	CJK UNIFIED IDEOGRAPH-79EF	24	html
U+79F0	称	CJK UNIFIED IDEOGRAPH-79F0	45	html,json
U+79FB	移	CJK UNIFIED IDEOGRAPH-79FB	38	html
U+7A00	稀	CJK UNIFIED IDEOGRAPH-7A00	40	html
U+7A0B	程	CJK UNIFIED IDEOGRAPH-7A0B	89	html,json
U+7A0D	稍	CJK UNIFIED IDEOGRAPH-7A0D	92	html
U+7A0E	税	CJK UNIFIED IDEOGRAPH-7A0E	10	html
U+7A1A	稚	CJK UNIFIED IDEOGRAPH-7A1A	8	html
U+7A20	稠	CJK UNIFIED IDEOGRAPH-7A20	9	html
U+7A23	稣	CJK UNIFIED IDEOGRAPH-7A23	1	html
U+7A33	稳	CJK UNIFIED IDEOGRAPH-7A33	42	html
U+7A3C	稼	CJK UNIFIED IDEOGRAPH-7A3C	3	html
U+7A3D	稽	CJK UNIFIED IDEOGRAPH-7A3D	7	html
U+7A3F	稿	CJK UNIFIED IDEOGRAPH-7A3F	12	html
U+7A46	穆	CJK UNIFIED IDEOGRAPH-7A46	3	html
U+7A57	穗	CJK UNIFIED IDEOGRAPH-7A57	4	html,json
U+7A74	穴	CJK UNIFIED IDEOGRAPH-7A74	27	html
U+7A76	究	CJK UNIFIED IDEOGRAPH-7A76	85	html
U+7A77	穷	CJK UNIFIED IDEOGRAPH-7A77	18	html,json
U+7A79	穹	CJK UNIFIED IDEOGRAPH-7A79	95	html
U+7A7A	空	CJK UNIFIED IDEOGRAPH-7A7A	995	html,html-attr,js,json
U+7A7F	穿	CJK UNIFIED IDEOGRAPH-7A7F	237	html,js,json
U+7A81	突	CJK UNIFIED IDEOGRAPH-7A81	216	html,json
U+7A83	窃	CJK UNIFIED IDEOGRAPH-7A83	9	html
U+7A84	窄	CJK UNIFIED IDEOGRAPH-7A84	11	html
U+7A88	窈	CJK UNIFIED IDEOGRAPH-7A88	1	html
U+7A8D	窍	CJK UNIFIED IDEOGRAPH-7A8D	4	html
U+7A92	窒	CJK UNIFIED IDEOGRAPH-7A92	1	html
U+7A95	窕	CJK UNIFIED IDEOGRAPH-7A95	1	html
U+7A96	窖	CJK UNIFIED IDEOGRAPH-7A96	2	html
U+7A97	窗	CJK UNIFIED IDEOGRAPH-7A97	185	html,js,json
U+7A98	窘	CJK UNIFIED IDEOGRAPH-7A98	1	html
U+7A9C	窜	CJK UNIFIED IDEOGRAPH-7A9C	5	html
U+7A9D	窝	CJK UNIFIED IDEOGRAPH-7A9D	4	html
U+7A9F	窟	CJK UNIFIED IDEOGRAPH-7A9F	7	html
U+7AA3	窣	CJK UNIFIED IDEOGRAPH-7AA3	2	html
U+7AA5	窥	CJK UNIFIED IDEOGRAPH-7AA5	36	html
U+7AB8	窸	CJK UNIFIED IDEOGRAPH-7AB8	2	html
U+7ABF	窿	CJK UNIFIED IDEOGRAPH-7ABF	1	html
U+7ACB	立	CJK UNIFIED IDEOGRAPH-7ACB	126	html
U+7AD6	竖	CJK UNIFIED IDEOGRAPH-7AD6	11	html
U+7AD9	站	CJK UNIFIED IDEOGRAPH-7AD9	282	html,html-attr,json
U+7ADF	竟	CJK UNIFIED IDEOGRAPH-7ADF	311	html,json
U+7AE0	章	CJK UNIFIED IDEOGRAPH-7AE0	105	html,js,json
U+7AE5	童	CJK UNIFIED IDEOGRAPH-7AE5	36	html,json
U+7AED	竭	CJK UNIFIED IDEOGRAPH-7AED	6	html
U+7AEF	端	CJK UNIFIED IDEOGRAPH-7AEF	54	html
U+7AF9	竹	CJK UNIFIED IDEOGRAPH-7AF9	54	html,json
U+7AFF	竿	CJK UNIFIED IDEOGRAPH-7AFF	11	html
U+7B0B	笋	CJK UNIFIED IDEOGRAPH-7B0B	10	html
U+7B11	笑	CJK UNIFIED IDEOGRAPH-7B11	736	html,json
U+7B14	笔	CJK UNIFIED IDEOGRAPH-7B14	121	html,html-attr,json
U+7B1B	笛	CJK UNIFIED IDEOGRAPH-7B1B	10	html
U+7B26	符	CJK UNIFIED IDEOGRAPH-7B26	12	html
U+7B28	笨	CJK UNIFIED IDEOGRAPH-7B28	84	html,json
U+7B2C	第	CJK UNIFIED IDEOGRAPH-7B2C	315	html,js,json
U+7B3C	笼	CJK UNIFIED IDEOGRAPH-7B3C	42	html,json
U+7B49	等	CJK UNIFIED IDEOGRAPH-7B49	263	html
U+7B4B	筋	CJK UNIFIED IDEOGRAPH-7B4B	6	html
U+7B51	筑	CJK UNIFIED IDEOGRAPH-7B51	59	html,json
U+7B52	筒	CJK UNIFIED IDEOGRAPH-7B52	6	html
U+7B54	答	CJK UNIFIED IDEOGRAPH-7B54	214	html,js
U+7B56	策	CJK UNIFIED IDEOGRAPH-7B56	7	html
U+7B5B	筛	CJK UNIFIED IDEOGRAPH-7B5B	3	html
U+7B5D	筝	CJK UNIFIED IDEOGRAPH-7B5D	1	html
U+7B77	筷	CJK UNIFIED IDEOGRAPH-7B77	4	html
U+7B79	筹	CJK UNIFIED IDEOGRAPH-7B79	2	html
U+7B7E	签	CJK UNIFIED IDEOGRAPH-7B7E	30	html,html-attr,js
U+7B80	简	CJK UNIFIED IDEOGRAPH-7B80	123	html,json
U+7B8D	箍	CJK UNIFIED IDEOGRAPH-7B8D	1	html
U+7B97	算	CJK UNIFIED IDEOGRAPH-7B97	537	html,js
U+7BA1	管	CJK UNIFIED IDEOGRAPH-7BA1	175	html,json
U+7BAD	箭	CJK UNIFIED IDEOGRAPH-7BAD	25	html
U+7BB1	箱	CJK UNIFIED IDEOGRAPH-7BB1	46	html
U+7BC7	篇	CJK UNIFIED IDEOGRAPH-7BC7	133	html,json
U+7BDD	篝	CJK UNIFIED IDEOGRAPH-7BDD	7	html
U+7BEE	篮	CJK UNIFIED IDEOGRAPH-7BEE	9	html
U+7BF7	篷	CJK UNIFIED IDEOGRAPH-7BF7	83	html
U+7C07	簇	CJK UNIFIED IDEOGRAPH-7C07	9	html
U+7C38	簸	CJK UNIFIED IDEOGRAPH-7C38	1	html
U+7C4D	籍	CJK UNIFIED IDEOGRAPH-7C4D	10	html
U+7C73	米	CJK UNIFIED IDEOGRAPH-7C73	49	html,json
U+7C7B	类	CJK UNIFIED IDEOGRAPH-7C7B	154	html
U+7C7D	籽	CJK UNIFIED IDEOGRAPH-7C7D	2	html
U+7C89	粉	CJK UNIFIED IDEOGRAPH-7C89	106	html
U+7C92	粒	CJK UNIFIED IDEOGRAPH-7C92	11	html
U+7C97	粗	CJK UNIFIED IDEOGRAPH-7C97	23	html
U+7C98	粘	CJK UNIFIED IDEOGRAPH-7C98	8	html
U+7C9F	粟	CJK UNIFIED IDEOGRAPH-7C9F	1	html
U+7CA5	粥	CJK UNIFIED IDEOGRAPH-7CA5	4	html
U+7CAE	粮	CJK UNIFIED IDEOGRAPH-7CAE	13	html
U+7CB9	粹	CJK UNIFIED IDEOGRAPH-7CB9	15	html
U+7CBC	粼	CJK UNIFIED IDEOGRAPH-7CBC	12	html
U+7CBD	粽	CJK UNIFIED IDEOGRAPH-7CBD	1	html
U+7CBE	精	CJK UNIFIED IDEOGRAPH-7CBE	131	html,json
U+7CCA	糊	CJK UNIFIED IDEOGRAPH-7CCA	93	html
U+7CD5	糕	CJK UNIFIED IDEOGRAPH-7CD5	68	html,json
U+7CD6	糖	CJK UNIFIED IDEOGRAPH-7CD6	232	html,json
U+7CD9	糙	CJK UNIFIED IDEOGRAPH-7CD9	5	html
U+7CDC	糜	CJK UNIFIED IDEOGRAPH-7CDC	1	html
U+7CDF	糟	CJK UNIFIED IDEOGRAPH-7CDF	55	html
U+7CEF	糯	CJK UNIFIED IDEOGRAPH-7CEF	1	html
U+7CFB	系	CJK UNIFIED IDEOGRAPH-7CFB	225	html,json
U+7D20	素	CJK UNIFIED IDEOGRAPH-7D20	19	html,js,json
U+7D22	索	CJK UNIFIED IDEOGRAPH-7D22	68	html,html-attr,js,json
U+7D27	紧	CJK UNIFIED IDEOGRAPH-7D27	109	html
U+7D2B	紫	CJK UNIFIED IDEOGRAPH-7D2B	96	html
U+7D2F	累	CJK UNIFIED IDEOGRAPH-7D2F	44	html
U+7D6E	絮	CJK UNIFIED IDEOGRAPH-7D6E	1	html
U+7D9A	続	CJK UNIFIED IDEOGRAPH-7D9A	1	html
U+7E41	繁	CJK UNIFIED IDEOGRAPH-7E41	512	html,json
U+7E82	纂	CJK UNIFIED IDEOGRAPH-7E82	1	html
U+7EA0	纠	CJK UNIFIED IDEOGRAPH-7EA0	6	html
U+7EA2	红	CJK UNIFIED IDEOGRAPH-7EA2	360	html,json
U+7EA4	纤	CJK UNIFIED IDEOGRAPH-7EA4	5	html
U+7EA6	约	CJK UNIFIED IDEOGRAPH-7EA6	131	html
U+7EA7	级	CJK UNIFIED IDEOGRAPH-7EA7	56	html
U+7EAA	纪	CJK UNIFIED IDEOGRAPH-7EAA	40	html
U+7EAC	纬	CJK UNIFIED IDEOGRAPH-7EAC	2	html
U+7EAF	纯	CJK UNIFIED IDEOGRAPH-7EAF	52	html
U+7EB1	纱	CJK UNIFIED IDEOGRAPH-7EB1	15	html
U+7EB2	纲	CJK UNIFIED IDEOGRAPH-7EB2	2	html
U+7EB3	纳	CJK UNIFIED IDEOGRAPH-7EB3	16	html,json
U+7EB5	纵	CJK UNIFIED IDEOGRAPH-7EB5	23	html
U+7EB7	纷	CJK UNIFIED IDEOGRAPH-7EB7	18	html,json
U+7EB8	纸	CJK UNIFIED IDEOGRAPH-7EB8	123	html,html-attr,json
U+7EB9	纹	CJK UNIFIED IDEOGRAPH-7EB9	89	html
U+7EBD	纽	CJK UNIFIED IDEOGRAPH-7EBD	1	html
U+7EBF	线	CJK UNIFIED IDEOGRAPH-7EBF	230	html,json
U+7EC3	练	CJK UNIFIED IDEOGRAPH-7EC3	41	html
U+7EC4	组	CJK UNIFIED IDEOGRAPH-7EC4	96	html,json
U+7EC5	绅	CJK UNIFIED IDEOGRAPH-7EC5	4	html
U+7EC6	细	CJK UNIFIED IDEOGRAPH-7EC6	185	html,json
U+7EC7	织	CJK UNIFIED IDEOGRAPH-7EC7	21	html
U+7EC8	终	CJK UNIFIED IDEOGRAPH-7EC8	314	html,json
U+7ECA	绊	CJK UNIFIED IDEOGRAPH-7ECA	8	html
U+7ECD	绍	CJK UNIFIED IDEOGRAPH-7ECD	5	html
U+7ECE	绎	CJK UNIFIED IDEOGRAPH-7ECE	2	html
U+7ECF	经	CJK UNIFIED IDEOGRAPH-7ECF	980	html,json
U+7ED1	绑	CJK UNIFIED IDEOGRAPH-7ED1	21	html
U+7ED2	绒	CJK UNIFIED IDEOGRAPH-7ED2	20	html
U+7ED3	结	CJK UNIFIED IDEOGRAPH-7ED3	309	html,js,json
U+7ED5	绕	CJK UNIFIED IDEOGRAPH-7ED5	85	html
U+7ED8	绘	CJK UNIFIED IDEOGRAPH-7ED8	26	html
U+7ED9	给	CJK UNIFIED IDEOGRAPH-7ED9	428	html,json
U+7EDA	绚	CJK UNIFIED IDEOGRAPH-7EDA	1	html
U+7EDC	络	CJK UNIFIED IDEOGRAPH-7EDC	18	html
U+7EDD	绝	CJK UNIFIED IDEOGRAPH-7EDD	116	html,json
U+7EDE	绞	CJK UNIFIED IDEOGRAPH-7EDE	3	html
U+7EDF	统	CJK UNIFIED IDEOGRAPH-7EDF	77	html
U+7EE3	绣	CJK UNIFIED IDEOGRAPH-7EE3	2	html
U+7EE7	继	CJK UNIFIED IDEOGRAPH-7EE7	222	html,json
U+7EE9	绩	CJK UNIFIED IDEOGRAPH-7EE9	12	html
U+7EEA	绪	CJK UNIFIED IDEOGRAPH-7EEA	42	html,json
U+7EED	续	CJK UNIFIED IDEOGRAPH-7EED	242	html,json
U+7EF3	绳	CJK UNIFIED IDEOGRAPH-7EF3	15	html
U+7EF4	维	CJK UNIFIED IDEOGRAPH-7EF4	105	html,json
U+7EF5	绵	CJK UNIFIED IDEOGRAPH-7EF5	33	html
U+7EF7	绷	CJK UNIFIED IDEOGRAPH-7EF7	2	html
U+7EF8	绸	CJK UNIFIED IDEOGRAPH-7EF8	2	html
U+7EFC	综	CJK UNIFIED IDEOGRAPH-7EFC	3	html
U+7EFD	绽	CJK UNIFIED IDEOGRAPH-7EFD	39	html
U+7EFF	绿	CJK UNIFIED IDEOGRAPH-7EFF	264	html
U+7F00	缀	CJK UNIFIED IDEOGRAPH-7F00	9	html
U+7F07	缇	CJK UNIFIED IDEOGRAPH-7F07	75	html
U+7F08	缈	CJK UNIFIED IDEOGRAPH-7F08	2	html
U+7F09	缉	CJK UNIFIED IDEOGRAPH-7F09	4	html
U+7F0E	缎	CJK UNIFIED IDEOGRAPH-7F0E	1	html
U+7F13	缓	CJK UNIFIED IDEOGRAPH-7F13	220	html
U+7F15	缕	CJK UNIFIED IDEOGRAPH-7F15	42	html,js
U+7F16	编	CJK UNIFIED IDEOGRAPH-7F16	25	html
U+7F18	缘	CJK UNIFIED IDEOGRAPH-7F18	31	html
U+7F1A	缚	CJK UNIFIED IDEOGRAPH-7F1A	10	html,json
U+7F1D	缝	CJK UNIFIED IDEOGRAPH-7F1D	32	html
U+7F20	缠	CJK UNIFIED IDEOGRAPH-7F20	24	html
U+7F22	缢	CJK UNIFIED IDEOGRAPH-7F22	1	html
U+7F24	缤	CJK UNIFIED IDEOGRAPH-7F24	1	html
U+7F25	缥	CJK UNIFIED IDEOGRAPH-7F25	2	html
U+7F29	缩	CJK UNIFIED IDEOGRAPH-7F29	46	html
U+7F2D	缭	CJK UNIFIED IDEOGRAPH-7F2D	5	html
U+7F34	缴	CJK UNIFIED IDEOGRAPH-7F34	1	html
U+7F38	缸	CJK UNIFIED IDEOGRAPH-7F38	7	html
U+7F3A	缺	CJK UNIFIED IDEOGRAPH-7F3A	46	html
U+7F50	罐	CJK UNIFIED IDEOGRAPH-7F50	49	html
U+7F51	网	CJK UNIFIED IDEOGRAPH-7F51	42	html,html-attr
U+7F55	罕	CJK UNIFIED IDEOGRAPH-7F55	13	html
U+7F57	罗	CJK UNIFIED IDEOGRAPH-7F57	31	html
U+7F5A	罚	CJK UNIFIED IDEOGRAPH-7F5A	14	html
U+7F62	罢	CJK UNIFIED IDEOGRAPH-7F62	257	html
U+7F69	罩	CJK UNIFIED IDEOGRAPH-7F69	32	html,json
U+7F6A	罪	CJK UNIFIED IDEOGRAPH-7F6A	43	html,json
U+7F6E	置	CJK UNIFIED IDEOGRAPH-7F6E	101	html,js,json
U+7F72	署	CJK UNIFIED IDEOGRAPH-7F72	10	html
U+7F81	羁	CJK UNIFIED IDEOGRAPH-7F81	4	html
U+7F8A	羊	CJK UNIFIED IDEOGRAPH-7F8A	31	html,json
U+7F8E	美	CJK UNIFIED IDEOGRAPH-7F8E	221	html,json
U+7F9E	羞	CJK UNIFIED IDEOGRAPH-7F9E	26	html
U+7FA1	羡	CJK UNIFIED IDEOGRAPH-7FA1	19	html
U+7FA4	群	CJK UNIFIED IDEOGRAPH-7FA4	170	html,json
U+7FA9	義	CJK UNIFIED IDEOGRAPH-7FA9	1	html
U+7FB9	羹	CJK UNIFIED IDEOGRAPH-7FB9	2	html
U+7FBD	羽	CJK UNIFIED IDEOGRAPH-7FBD	34	html,json
U+7FC5	翅	CJK UNIFIED IDEOGRAPH-7FC5	67	html
U+7FD4	翔	CJK UNIFIED IDEOGRAPH-7FD4	17	html,json
U+7FD8	翘	CJK UNIFIED IDEOGRAPH-7FD8	1	html
U+7FE0	翠	CJK UNIFIED IDEOGRAPH-7FE0	20	html
U+7FE1	翡	CJK UNIFIED IDEOGRAPH-7FE1	1	html
U+7FE9	翩	CJK UNIFIED IDEOGRAPH-7FE9	4	html
U+7FF1	翱	CJK UNIFIED IDEOGRAPH-7FF1	6	html
U+7FFB	翻	CJK UNIFIED IDEOGRAPH-7FFB	129	html,html-attr,js,json
U+7FFC	翼	CJK UNIFIED IDEOGRAPH-7FFC	67	html
U+8000	耀	CJK UNIFIED IDEOGRAPH-8000	94	html,json
U+8001	老	CJK UNIFIED IDEOGRAPH-8001	321	html
U+8003	考	CJK UNIFIED IDEOGRAPH-8003	122	html,json
U+8005	者	CJK UNIFIED IDEOGRAPH-8005	371	html,json
U+800C	而	CJK UNIFIED IDEOGRAPH-800C	1221	html,html-attr,json
U+800D	耍	CJK UNIFIED IDEOGRAPH-800D	13	html,json
U+8010	耐	CJK UNIFIED IDEOGRAPH-8010	10	html
U+8015	耕	CJK UNIFIED IDEOGRAPH-8015	4	html
U+8017	耗	CJK UNIFIED IDEOGRAPH-8017	18	html
U+8033	耳	CJK UNIFIED IDEOGRAPH-8033	119	html
U+8036	耶	CJK UNIFIED IDEOGRAPH-8036	1	html
U+8037	耷	CJK UNIFIED IDEOGRAPH-8037	2	html
U+8038	耸	CJK UNIFIED IDEOGRAPH-8038	20	html
U+803B	耻	CJK UNIFIED IDEOGRAPH-803B	7	html
U+8046	聆	CJK UNIFIED IDEOGRAPH-8046	6	html,json
U+804A	聊	CJK UNIFIED IDEOGRAPH-804A	72	html,json
U+804C	职	CJK UNIFIED IDEOGRAPH-804C	29	html
U+8054	联	CJK UNIFIED IDEOGRAPH-8054	140	html,json
U+805A	聚	CJK UNIFIED IDEOGRAPH-805A	95	html,json
U+806A	聪	CJK UNIFIED IDEOGRAPH-806A	33	html,json
U+8083	肃	CJK UNIFIED IDEOGRAPH-8083	22	html
U+8086	肆	CJK UNIFIED IDEOGRAPH-8086	8	html
U+8089	肉	CJK UNIFIED IDEOGRAPH-8089	52	html
U+808B	肋	CJK UNIFIED IDEOGRAPH-808B	1	html
U+808C	肌	CJK UNIFIED IDEOGRAPH-808C	5	html
U+8098	肘	CJK UNIFIED IDEOGRAPH-8098	1	html
U+809A	肚	CJK UNIFIED IDEOGRAPH-809A	20	html
U+809D	肝	CJK UNIFIED IDEOGRAPH-809D	1	html
U+80A0	肠	CJK UNIFIED IDEOGRAPH-80A0	6	html
U+80A1	股	CJK UNIFIED IDEOGRAPH-80A1	65	html
U+80A2	肢	CJK UNIFIED IDEOGRAPH-80A2	7	html
U+80A4	肤	CJK UNIFIED IDEOGRAPH-80A4	16	html,html-attr
U+80A5	肥	CJK UNIFIED IDEOGRAPH-80A5	7	html
U+80A9	肩	CJK UNIFIED IDEOGRAPH-80A9	30	html
U+80AE	肮	CJK UNIFIED IDEOGRAPH-80AE	5	html
U+80AF	肯	CJK UNIFIED IDEOGRAPH-80AF	93	html
U+80B2	育	CJK UNIFIED IDEOGRAPH-80B2	8	html
U+80B4	肴	CJK UNIFIED IDEOGRAPH-80B4	2	html
U+80BA	肺	CJK UNIFIED IDEOGRAPH-80BA	2	html
U+80BF	肿	CJK UNIFIED IDEOGRAPH-80BF	1	html
U+80C0	胀	CJK UNIFIED IDEOGRAPH-80C0	16	html
U+80C1	胁	CJK UNIFIED IDEOGRAPH-80C1	11	html
U+80C3	胃	CJK UNIFIED IDEOGRAPH-80C3	6	html
U+80C6	胆	CJK UNIFIED IDEOGRAPH-80C6	20	html
U+80CC	背	CJK UNIFIED IDEOGRAPH-80CC	108	html
U+80CE	胎	CJK UNIFIED IDEOGRAPH-80CE	3	html
U+80D6	胖	CJK UNIFIED IDEOGRAPH-80D6	13	html
U+80DC	胜	CJK UNIFIED IDEOGRAPH-80DC	14	html
U+80DE	胞	CJK UNIFIED IDEOGRAPH-80DE	7	html
U+80E1	胡	CJK UNIFIED IDEOGRAPH-80E1	50	html
U+80E7	胧	CJK UNIFIED IDEOGRAPH-80E7	30	html
U+80ED	胭	CJK UNIFIED IDEOGRAPH-80ED	1	html
U+80F3	胳	CJK UNIFIED IDEOGRAPH-80F3	1	html
U+80F6	胶	CJK UNIFIED IDEOGRAPH-80F6	2	html
U+80F8	胸	CJK UNIFIED IDEOGRAPH-80F8	21	html
U+80FA	胺	CJK UNIFIED IDEOGRAPH-80FA	1	html
U+80FD	能	CJK UNIFIED IDEOGRAPH-80FD	1494	html,js,json
U+8102	脂	CJK UNIFIED IDEOGRAPH-8102	4	html
U+8106	脆	CJK UNIFIED IDEOGRAPH-8106	22	html
U+8109	脉	CJK UNIFIED IDEOGRAPH-8109	77	html,json
U+810A	脊	CJK UNIFIED IDEOGRAPH-810A	4	html
U+810F	脏	CJK UNIFIED IDEOGRAPH-810F	35	html
U+8111	脑	CJK UNIFIED IDEOGRAPH-8111	203	html,json
U+8116	脖	CJK UNIFIED IDEOGRAPH-8116	18	html
U+811A	脚	CJK UNIFIED IDEOGRAPH-811A	119	html,js,json
U+8131	脱	CJK UNIFIED IDEOGRAPH-8131	46	html
U+8138	脸	CJK UNIFIED IDEOGRAPH-8138	314	html
U+813E	脾	CJK UNIFIED IDEOGRAPH-813E	3	html
U+8146	腆	CJK UNIFIED IDEOGRAPH-8146	5	html
U+814A	腊	CJK UNIFIED IDEOGRAPH-814A	1	html
U+814C	腌	CJK UNIFIED IDEOGRAPH-814C	2	html
U+8150	腐	CJK UNIFIED IDEOGRAPH-8150	23	html
U+8151	腑	CJK UNIFIED IDEOGRAPH-8151	3	html
U+8154	腔	CJK UNIFIED IDEOGRAPH-8154	16	html
U+8155	腕	CJK UNIFIED IDEOGRAPH-8155	2	html
U+8165	腥	CJK UNIFIED IDEOGRAPH-8165	19	html
U+8170	腰	CJK UNIFIED IDEOGRAPH-8170	47	html
U+8174	腴	CJK UNIFIED IDEOGRAPH-8174	2	html
U+8179	腹	CJK UNIFIED IDEOGRAPH-8179	6	html
U+817A	腺	CJK UNIFIED IDEOGRAPH-817A	2	html
U+817B	腻	CJK UNIFIED IDEOGRAPH-817B	18	html
U+817C	腼	CJK UNIFIED IDEOGRAPH-817C	5	html
U+817E	腾	CJK UNIFIED IDEOGRAPH-817E	24	html
U+817F	腿	CJK UNIFIED IDEOGRAPH-817F	33	html
U+8180	膀	CJK UNIFIED IDEOGRAPH-8180	83	html
U+818A	膊	CJK UNIFIED IDEOGRAPH-818A	1	html
U+818F	膏	CJK UNIFIED IDEOGRAPH-818F	3	html
U+819B	膛	CJK UNIFIED IDEOGRAPH-819B	11	html
U+819C	膜	CJK UNIFIED IDEOGRAPH-819C	11	html
U+819D	膝	CJK UNIFIED IDEOGRAPH-819D	4	html
U+81A8	膨	CJK UNIFIED IDEOGRAPH-81A8	12	html
U+81C2	臂	CJK UNIFIED IDEOGRAPH-81C2	20	html
U+81C3	臃	CJK UNIFIED IDEOGRAPH-81C3	1	html
U+81E3	臣	CJK UNIFIED IDEOGRAPH-81E3	2	html
U+81EA	自	CJK UNIFIED IDEOGRAPH-81EA	1246	html,html-attr,json
U+81ED	臭	CJK UNIFIED IDEOGRAPH-81ED	6	html
U+81F3	至	CJK UNIFIED IDEOGRAPH-81F3	491	html,json
U+81F4	致	CJK UNIFIED IDEOGRAPH-81F4	39	html
U+81FE	臾	CJK UNIFIED IDEOGRAPH-81FE	2	html
U+820C	舌	CJK UNIFIED IDEOGRAPH-820C	61	html
U+820D	舍	CJK UNIFIED IDEOGRAPH-820D	14	html
U+8210	舐	CJK UNIFIED IDEOGRAPH-8210	1	html
U+8212	舒	CJK UNIFIED IDEOGRAPH-8212	44	html
U+8214	舔	CJK UNIFIED IDEOGRAPH-8214	14	html
U+821E	舞	CJK UNIFIED IDEOGRAPH-821E	129	html
U+821F	舟	CJK UNIFIED IDEOGRAPH-821F	18	html
U+822A	航	CJK UNIFIED IDEOGRAPH-822A	60	html,html-attr,js,json
U+822C	般	CJK UNIFIED IDEOGRAPH-822C	579	html,json
U+8230	舰	CJK UNIFIED IDEOGRAPH-8230	83	html
U+8231	舱	CJK UNIFIED IDEOGRAPH-8231	34	html
U+8235	舵	CJK UNIFIED IDEOGRAPH-8235	6	html
U+8236	舶	CJK UNIFIED IDEOGRAPH-8236	1	html
U+8239	船	CJK UNIFIED IDEOGRAPH-8239	157	html,json
U+8247	艇	CJK UNIFIED IDEOGRAPH-8247	41	html
U+8258	艘	CJK UNIFIED IDEOGRAPH-8258	37	html
U+826F	良	CJK UNIFIED IDEOGRAPH-826F	37	html,json
U+8270	艰	CJK UNIFIED IDEOGRAPH-8270	35	html,json
U+8272	色	CJK UNIFIED IDEOGRAPH-8272	1462	html,html-attr,json
U+8273	艳	CJK UNIFIED IDEOGRAPH-8273	11	html
U+827A	艺	CJK UNIFIED IDEOGRAPH-827A	54	html,html-attr,json
U+8282	节	CJK UNIFIED IDEOGRAPH-8282	101	html,js,json
U+8292	芒	CJK UNIFIED IDEOGRAPH-8292	89	html
U+8299	芙	CJK UNIFIED IDEOGRAPH-8299	1	html
U+829C	芜	CJK UNIFIED IDEOGRAPH-829C	2	html
U+82A6	芦	CJK UNIFIED IDEOGRAPH-82A6	7	html
U+82AC	芬	CJK UNIFIED IDEOGRAPH-82AC	15	html
U+82AF	芯	CJK UNIFIED IDEOGRAPH-82AF	1	html
U+82B1	花	CJK UNIFIED IDEOGRAPH-82B1	376	html,json
U+82B3	芳	CJK UNIFIED IDEOGRAPH-82B3	15	html
U+82B8	芸	CJK UNIFIED IDEOGRAPH-82B8	2	html
U+82B9	芹	CJK UNIFIED IDEOGRAPH-82B9	4	html
U+82BD	芽	CJK UNIFIED IDEOGRAPH-82BD	2	html
U+82CD	苍	CJK UNIFIED IDEOGRAPH-82CD	38	html,json
U+82CF	苏	CJK UNIFIED IDEOGRAPH-82CF	25	html
U+82D4	苔	CJK UNIFIED IDEOGRAPH-82D4	13	html
U+82D7	苗	CJK UNIFIED IDEOGRAPH-82D7	7	html
U+82DC	苜	CJK UNIFIED IDEOGRAPH-82DC	1	html
U+82DF	苟	CJK UNIFIED IDEOGRAPH-82DF	2	html
U+82E5	若	CJK UNIFIED IDEOGRAPH-82E5	229	html,json
U+82E6	苦	CJK UNIFIED IDEOGRAPH-82E6	95	html,json
U+82EF	苯	CJK UNIFIED IDEOGRAPH-82EF	1	html
U+82F1	英	CJK UNIFIED IDEOGRAPH-82F1	27	html
U+82F9	苹	CJK UNIFIED IDEOGRAPH-82F9	42	html,json
U+8302	茂	CJK UNIFIED IDEOGRAPH-8302	25	html,json
U+8303	范	CJK UNIFIED IDEOGRAPH-8303	9	html
U+8304	茄	CJK UNIFIED IDEOGRAPH-8304	11	html
U+8305	茅	CJK UNIFIED IDEOGRAPH-8305	1	html
U+8309	茉	CJK UNIFIED IDEOGRAPH-8309	238	html,html-attr,json
U+830E	茎	CJK UNIFIED IDEOGRAPH-830E	4	html
U+8317	茗	CJK UNIFIED IDEOGRAPH-8317	10	html
U+831C	茜	CJK UNIFIED IDEOGRAPH-831C	10	html
U+8327	茧	CJK UNIFIED IDEOGRAPH-8327	12	html
U+8328	茨	CJK UNIFIED IDEOGRAPH-8328	18	html
U+832B	茫	CJK UNIFIED IDEOGRAPH-832B	62	html,json
U+8336	茶	CJK UNIFIED IDEOGRAPH-8336	35	html,json
U+8338	茸	CJK UNIFIED IDEOGRAPH-8338	2	html
U+8346	荆	CJK UNIFIED IDEOGRAPH-8346	1	json
U+8349	草	CJK UNIFIED IDEOGRAPH-8349	977	html,html-attr,js,json
U+8350	荐	CJK UNIFIED IDEOGRAPH-8350	5	html
U+8352	荒	CJK UNIFIED IDEOGRAPH-8352	66	html,json
U+835C	荜	CJK UNIFIED IDEOGRAPH-835C	1	html
U+8361	荡	CJK UNIFIED IDEOGRAPH-8361	122	html,json
U+8363	荣	CJK UNIFIED IDEOGRAPH-8363	17	html
U+8364	荤	CJK UNIFIED IDEOGRAPH-8364	2	html
U+8367	荧	CJK UNIFIED IDEOGRAPH-8367	10	html
U+836B	荫	CJK UNIFIED IDEOGRAPH-836B	8	html,json
U+836F	药	CJK UNIFIED IDEOGRAPH-836F	75	html,json
U+8377	荷	CJK UNIFIED IDEOGRAPH-8377	14	html
U+837C	荼	CJK UNIFIED IDEOGRAPH-837C	1	html
U+8389	莉	CJK UNIFIED IDEOGRAPH-8389	249	html,html-attr,json
U+838E	莎	CJK UNIFIED IDEOGRAPH-838E	2	html
U+8393	莓	CJK UNIFIED IDEOGRAPH-8393	17	html,js,json
U+83AB	莫	CJK UNIFIED IDEOGRAPH-83AB	19	html,js
U+83B1	莱	CJK UNIFIED IDEOGRAPH-83B1	4	html
U+83B2	莲	CJK UNIFIED IDEOGRAPH-83B2	1	html
U+83B7	获	CJK UNIFIED IDEOGRAPH-83B7	39	html,json
U+83B9	莹	CJK UNIFIED IDEOGRAPH-83B9	9	html
U+83BA	莺	CJK UNIFIED IDEOGRAPH-83BA	23	html,js,json
U+83C7	菇	CJK UNIFIED IDEOGRAPH-83C7	28	html
U+83CA	菊	CJK UNIFIED IDEOGRAPH-83CA	8	html
U+83CC	菌	CJK UNIFIED IDEOGRAPH-83CC	5	html
U+83DC	菜	CJK UNIFIED IDEOGRAPH-83DC	192	html,js,json
U+83E0	菠	CJK UNIFIED IDEOGRAPH-83E0	5	html
U+83E2	菢	CJK UNIFIED IDEOGRAPH-83E2	1	html
U+83F1	菱	CJK UNIFIED IDEOGRAPH-83F1	1	html
U+8403	萃	CJK UNIFIED IDEOGRAPH-8403	1	html
U+8404	萄	CJK UNIFIED IDEOGRAPH-8404	5	html
U+840C	萌	CJK UNIFIED IDEOGRAPH-840C	1	html
U+840D	萍	CJK UNIFIED IDEOGRAPH-840D	19	html
U+840E	萎	CJK UNIFIED IDEOGRAPH-840E	5	html
U+841D	萝	CJK UNIFIED IDEOGRAPH-841D	29	html,js
U+8424	萤	CJK UNIFIED IDEOGRAPH-8424	9	html
U+8425	营	CJK UNIFIED IDEOGRAPH-8425	21	html
U+8426	萦	CJK UNIFIED IDEOGRAPH-8426	4	html
U+8427	萧	CJK UNIFIED IDEOGRAPH-8427	2	html
U+8428	萨	CJK UNIFIED IDEOGRAPH-8428	14	html
U+843D	落	CJK UNIFIED IDEOGRAPH-843D	593	html,json
U+8457	著	CJK UNIFIED IDEOGRAPH-8457	6	html
U+8461	葡	CJK UNIFIED IDEOGRAPH-8461	5	html
U+8463	董	CJK UNIFIED IDEOGRAPH-8463	9	html
U+8465	葥	CJK UNIFIED IDEOGRAPH-8465	1	html
U+846C	葬	CJK UNIFIED IDEOGRAPH-846C	6	html,json
U+8471	葱	CJK UNIFIED IDEOGRAPH-8471	22	html
U+8475	葵	CJK UNIFIED IDEOGRAPH-8475	3	html
U+8482	蒂	CJK UNIFIED IDEOGRAPH-8482	89	html,html-attr,json
U+8485	蒅	CJK UNIFIED IDEOGRAPH-8485	3	html
U+8499	蒙	CJK UNIFIED IDEOGRAPH-8499	45	html,json
U+849F	蒟	CJK UNIFIED IDEOGRAPH-849F	2	html
U+84B2	蒲	CJK UNIFIED IDEOGRAPH-84B2	6	html
U+84B8	蒸	CJK UNIFIED IDEOGRAPH-84B8	24	html
U+84BB	蒻	CJK UNIFIED IDEOGRAPH-84BB	2	html
U+84C4	蓄	CJK UNIFIED IDEOGRAPH-84C4	9	html
U+84DD	蓝	CJK UNIFIED IDEOGRAPH-84DD	306	html,html-attr,json
U+84EC	蓬	CJK UNIFIED IDEOGRAPH-84EC	9	html
U+84FF	蓿	CJK UNIFIED IDEOGRAPH-84FF	1	html
U+8511	蔑	CJK UNIFIED IDEOGRAPH-8511	1	html
U+8513	蔓	CJK UNIFIED IDEOGRAPH-8513	67	html,json
U+8517	蔗	CJK UNIFIED IDEOGRAPH-8517	1	html
U+851A	蔚	CJK UNIFIED IDEOGRAPH-851A	16	html,json
U+852C	蔬	CJK UNIFIED IDEOGRAPH-852C	20	html
U+8537	蔷	CJK UNIFIED IDEOGRAPH-8537	4	html
U+853C	蔼	CJK UNIFIED IDEOGRAPH-853C	1	html
U+853D	蔽	CJK UNIFIED IDEOGRAPH-853D	8	html
U+8549	蕉	CJK UNIFIED IDEOGRAPH-8549	13	html
U+857E	蕾	CJK UNIFIED IDEOGRAPH-857E	1	html
U+8584	薄	CJK UNIFIED IDEOGRAPH-8584	25	html
U+8587	薇	CJK UNIFIED IDEOGRAPH-8587	4	html
U+859B	薛	CJK UNIFIED IDEOGRAPH-859B	3	html
U+85AA	薪	CJK UNIFIED IDEOGRAPH-85AA	2	html
U+85AF	薯	CJK UNIFIED IDEOGRAPH-85AF	40	html
U+85B0	薰	CJK UNIFIED IDEOGRAPH-85B0	5	html
U+85C9	藉	CJK UNIFIED IDEOGRAPH-85C9	1	html
U+85CF	藏	CJK UNIFIED IDEOGRAPH-85CF	73	html
U+85D3	藓	CJK UNIFIED IDEOGRAPH-85D3	2	html
U+85D5	藕	CJK UNIFIED IDEOGRAPH-85D5	3	html
U+85E4	藤	CJK UNIFIED IDEOGRAPH-85E4	30	html,json
U+8611	蘑	CJK UNIFIED IDEOGRAPH-8611	27	html
U+8638	蘸	CJK UNIFIED IDEOGRAPH-8638	1	html
U+864E	虎	CJK UNIFIED IDEOGRAPH-864E	6	html
U+864F	虏	CJK UNIFIED IDEOGRAPH-864F	1	html
U+8650	虐	CJK UNIFIED IDEOGRAPH-8650	2	html
U+8651	虑	CJK UNIFIED IDEOGRAPH-8651	53	html,json
U+8654	虔	CJK UNIFIED IDEOGRAPH-8654	2	html
U+865A	虚	CJK UNIFIED IDEOGRAPH-865A	64	html,json
U+866B	虫	CJK UNIFIED IDEOGRAPH-866B	77	html,json
U+8679	虹	CJK UNIFIED IDEOGRAPH-8679	69	html,json
U+867D	虽	CJK UNIFIED IDEOGRAPH-867D	330	html,json
U+867E	虾	CJK UNIFIED IDEOGRAPH-867E	2	html
U+8680	蚀	CJK UNIFIED IDEOGRAPH-8680	7	html
U+8681	蚁	CJK UNIFIED IDEOGRAPH-8681	2	html
U+868A	蚊	CJK UNIFIED IDEOGRAPH-868A	4	html
U+8693	蚓	CJK UNIFIED IDEOGRAPH-8693	2	html
U+8695	蚕	CJK UNIFIED IDEOGRAPH-8695	1	html
U+869D	蚝	CJK UNIFIED IDEOGRAPH-869D	1	html
U+86AF	蚯	CJK UNIFIED IDEOGRAPH-86AF	2	html
U+86C0	蛀	CJK UNIFIED IDEOGRAPH-86C0	1	html
U+86C7	蛇	CJK UNIFIED IDEOGRAPH-86C7	17	html
U+86CB	蛋	CJK UNIFIED IDEOGRAPH-86CB	120	html,json
U+86D9	蛙	CJK UNIFIED IDEOGRAPH-86D9	3	html
U+86DB	蛛	CJK UNIFIED IDEOGRAPH-86DB	6	html
U+86EE	蛮	CJK UNIFIED IDEOGRAPH-86EE	2	html
U+86FE	蛾	CJK UNIFIED IDEOGRAPH-86FE	3	html
U+8702	蜂	CJK UNIFIED IDEOGRAPH-8702	15	html,json
U+8703	蜃	CJK UNIFIED IDEOGRAPH-8703	2	html
U+8712	蜒	CJK UNIFIED IDEOGRAPH-8712	17	html
U+8713	蜓	CJK UNIFIED IDEOGRAPH-8713	1	html
U+8717	蜗	CJK UNIFIED IDEOGRAPH-8717	1	html
U+8718	蜘	CJK UNIFIED IDEOGRAPH-8718	3	html
U+871C	蜜	CJK UNIFIED IDEOGRAPH-871C	12	html,json
U+8721	蜡	CJK UNIFIED IDEOGRAPH-8721	8	html
U+8737	蜷	CJK UNIFIED IDEOGRAPH-8737	5	html
U+873B	蜻	CJK UNIFIED IDEOGRAPH-873B	1	html
U+873F	蜿	CJK UNIFIED IDEOGRAPH-873F	16	html
U+8747	蝇	CJK UNIFIED IDEOGRAPH-8747	2	html
U+8749	蝉	CJK UNIFIED IDEOGRAPH-8749	16	html,json
U+8759	蝙	CJK UNIFIED IDEOGRAPH-8759	3	html
U+8760	蝠	CJK UNIFIED IDEOGRAPH-8760	3	html
U+8774	蝴	CJK UNIFIED IDEOGRAPH-8774	7	html
U+8776	蝶	CJK UNIFIED IDEOGRAPH-8776	19	html
U+8783	螃	CJK UNIFIED IDEOGRAPH-8783	2	html
U+878D	融	CJK UNIFIED IDEOGRAPH-878D	34	html,json
U+87B3	螳	CJK UNIFIED IDEOGRAPH-87B3	3	html
U+87BA	螺	CJK UNIFIED IDEOGRAPH-87BA	33	html
U+87D2	蟒	CJK UNIFIED IDEOGRAPH-87D2	1	html
U+87F9	蟹	CJK UNIFIED IDEOGRAPH-87F9	3	html
U+8815	蠕	CJK UNIFIED IDEOGRAPH-8815	3	html
U+8822	蠢	CJK UNIFIED IDEOGRAPH-8822	38	html
U+8840	血	CJK UNIFIED IDEOGRAPH-8840	122	html,html-attr,json
U+8845	衅	CJK UNIFIED IDEOGRAPH-8845	1	html
U+884C	行	CJK UNIFIED IDEOGRAPH-884C	526	html,json
U+8854	衔	CJK UNIFIED IDEOGRAPH-8854	6	html
U+8857	街	CJK UNIFIED IDEOGRAPH-8857	46	html
U+8861	衡	CJK UNIFIED IDEOGRAPH-8861	2	html
U+8863	衣	CJK UNIFIED IDEOGRAPH-8863	122	html,js
U+8865	补	CJK UNIFIED IDEOGRAPH-8865	46	html
U+8868	表	CJK UNIFIED IDEOGRAPH-8868	203	html,html-attr,js,json
U+886B	衫	CJK UNIFIED IDEOGRAPH-886B	10	html,json
U+886C	衬	CJK UNIFIED IDEOGRAPH-886C	10	html
U+8870	衰	CJK UNIFIED IDEOGRAPH-8870	8	html
U+8877	衷	CJK UNIFIED IDEOGRAPH-8877	3	html
U+8885	袅	CJK UNIFIED IDEOGRAPH-8885	2	html
U+888B	袋	CJK UNIFIED IDEOGRAPH-888B	104	html
U+888D	袍	CJK UNIFIED IDEOGRAPH-888D	38	html
U+8896	袖	CJK UNIFIED IDEOGRAPH-8896	1	html
U+88A4	袤	CJK UNIFIED IDEOGRAPH-88A4	5	html
U+88AB	被	CJK UNIFIED IDEOGRAPH-88AB	1354	html,html-attr,json
U+88AD	袭	CJK UNIFIED IDEOGRAPH-88AD	25	html,json
U+88C1	裁	CJK UNIFIED IDEOGRAPH-88C1	6	html
U+88C2	裂	CJK UNIFIED IDEOGRAPH-88C2	90	html,json
U+88C5	装	CJK UNIFIED IDEOGRAPH-88C5	137	html
U+88D5	裕	CJK UNIFIED IDEOGRAPH-88D5	3	html
U+88D9	裙	CJK UNIFIED IDEOGRAPH-88D9	28	html
U+88E4	裤	CJK UNIFIED IDEOGRAPH-88E4	3	html
U+88F3	裳	CJK UNIFIED IDEOGRAPH-88F3	5	html
U+88F8	裸	CJK UNIFIED IDEOGRAPH-88F8	5	html,json
U+88F9	裹	CJK UNIFIED IDEOGRAPH-88F9	45	html
U+8902	褂	CJK UNIFIED IDEOGRAPH-8902	3	html
U+8910	褐	CJK UNIFIED IDEOGRAPH-8910	7	html
U+8912	褒	CJK UNIFIED IDEOGRAPH-8912	1	html
U+892A	褪	CJK UNIFIED IDEOGRAPH-892A	58	html
U+8936	褶	CJK UNIFIED IDEOGRAPH-8936	2	html
U+897F	西	CJK UNIFIED IDEOGRAPH-897F	479	html,js,json
U+8981	要	CJK UNIFIED IDEOGRAPH-8981	1728	html,js,json
U+8986	覆	CJK UNIFIED IDEOGRAPH-8986	82	html
U+89C1	见	CJK UNIFIED IDEOGRAPH-89C1	916	html,js,json
U+89C2	观	CJK UNIFIED IDEOGRAPH-89C2	85	html,json
U+89C4	规	CJK UNIFIED IDEOGRAPH-89C4	68	html
U+89C5	觅	CJK UNIFIED IDEOGRAPH-89C5	5	html,json
U+89C6	视	CJK UNIFIED IDEOGRAPH-89C6	154	html,html-attr
U+89C8	览	CJK UNIFIED IDEOGRAPH-89C8	11	html
U+89C9	觉	CJK UNIFIED IDEOGRAPH-89C9	545	html,js,json
U+89D1	觑	CJK UNIFIED IDEOGRAPH-89D1	1	html
U+89D2	角	CJK UNIFIED IDEOGRAPH-89D2	472	html,html-attr,js,json
U+89DE	觞	CJK UNIFIED IDEOGRAPH-89DE	1	html
U+89E3	解	CJK UNIFIED IDEOGRAPH-89E3	232	html,json
U+89E6	触	CJK UNIFIED IDEOGRAPH-89E6	77	html
U+8A00	言	CJK UNIFIED IDEOGRAPH-8A00	154	html,json
U+8A18	記	CJK UNIFIED IDEOGRAPH-8A18	1	html
U+8A89	誉	CJK UNIFIED IDEOGRAPH-8A89	4	html
U+8A91	誑	CJK UNIFIED IDEOGRAPH-8A91	1	html
U+8A93	誓	CJK UNIFIED IDEOGRAPH-8A93	15	html
U+8ADF	諟	CJK UNIFIED IDEOGRAPH-8ADF	1	html
U+8B66	警	CJK UNIFIED IDEOGRAPH-8B66	79	html
U+8BA1	计	CJK UNIFIED IDEOGRAPH-8BA1	142	html,js,json
U+8BA2	订	CJK UNIFIED IDEOGRAPH-8BA2	5	html
U+8BA4	认	CJK UNIFIED IDEOGRAPH-8BA4	164	html,js
U+8BA5	讥	CJK UNIFIED IDEOGRAPH-8BA5	3	html
U+8BA8	讨	CJK UNIFIED IDEOGRAPH-8BA8	65	html,json
U+8BA9	让	CJK UNIFIED IDEOGRAPH-8BA9	645	html,js,json
U+8BAA	讪	CJK UNIFIED IDEOGRAPH-8BAA	1	html
U+8BAD	训	CJK UNIFIED IDEOGRAPH-8BAD	16	html
U+8BAE	议	CJK UNIFIED IDEOGRAPH-8BAE	69	html
U+8BAF	讯	CJK UNIFIED IDEOGRAPH-8BAF	24	html
U+8BB0	记	CJK UNIFIED IDEOGRAPH-8BB0	475	html,html-attr,js,json
U+8BB2	讲	CJK UNIFIED IDEOGRAPH-8BB2	96	html
U+8BB3	讳	CJK UNIFIED IDEOGRAPH-8BB3	1	html
U+8BB4	讴	CJK UNIFIED IDEOGRAPH-8BB4	1	html
U+8BB6	讶	CJK UNIFIED IDEOGRAPH-8BB6	13	html
U+8BB8	许	CJK UNIFIED IDEOGRAPH-8BB8	702	html,html-attr,json
U+8BB9	讹	CJK UNIFIED IDEOGRAPH-8BB9	2	html
U+8BBA	论	CJK UNIFIED IDEOGRAPH-8BBA	124	html,js,json
U+8BBC	讼	CJK UNIFIED IDEOGRAPH-8BBC	1	html
U+8BBD	讽	CJK UNIFIED IDEOGRAPH-8BBD	14	html
U+8BBE	设	CJK UNIFIED IDEOGRAPH-8BBE	68	html
U+8BBF	访	CJK UNIFIED IDEOGRAPH-8BBF	10	html
U+8BC1	证	CJK UNIFIED IDEOGRAPH-8BC1	153	html
U+8BC3	诃	CJK UNIFIED IDEOGRAPH-8BC3	1	html
U+8BC4	评	CJK UNIFIED IDEOGRAPH-8BC4	28	html,js,json
U+8BC5	诅	CJK UNIFIED IDEOGRAPH-8BC5	9	html
U+8BC6	识	CJK UNIFIED IDEOGRAPH-8BC6	165	html,json
U+8BC8	诈	CJK UNIFIED IDEOGRAPH-8BC8	3	html
U+8BC9	诉	CJK UNIFIED IDEOGRAPH-8BC9	126	html,json
U+8BCA	诊	CJK UNIFIED IDEOGRAPH-8BCA	3	html
U+8BCD	词	CJK UNIFIED IDEOGRAPH-8BCD	51	html,js
U+8BD1	译	CJK UNIFIED IDEOGRAPH-8BD1	19	html,html-attr,json
U+8BD5	试	CJK UNIFIED IDEOGRAPH-8BD5	308	html,html-attr,js,json
U+8BD7	诗	CJK UNIFIED IDEOGRAPH-8BD7	65	html,html-attr,json
U+8BDA	诚	CJK UNIFIED IDEOGRAPH-8BDA	25	html,json
U+8BDD	话	CJK UNIFIED IDEOGRAPH-8BDD	662	html,json
U+8BDE	诞	CJK UNIFIED IDEOGRAPH-8BDE	28	html,json
U+8BE1	诡	CJK UNIFIED IDEOGRAPH-8BE1	22	html,json
U+8BE2	询	CJK UNIFIED IDEOGRAPH-8BE2	20	html
U+8BE5	该	CJK UNIFIED IDEOGRAPH-8BE5	443	html,json
U+8BE6	详	CJK UNIFIED IDEOGRAPH-8BE6	29	html
U+8BE7	诧	CJK UNIFIED IDEOGRAPH-8BE7	2	html
U+8BED	语	CJK UNIFIED IDEOGRAPH-8BED	191	html
U+8BEF	误	CJK UNIFIED IDEOGRAPH-8BEF	46	html,js,json
U+8BF1	诱	CJK UNIFIED IDEOGRAPH-8BF1	17	html
U+8BF4	说	CJK UNIFIED IDEOGRAPH-8BF4	1567	html,js,json
U+8BF5	诵	CJK UNIFIED IDEOGRAPH-8BF5	1	html
U+8BF6	诶	CJK UNIFIED IDEOGRAPH-8BF6	5	html
U+8BF7	请	CJK UNIFIED IDEOGRAPH-8BF7	181	html,js
U+8BF8	诸	CJK UNIFIED IDEOGRAPH-8BF8	7	html
U+8BFA	诺	CJK UNIFIED IDEOGRAPH-8BFA	24	html
U+8BFB	读	CJK UNIFIED IDEOGRAPH-8BFB	101	html,js,json
U+8BFE	课	CJK UNIFIED IDEOGRAPH-8BFE	51	html
U+8C01	谁	CJK UNIFIED IDEOGRAPH-8C01	152	html,json
U+8C03	调	CJK UNIFIED IDEOGRAPH-8C03	71	html
U+8C05	谅	CJK UNIFIED IDEOGRAPH-8C05	22	html
U+8C08	谈	CJK UNIFIED IDEOGRAPH-8C08	59	html,json
U+8C0A	谊	CJK UNIFIED IDEOGRAPH-8C0A	69	html,json
U+8C0B	谋	CJK UNIFIED IDEOGRAPH-8C0B	13	html,json
U+8C0D	谍	CJK UNIFIED IDEOGRAPH-8C0D	3	html
U+8C0E	谎	CJK UNIFIED IDEOGRAPH-8C0E	16	html
U+8C10	谐	CJK UNIFIED IDEOGRAPH-8C10	23	html,json
U+8C13	谓	CJK UNIFIED IDEOGRAPH-8C13	47	html
U+8C14	谔	CJK UNIFIED IDEOGRAPH-8C14	3	html
U+8C19	谙	CJK UNIFIED IDEOGRAPH-8C19	2	html
U+8C1B	谛	CJK UNIFIED IDEOGRAPH-8C1B	2	html
U+8C1C	谜	CJK UNIFIED IDEOGRAPH-8C1C	11	html
U+8C22	谢	CJK UNIFIED IDEOGRAPH-8C22	257	html,json
U+8C23	谣	CJK UNIFIED IDEOGRAPH-8C23	3	html
U+8C27	谧	CJK UNIFIED IDEOGRAPH-8C27	13	html
U+8C28	谨	CJK UNIFIED IDEOGRAPH-8C28	1	html
U+8C31	谱	CJK UNIFIED IDEOGRAPH-8C31	7	html
U+8C34	谴	CJK UNIFIED IDEOGRAPH-8C34	3	html
U+8C37	谷	CJK UNIFIED IDEOGRAPH-8C37	53	html,json
U+8C41	豁	CJK UNIFIED IDEOGRAPH-8C41	4	html
U+8C46	豆	CJK UNIFIED IDEOGRAPH-8C46	28	html
U+8C4C	豌	CJK UNIFIED IDEOGRAPH-8C4C	2	html
U+8C5A	豚	CJK UNIFIED IDEOGRAPH-8C5A	5	html,js
U+8C61	象	CJK UNIFIED IDEOGRAPH-8C61	83	html
U+8C6A	豪	CJK UNIFIED IDEOGRAPH-8C6A	8	html
U+8C6B	豫	CJK UNIFIED IDEOGRAPH-8C6B	19	html
U+8C8C	貌	CJK UNIFIED IDEOGRAPH-8C8C	35	html
U+8D1D	贝	CJK UNIFIED IDEOGRAPH-8D1D	131	html,html-attr,json
U+8D1F	负	CJK UNIFIED IDEOGRAPH-8D1F	40	html,json
U+8D21	贡	CJK UNIFIED IDEOGRAPH-8D21	4	html
U+8D22	财	CJK UNIFIED IDEOGRAPH-8D22	38	html
U+8D23	责	CJK UNIFIED IDEOGRAPH-8D23	45	html,json
U+8D24	贤	CJK UNIFIED IDEOGRAPH-8D24	1	html
U+8D25	败	CJK UNIFIED IDEOGRAPH-8D25	37	html,js,json
U+8D26	账	CJK UNIFIED IDEOGRAPH-8D26	8	html
U+8D27	货	CJK UNIFIED IDEOGRAPH-8D27	55	html
U+8D28	质	CJK UNIFIED IDEOGRAPH-8D28	59	html,json
U+8D29	贩	CJK UNIFIED IDEOGRAPH-8D29	3	html
U+8D2A	贪	CJK UNIFIED IDEOGRAPH-8D2A	13	html
U+8D2B	贫	CJK UNIFIED IDEOGRAPH-8D2B	5	html
U+8D2C	贬	CJK UNIFIED IDEOGRAPH-8D2C	1	html
U+8D2D	购	CJK UNIFIED IDEOGRAPH-8D2D	29	html
U+8D2F	贯	CJK UNIFIED IDEOGRAPH-8D2F	13	html
U+8D31	贱	CJK UNIFIED IDEOGRAPH-8D31	2	html
U+8D34	贴	CJK UNIFIED IDEOGRAPH-8D34	62	html
U+8D35	贵	CJK UNIFIED IDEOGRAPH-8D35	33	html
U+8D38	贸	CJK UNIFIED IDEOGRAPH-8D38	11	html
U+8D39	费	CJK UNIFIED IDEOGRAPH-8D39	43	html
U+8D3C	贼	CJK UNIFIED IDEOGRAPH-8D3C	4	html
U+8D43	赃	CJK UNIFIED IDEOGRAPH-8D43	1	html
U+8D44	资	CJK UNIFIED IDEOGRAPH-8D44	43	html
U+8D4B	赋	CJK UNIFIED IDEOGRAPH-8D4B	12	html
U+8D4C	赌	CJK UNIFIED IDEOGRAPH-8D4C	10	html
U+8D4E	赎	CJK UNIFIED IDEOGRAPH-8D4E	9	html
U+8D4F	赏	CJK UNIFIED IDEOGRAPH-8D4F	22	html
U+8D50	赐	CJK UNIFIED IDEOGRAPH-8D50	10	html
U+8D54	赔	CJK UNIFIED IDEOGRAPH-8D54	5	html
U+8D56	赖	CJK UNIFIED IDEOGRAPH-8D56	6	html
U+8D58	赘	CJK UNIFIED IDEOGRAPH-8D58	2	html
U+8D5A	赚	CJK UNIFIED IDEOGRAPH-8D5A	15	html
U+8D5B	赛	CJK UNIFIED IDEOGRAPH-8D5B	18	html
U+8D5E	赞	CJK UNIFIED IDEOGRAPH-8D5E	7	html
U+8D60	赠	CJK UNIFIED IDEOGRAPH-8D60	10	html
U+8D62	赢	CJK UNIFIED IDEOGRAPH-8D62	10	html
U+8D64	赤	CJK UNIFIED IDEOGRAPH-8D64	12	html,json
U+8D66	赦	CJK UNIFIED IDEOGRAPH-8D66	8	html
U+8D6B	赫	CJK UNIFIED IDEOGRAPH-8D6B	6	html
U+8D6D	赭	CJK UNIFIED IDEOGRAPH-8D6D	1	html
U+8D70	走	CJK UNIFIED IDEOGRAPH-8D70	835	html,html-attr,js,json
U+8D74	赴	CJK UNIFIED IDEOGRAPH-8D74	4	html
U+8D76	赶	CJK UNIFIED IDEOGRAPH-8D76	70	html
U+8D77	起	CJK UNIFIED IDEOGRAPH-8D77	1636	html,json
U+8D81	趁	CJK UNIFIED IDEOGRAPH-8D81	14	html
U+8D85	超	CJK UNIFIED IDEOGRAPH-8D85	87	html,json
U+8D8A	越	CJK UNIFIED IDEOGRAPH-8D8A	270	html,js
U+8D9F	趟	CJK UNIFIED IDEOGRAPH-8D9F	12	html
U+8DA3	趣	CJK UNIFIED IDEOGRAPH-8DA3	80	html,js
U+8DB3	足	CJK UNIFIED IDEOGRAPH-8DB3	100	html
U+8DB4	趴	CJK UNIFIED IDEOGRAPH-8DB4	41	html
U+8DBE	趾	CJK UNIFIED IDEOGRAPH-8DBE	1	html
U+8DC3	跃	CJK UNIFIED IDEOGRAPH-8DC3	97	html,json
U+8DCB	跋	CJK UNIFIED IDEOGRAPH-8DCB	1	html
U+8DCC	跌	CJK UNIFIED IDEOGRAPH-8DCC	23	html
U+8DD1	跑	CJK UNIFIED IDEOGRAPH-8DD1	155	html,json
U+8DDA	跚	CJK UNIFIED IDEOGRAPH-8DDA	1	html
U+8DDD	距	CJK UNIFIED IDEOGRAPH-8DDD	59	html
U+8DDF	跟	CJK UNIFIED IDEOGRAPH-8DDF	72	html,json
U+8DE4	跤	CJK UNIFIED IDEOGRAPH-8DE4	3	html
U+8DE8	跨	CJK UNIFIED IDEOGRAPH-8DE8	25	html
U+8DEA	跪	CJK UNIFIED IDEOGRAPH-8DEA	19	html
U+8DEF	路	CJK UNIFIED IDEOGRAPH-8DEF	337	html,html-attr,js,json
U+8DF3	跳	CJK UNIFIED IDEOGRAPH-8DF3	167	html,js
U+8DF5	践	CJK UNIFIED IDEOGRAPH-8DF5	4	html
U+8DFA	跺	CJK UNIFIED IDEOGRAPH-8DFA	4	html
U+8E0F	踏	CJK UNIFIED IDEOGRAPH-8E0F	43	html,json
U+8E1D	踝	CJK UNIFIED IDEOGRAPH-8E1D	1	html
U+8E1E	踞	CJK UNIFIED IDEOGRAPH-8E1E	1	html
U+8E22	踢	CJK UNIFIED IDEOGRAPH-8E22	5	html
U+8E29	踩	CJK UNIFIED IDEOGRAPH-8E29	30	html
U+8E2A	踪	CJK UNIFIED IDEOGRAPH-8E2A	33	html,json
U+8E35	踵	CJK UNIFIED IDEOGRAPH-8E35	2	html
U+8E39	踹	CJK UNIFIED IDEOGRAPH-8E39	17	html
U+8E44	蹄	CJK UNIFIED IDEOGRAPH-8E44	418	html
U+8E48	蹈	CJK UNIFIED IDEOGRAPH-8E48	9	html
U+8E52	蹒	CJK UNIFIED IDEOGRAPH-8E52	1	html
U+8E66	蹦	CJK UNIFIED IDEOGRAPH-8E66	14	html
U+8E67	蹧	CJK UNIFIED IDEOGRAPH-8E67	2	html
U+8E69	蹩	CJK UNIFIED IDEOGRAPH-8E69	1	html
U+8E6C	蹬	CJK UNIFIED IDEOGRAPH-8E6C	1	html
U+8E6D	蹭	CJK UNIFIED IDEOGRAPH-8E6D	2	html
U+8E72	蹲	CJK UNIFIED IDEOGRAPH-8E72	3	html
U+8E76	蹶	CJK UNIFIED IDEOGRAPH-8E76	1	html
U+8E7C	蹼	CJK UNIFIED IDEOGRAPH-8E7C	1	html
U+8E81	躁	CJK UNIFIED IDEOGRAPH-8E81	34	html
U+8EAB	身	CJK UNIFIED IDEOGRAPH-8EAB	726	html,json
U+8EAC	躬	CJK UNIFIED IDEOGRAPH-8EAC	6	html
U+8EAF	躯	CJK UNIFIED IDEOGRAPH-8EAF	5	html
U+8EB2	躲	CJK UNIFIED IDEOGRAPH-8EB2	37	html
U+8EBA	躺	CJK UNIFIED IDEOGRAPH-8EBA	58	html
U+8F66	车	CJK UNIFIED IDEOGRAPH-8F66	178	html,json
U+8F68	轨	CJK UNIFIED IDEOGRAPH-8F68	34	html
U+8F6C	转	CJK UNIFIED IDEOGRAPH-8F6C	365	html,html-attr,js,json
U+8F6E	轮	CJK UNIFIED IDEOGRAPH-8F6E	57	html,json
U+8F6F	软	CJK UNIFIED IDEOGRAPH-8F6F	51	html,json
U+8F70	轰	CJK UNIFIED IDEOGRAPH-8F70	45	html
U+8F71	轱	CJK UNIFIED IDEOGRAPH-8F71	2	html
U+8F74	轴	CJK UNIFIED IDEOGRAPH-8F74	6	html,json
U+8F7B	轻	CJK UNIFIED IDEOGRAPH-8F7B	840	html,html-attr,json
U+8F7D	载	CJK UNIFIED IDEOGRAPH-8F7D	111	html,js
U+8F7F	轿	CJK UNIFIED IDEOGRAPH-8F7F	6	html
U+8F83	较	CJK UNIFIED IDEOGRAPH-8F83	17	html
U+8F85	辅	CJK UNIFIED IDEOGRAPH-8F85	4	html
U+8F86	辆	CJK UNIFIED IDEOGRAPH-8F86	21	html
U+8F88	辈	CJK UNIFIED IDEOGRAPH-8F88	44	html
U+8F89	辉	CJK UNIFIED IDEOGRAPH-8F89	51	html,json
U+8F90	辐	CJK UNIFIED IDEOGRAPH-8F90	8	html
U+8F91	辑	CJK UNIFIED IDEOGRAPH-8F91	6	html
U+8F93	输	CJK UNIFIED IDEOGRAPH-8F93	44	html,js
U+8F98	辘	CJK UNIFIED IDEOGRAPH-8F98	4	html
U+8F99	辙	CJK UNIFIED IDEOGRAPH-8F99	1	html
U+8F9B	辛	CJK UNIFIED IDEOGRAPH-8F9B	28	html
U+8F9C	辜	CJK UNIFIED IDEOGRAPH-8F9C	3	html
U+8F9E	辞	CJK UNIFIED IDEOGRAPH-8F9E	7	html,json
U+8F9F	辟	CJK UNIFIED IDEOGRAPH-8F9F	2	html
U+8FA3	辣	CJK UNIFIED IDEOGRAPH-8FA3	24	html,json
U+8FA8	辨	CJK UNIFIED IDEOGRAPH-8FA8	14	html
U+8FA9	辩	CJK UNIFIED IDEOGRAPH-8FA9	10	html
U+8FAB	辫	CJK UNIFIED IDEOGRAPH-8FAB	1	html
U+8FB0	辰	CJK UNIFIED IDEOGRAPH-8FB0	20	html,json
U+8FB1	辱	CJK UNIFIED IDEOGRAPH-8FB1	7	html
U+8FB9	边	CJK UNIFIED IDEOGRAPH-8FB9	375	html,js,json
U+8FBD	辽	CJK UNIFIED IDEOGRAPH-8FBD	2	html
U+8FBE	达	CJK UNIFIED IDEOGRAPH-8FBE	97	html
U+8FC1	迁	CJK UNIFIED IDEOGRAPH-8FC1	9	html
U+8FC2	迂	CJK UNIFIED IDEOGRAPH-8FC2	1	html
U+8FC4	迄	CJK UNIFIED IDEOGRAPH-8FC4	1	html
U+8FC5	迅	CJK UNIFIED IDEOGRAPH-8FC5	30	html
U+8FC7	过	CJK UNIFIED IDEOGRAPH-8FC7	1808	html,html-attr,json
U+8FC8	迈	CJK UNIFIED IDEOGRAPH-8FC8	21	html
U+8FCE	迎	CJK UNIFIED IDEOGRAPH-8FCE	47	html,js,json
U+8FD0	运	CJK UNIFIED IDEOGRAPH-8FD0	115	html,json
U+8FD1	近	CJK UNIFIED IDEOGRAPH-8FD1	205	html
U+8FD4	返	CJK UNIFIED IDEOGRAPH-8FD4	12	html,js
U+8FD8	还	CJK UNIFIED IDEOGRAPH-8FD8	2116	html,js,json
U+8FD9	这	CJK UNIFIED IDEOGRAPH-8FD9	4334	html,html-attr,json
U+8FDB	进	CJK UNIFIED IDEOGRAPH-8FDB	554	html,js,json
U+8FDC	远	CJK UNIFIED IDEOGRAPH-8FDC	622	html,json
U+8FDD	违	CJK UNIFIED IDEOGRAPH-8FDD	26	html
U+8FDE	连	CJK UNIFIED IDEOGRAPH-8FDE	376	html,json
U+8FDF	迟	CJK UNIFIED IDEOGRAPH-8FDF	56	html
U+8FEA	迪	CJK UNIFIED IDEOGRAPH-8FEA	46	html
U+8FEB	迫	CJK UNIFIED IDEOGRAPH-8FEB	38	html
U+8FF0	述	CJK UNIFIED IDEOGRAPH-8FF0	15	html
U+8FF7	迷	CJK UNIFIED IDEOGRAPH-8FF7	81	html,json
U+8FF8	迸	CJK UNIFIED IDEOGRAPH-8FF8	1	html
U+8FF9	迹	CJK UNIFIED IDEOGRAPH-8FF9	113	html
U+8FFD	追	CJK UNIFIED IDEOGRAPH-8FFD	62	html,html-attr,json
U+9000	退	CJK UNIFIED IDEOGRAPH-9000	56	html
U+9001	送	CJK UNIFIED IDEOGRAPH-9001	141	html,json
U+9002	适	CJK UNIFIED IDEOGRAPH-9002	83	html,json
U+9003	逃	CJK UNIFIED IDEOGRAPH-9003	61	html
U+9005	逅	CJK UNIFIED IDEOGRAPH-9005	1	html
U+9006	逆	CJK UNIFIED IDEOGRAPH-9006	91	html,html-attr,json
U+9009	选	CJK UNIFIED IDEOGRAPH-9009	143	html,json
U+900D	逍	CJK UNIFIED IDEOGRAPH-900D	3	html
U+900F	透	CJK UNIFIED IDEOGRAPH-900F	75	html
U+9010	逐	CJK UNIFIED IDEOGRAPH-9010	80	html,json
U+9011	逑	CJK UNIFIED IDEOGRAPH-9011	1	html
U+9012	递	CJK UNIFIED IDEOGRAPH-9012	17	html
U+9014	途	CJK UNIFIED IDEOGRAPH-9014	35	html,json
U+9017	逗	CJK UNIFIED IDEOGRAPH-9017	7	html
U+901A	通	CJK UNIFIED IDEOGRAPH-901A	181	html,json
U+901B	逛	CJK UNIFIED IDEOGRAPH-901B	11	html
U+901D	逝	CJK UNIFIED IDEOGRAPH-901D	35	html,js
U+901E	逞	CJK UNIFIED IDEOGRAPH-901E	8	html
U+901F	速	CJK UNIFIED IDEOGRAPH-901F	167	html
U+9020	造	CJK UNIFIED IDEOGRAPH-9020	110	html
U+9022	逢	CJK UNIFIED IDEOGRAPH-9022	5	html
U+902E	逮	CJK UNIFIED IDEOGRAPH-902E	7	html
U+9032	進	CJK UNIFIED IDEOGRAPH-9032	1	html
U+9038	逸	CJK UNIFIED IDEOGRAPH-9038	3	html
U+903B	逻	CJK UNIFIED IDEOGRAPH-903B	5	html
U+903C	逼	CJK UNIFIED IDEOGRAPH-903C	2	html
U+903E	逾	CJK UNIFIED IDEOGRAPH-903E	1	html
U+9042	遂	CJK UNIFIED IDEOGRAPH-9042	1	html
U+9047	遇	CJK UNIFIED IDEOGRAPH-9047	93	html,json
U+904D	遍	CJK UNIFIED IDEOGRAPH-904D	49	html
U+904F	遏	CJK UNIFIED IDEOGRAPH-904F	1	html
U+9050	遐	CJK UNIFIED IDEOGRAPH-9050	3	html
U+9053	道	CJK UNIFIED IDEOGRAPH-9053	1405	html,json
U+9057	遗	CJK UNIFIED IDEOGRAPH-9057	79	html
U+9060	遠	CJK UNIFIED IDEOGRAPH-9060	1	html
U+9062	遢	CJK UNIFIED IDEOGRAPH-9062	2	html
U+9063	遣	CJK UNIFIED IDEOGRAPH-9063	3	html
U+9065	遥	CJK UNIFIED IDEOGRAPH-9065	92	html,json
U+9068	遨	CJK UNIFIED IDEOGRAPH-9068	2	html
U+906D	遭	CJK UNIFIED IDEOGRAPH-906D	24	html
U+906E	遮	CJK UNIFIED IDEOGRAPH-906E	51	html
U+9075	遵	CJK UNIFIED IDEOGRAPH-9075	14	html
U+907F	避	CJK UNIFIED IDEOGRAPH-907F	46	html
U+9080	邀	CJK UNIFIED IDEOGRAPH-9080	9	html
U+9082	邂	CJK UNIFIED IDEOGRAPH-9082	1	html
U+9083	邃	CJK UNIFIED IDEOGRAPH-9083	11	html
U+908B	邋	CJK UNIFIED IDEOGRAPH-908B	2	html
U+90A3	那	CJK UNIFIED IDEOGRAPH-90A3	3932	html,html-attr,json
U+90A6	邦	CJK UNIFIED IDEOGRAPH-90A6	30	html
U+90AA	邪	CJK UNIFIED IDEOGRAPH-90AA	21	html
U+90AE	邮	CJK UNIFIED IDEOGRAPH-90AE	7	html
U+90AF	邯	CJK UNIFIED IDEOGRAPH-90AF	1	html
U+90BB	邻	CJK UNIFIED IDEOGRAPH-90BB	8	html
U+90C1	郁	CJK UNIFIED IDEOGRAPH-90C1	30	html
U+90CA	郊	CJK UNIFIED IDEOGRAPH-90CA	7	html
U+90D1	郑	CJK UNIFIED IDEOGRAPH-90D1	2	html
U+90E8	部	CJK UNIFIED IDEOGRAPH-90E8	283	html,html-attr,js,json
U+90F8	郸	CJK UNIFIED IDEOGRAPH-90F8	1	html
U+90FD	都	CJK UNIFIED IDEOGRAPH-90FD	1378	html,json
U+9119	鄙	CJK UNIFIED IDEOGRAPH-9119	5	html
U+914B	酋	CJK UNIFIED IDEOGRAPH-914B	1	html
U+914D	配	CJK UNIFIED IDEOGRAPH-914D	74	html,js,json
U+9152	酒	CJK UNIFIED IDEOGRAPH-9152	75	html,js
U+916A	酪	CJK UNIFIED IDEOGRAPH-916A	4	html
U+916C	酬	CJK UNIFIED IDEOGRAPH-916C	2	html
U+9171	酱	CJK UNIFIED IDEOGRAPH-9171	53	html
U+9175	酵	CJK UNIFIED IDEOGRAPH-9175	2	html
U+9177	酷	CJK UNIFIED IDEOGRAPH-9177	24	html,json
U+9178	酸	CJK UNIFIED IDEOGRAPH-9178	9	html
U+917F	酿	CJK UNIFIED IDEOGRAPH-917F	2	html
U+9187	醇	CJK UNIFIED IDEOGRAPH-9187	1	html
U+9189	醉	CJK UNIFIED IDEOGRAPH-9189	19	html
U+918B	醋	CJK UNIFIED IDEOGRAPH-918B	5	html
U+9192	醒	CJK UNIFIED IDEOGRAPH-9192	183	html,json
U+91BA	醺	CJK UNIFIED IDEOGRAPH-91BA	13	html
U+91C7	采	CJK UNIFIED IDEOGRAPH-91C7	55	html
U+91CA	释	CJK UNIFIED IDEOGRAPH-91CA	52	html,json
U+91CC	里	CJK UNIFIED IDEOGRAPH-91CC	2017	html,json
U+91CD	重	CJK UNIFIED IDEOGRAPH-91CD	327	html,json
U+91CE	野	CJK UNIFIED IDEOGRAPH-91CE	54	html
U+91CF	量	CJK UNIFIED IDEOGRAPH-91CF	143	html,json
U+91D1	金	CJK UNIFIED IDEOGRAPH-91D1	230	html,json
U+91DC	釜	CJK UNIFIED IDEOGRAPH-91DC	1	html
U+9274	鉴	CJK UNIFIED IDEOGRAPH-9274	2	html
U+9488	针	CJK UNIFIED IDEOGRAPH-9488	61	html
U+9489	钉	CJK UNIFIED IDEOGRAPH-9489	4	html
U+9493	钓	CJK UNIFIED IDEOGRAPH-9493	16	html
U+9499	钙	CJK UNIFIED IDEOGRAPH-9499	1	html
U+949D	钝	CJK UNIFIED IDEOGRAPH-949D	5	html
U+949F	钟	CJK UNIFIED IDEOGRAPH-949F	150	html
U+94A2	钢	CJK UNIFIED IDEOGRAPH-94A2	30	html
U+94A5	钥	CJK UNIFIED IDEOGRAPH-94A5	29	html
U+94A6	钦	CJK UNIFIED IDEOGRAPH-94A6	1	html
U+94A9	钩	CJK UNIFIED IDEOGRAPH-94A9	3	html
U+94AE	钮	CJK UNIFIED IDEOGRAPH-94AE	51	html,js
U+94B1	钱	CJK UNIFIED IDEOGRAPH-94B1	83	html
U+94B3	钳	CJK UNIFIED IDEOGRAPH-94B3	1	html
U+94BB	钻	CJK UNIFIED IDEOGRAPH-94BB	30	html
U+94C0	铀	CJK UNIFIED IDEOGRAPH-94C0	1	html
U+94C1	铁	CJK UNIFIED IDEOGRAPH-94C1	116	html,js
U+94C3	铃	CJK UNIFIED IDEOGRAPH-94C3	111	html,js,json
U+94C5	铅	CJK UNIFIED IDEOGRAPH-94C5	4	html
U+94DB	铛	CJK UNIFIED IDEOGRAPH-94DB	4	html
U+94DC	铜	CJK UNIFIED IDEOGRAPH-94DC	9	html
U+94DD	铝	CJK UNIFIED IDEOGRAPH-94DD	1	html
U+94F2	铲	CJK UNIFIED IDEOGRAPH-94F2	7	html
U+94F6	银	CJK UNIFIED IDEOGRAPH-94F6	79	html,json
U+94F8	铸	CJK UNIFIED IDEOGRAPH-94F8	5	html
U+94FA	铺	CJK UNIFIED IDEOGRAPH-94FA	24	html
U+94FE	链	CJK UNIFIED IDEOGRAPH-94FE	49	html
U+9500	销	CJK UNIFIED IDEOGRAPH-9500	12	html
U+9501	锁	CJK UNIFIED IDEOGRAPH-9501	75	html
U+9505	锅	CJK UNIFIED IDEOGRAPH-9505	31	html
U+9508	锈	CJK UNIFIED IDEOGRAPH-9508	11	html
U+950B	锋	CJK UNIFIED IDEOGRAPH-950B	18	html
U+9510	锐	CJK UNIFIED IDEOGRAPH-9510	47	html
U+9519	错	CJK UNIFIED IDEOGRAPH-9519	249	html,js,json
U+951A	锚	CJK UNIFIED IDEOGRAPH-951A	3	html
U+9524	锤	CJK UNIFIED IDEOGRAPH-9524	8	html
U+9525	锥	CJK UNIFIED IDEOGRAPH-9525	5	html
U+9526	锦	CJK UNIFIED IDEOGRAPH-9526	7	html
U+952E	键	CJK UNIFIED IDEOGRAPH-952E	13	html,js
U+952F	锯	CJK UNIFIED IDEOGRAPH-952F	1	html
U+9530	锰	CJK UNIFIED IDEOGRAPH-9530	1	html
U+953B	锻	CJK UNIFIED IDEOGRAPH-953B	2	html,json
U+9540	镀	CJK UNIFIED IDEOGRAPH-9540	4	html
U+9547	镇	CJK UNIFIED IDEOGRAPH-9547	131	html,json
U+9553	镓	CJK UNIFIED IDEOGRAPH-9553	1	html
U+9556	镖	CJK UNIFIED IDEOGRAPH-9556	3	html
U+955C	镜	CJK UNIFIED IDEOGRAPH-955C	52	html,json
U+9570	镰	CJK UNIFIED IDEOGRAPH-9570	6	html
U+9573	镳	CJK UNIFIED IDEOGRAPH-9573	1	html
U+9576	镶	CJK UNIFIED IDEOGRAPH-9576	18	html
U+957F	长	CJK UNIFIED IDEOGRAPH-957F	513	html,json
U+95E8	门	CJK UNIFIED IDEOGRAPH-95E8	417	html,json
U+95EA	闪	CJK UNIFIED IDEOGRAPH-95EA	300	html,json
U+95ED	闭	CJK UNIFIED IDEOGRAPH-95ED	108	html,js,json
U+95EE	问	CJK UNIFIED IDEOGRAPH-95EE	411	html,json
U+95EF	闯	CJK UNIFIED IDEOGRAPH-95EF	7	html
U+95F2	闲	CJK UNIFIED IDEOGRAPH-95F2	43	html,json
U+95F4	间	CJK UNIFIED IDEOGRAPH-95F4	809	html,json
U+95F7	闷	CJK UNIFIED IDEOGRAPH-95F7	21	html
U+95F8	闸	CJK UNIFIED IDEOGRAPH-95F8	3	html
U+95F9	闹	CJK UNIFIED IDEOGRAPH-95F9	64	html
U+95FB	闻	CJK UNIFIED IDEOGRAPH-95FB	67	html
U+9601	阁	CJK UNIFIED IDEOGRAPH-9601	27	html
U+9605	阅	CJK UNIFIED IDEOGRAPH-9605	39	html,json
U+960E	阎	CJK UNIFIED IDEOGRAPH-960E	8	html
U+9614	阔	CJK UNIFIED IDEOGRAPH-9614	35	html,json
U+961F	队	CJK UNIFIED IDEOGRAPH-961F	104	html
U+9631	阱	CJK UNIFIED IDEOGRAPH-9631	3	html
U+9632	防	CJK UNIFIED IDEOGRAPH-9632	54	html
U+9633	阳	CJK UNIFIED IDEOGRAPH-9633	506	html,html-attr,json
U+9634	阴	CJK UNIFIED IDEOGRAPH-9634	70	html,html-attr,json
U+9635	阵	CJK UNIFIED IDEOGRAPH-9635	170	html,json
U+9636	阶	CJK UNIFIED IDEOGRAPH-9636	19	html
U+963B	阻	CJK UNIFIED IDEOGRAPH-963B	40	html
U+963F	阿	CJK UNIFIED IDEOGRAPH-963F	26	html
U+9644	附	CJK UNIFIED IDEOGRAPH-9644	50	html
U+9645	际	CJK UNIFIED IDEOGRAPH-9645	71	html,json
U+9646	陆	CJK UNIFIED IDEOGRAPH-9646	165	html,json
U+9648	陈	CJK UNIFIED IDEOGRAPH-9648	3	html
U+964B	陋	CJK UNIFIED IDEOGRAPH-964B	6	html
U+964C	陌	CJK UNIFIED IDEOGRAPH-964C	9	html
U+964D	降	CJK UNIFIED IDEOGRAPH-964D	66	html,json
U+9650	限	CJK UNIFIED IDEOGRAPH-9650	57	html
U+965B	陛	CJK UNIFIED IDEOGRAPH-965B	12	html
U+9661	陡	CJK UNIFIED IDEOGRAPH-9661	3	html
U+9662	院	CJK UNIFIED IDEOGRAPH-9662	33	html,json
U+9664	除	CJK UNIFIED IDEOGRAPH-9664	132	html,json
U+9668	陨	CJK UNIFIED IDEOGRAPH-9668	2	html
U+9669	险	CJK UNIFIED IDEOGRAPH-9669	108	html,json
U+966A	陪	CJK UNIFIED IDEOGRAPH-966A	39	html
U+9672	陲	CJK UNIFIED IDEOGRAPH-9672	2	html
U+9675	陵	CJK UNIFIED IDEOGRAPH-9675	21	html,json
U+9676	陶	CJK UNIFIED IDEOGRAPH-9676	18	html
U+9677	陷	CJK UNIFIED IDEOGRAPH-9677	33	html
U+9686	隆	CJK UNIFIED IDEOGRAPH-9686	18	html
U+968F	随	CJK UNIFIED IDEOGRAPH-968F	301	html,html-attr,js,json
U+9690	隐	CJK UNIFIED IDEOGRAPH-9690	104	html,json
U+9694	隔	CJK UNIFIED IDEOGRAPH-9694	51	html
U+9698	隘	CJK UNIFIED IDEOGRAPH-9698	1	html
U+9699	隙	CJK UNIFIED IDEOGRAPH-9699	33	html,json
U+969C	障	CJK UNIFIED IDEOGRAPH-969C	19	html
U+96A7	隧	CJK UNIFIED IDEOGRAPH-96A7	1	html
U+96B6	隶	CJK UNIFIED IDEOGRAPH-96B6	12	html
U+96BC	隼	CJK UNIFIED IDEOGRAPH-96BC	1	html
U+96BE	难	CJK UNIFIED IDEOGRAPH-96BE	336	html,json
U+96C0	雀	CJK UNIFIED IDEOGRAPH-96C0	11	html
U+96C1	雁	CJK UNIFIED IDEOGRAPH-96C1	2	html
U+96C4	雄	CJK UNIFIED IDEOGRAPH-96C4	50	html
U+96C5	雅	CJK UNIFIED IDEOGRAPH-96C5	23	html
U+96C6	集	CJK UNIFIED IDEOGRAPH-96C6	133	html,json
U+96C7	雇	CJK UNIFIED IDEOGRAPH-96C7	8	html
U+96CC	雌	CJK UNIFIED IDEOGRAPH-96CC	115	html,json
U+96CF	雏	CJK UNIFIED IDEOGRAPH-96CF	8	html
U+96D5	雕	CJK UNIFIED IDEOGRAPH-96D5	22	html
U+96E8	雨	CJK UNIFIED IDEOGRAPH-96E8	403	html,html-attr,js,json
U+96EA	雪	CJK UNIFIED IDEOGRAPH-96EA	176	html,json
U+96F3	雳	CJK UNIFIED IDEOGRAPH-96F3	1	html
U+96F6	零	CJK UNIFIED IDEOGRAPH-96F6	81	html
U+96F7	雷	CJK UNIFIED IDEOGRAPH-96F7	52	html
U+96FE	雾	CJK UNIFIED IDEOGRAPH-96FE	97	html,html-attr,json
U+9700	需	CJK UNIFIED IDEOGRAPH-9700	261	html,json
U+9701	霁	CJK UNIFIED IDEOGRAPH-9701	1	html
U+9704	霄	CJK UNIFIED IDEOGRAPH-9704	13	html
U+9706	霆	CJK UNIFIED IDEOGRAPH-9706	1	html
U+9707	震	CJK UNIFIED IDEOGRAPH-9707	59	html
U+9709	霉	CJK UNIFIED IDEOGRAPH-9709	9	html
U+970D	霍	CJK UNIFIED IDEOGRAPH-970D	7	html
U+970E	霎	CJK UNIFIED IDEOGRAPH-970E	1	html
U+9713	霓	CJK UNIFIED IDEOGRAPH-9713	6	html
U+971C	霜	CJK UNIFIED IDEOGRAPH-971C	17	html
U+971E	霞	CJK UNIFIED IDEOGRAPH-971E	178	html,json
U+972D	霭	CJK UNIFIED IDEOGRAPH-972D	40	html,html-attr,json
U+9732	露	CJK UNIFIED IDEOGRAPH-9732	160	html,html-attr,json
U+9738	霸	CJK UNIFIED IDEOGRAPH-9738	2	html,json
U+9739	霹	CJK UNIFIED IDEOGRAPH-9739	1	html
U+973E	霾	CJK UNIFIED IDEOGRAPH-973E	3	html
U+9752	青	CJK UNIFIED IDEOGRAPH-9752	142	html,html-attr,json
U+9759	静	CJK UNIFIED IDEOGRAPH-9759	336	html,json
U+975B	靛	CJK UNIFIED IDEOGRAPH-975B	3	html
U+975E	非	CJK UNIFIED IDEOGRAPH-975E	92	html
U+9760	靠	CJK UNIFIED IDEOGRAPH-9760	126	html,json
U+9762	面	CJK UNIFIED IDEOGRAPH-9762	873	html,js,json
U+9769	革	CJK UNIFIED IDEOGRAPH-9769	5	html
U+9774	靴	CJK UNIFIED IDEOGRAPH-9774	2	html
U+9776	靶	CJK UNIFIED IDEOGRAPH-9776	1	html
U+978B	鞋	CJK UNIFIED IDEOGRAPH-978B	17	html
U+9798	鞘	CJK UNIFIED IDEOGRAPH-9798	1	html
U+97A0	鞠	CJK UNIFIED IDEOGRAPH-97A0	6	html
U+97E7	韧	CJK UNIFIED IDEOGRAPH-97E7	1	json
U+97ED	韭	CJK UNIFIED IDEOGRAPH-97ED	3	html
U+97F3	音	CJK UNIFIED IDEOGRAPH-97F3	318	html,json
U+97F5	韵	CJK UNIFIED IDEOGRAPH-97F5	2	html
U+97F6	韶	CJK UNIFIED IDEOGRAPH-97F6	1	html
U+9801	頁	CJK UNIFIED IDEOGRAPH-9801	1	html
U+985E	類	CJK UNIFIED IDEOGRAPH-985E	1	html
U+986B	顫	CJK UNIFIED IDEOGRAPH-986B	1	html
U+9875	页	CJK UNIFIED IDEOGRAPH-9875	71	html,html-attr,js
U+9876	顶	CJK UNIFIED IDEOGRAPH-9876	167	html,js
U+9877	顷	CJK UNIFIED IDEOGRAPH-9877	12	html
U+9879	项	CJK UNIFIED IDEOGRAPH-9879	28	html,js
U+987A	顺	CJK UNIFIED IDEOGRAPH-987A	51	html,json
U+987B	须	CJK UNIFIED IDEOGRAPH-987B	54	html,json
U+987D	顽	CJK UNIFIED IDEOGRAPH-987D	4	html
U+987E	顾	CJK UNIFIED IDEOGRAPH-987E	87	html
U+987F	顿	CJK UNIFIED IDEOGRAPH-987F	80	html,json
U+9882	颂	CJK UNIFIED IDEOGRAPH-9882	6	html,json
U+9884	预	CJK UNIFIED IDEOGRAPH-9884	49	html
U+9885	颅	CJK UNIFIED IDEOGRAPH-9885	2	html
U+9886	领	CJK UNIFIED IDEOGRAPH-9886	52	html
U+9887	颇	CJK UNIFIED IDEOGRAPH-9887	5	html
U+988A	颊	CJK UNIFIED IDEOGRAPH-988A	62	html
U+9891	频	CJK UNIFIED IDEOGRAPH-9891	44	html
U+9893	颓	CJK UNIFIED IDEOGRAPH-9893	1	html
U+9897	颗	CJK UNIFIED IDEOGRAPH-9897	271	html,html-attr,json
U+9898	题	CJK UNIFIED IDEOGRAPH-9898	221	html,js,json
U+989C	颜	CJK UNIFIED IDEOGRAPH-989C	65	html
U+989D	额	CJK UNIFIED IDEOGRAPH-989D	21	html
U+98A0	颠	CJK UNIFIED IDEOGRAPH-98A0	9	html
U+98A4	颤	CJK UNIFIED IDEOGRAPH-98A4	57	html
U+98CE	风	CJK UNIFIED IDEOGRAPH-98CE	1323	html,html-attr,js,json
U+98D5	飕	CJK UNIFIED IDEOGRAPH-98D5	2	html
U+98D8	飘	CJK UNIFIED IDEOGRAPH-98D8	139	html,json
U+98D9	飙	CJK UNIFIED IDEOGRAPH-98D9	1	html
U+98DE	飞	CJK UNIFIED IDEOGRAPH-98DE	421	html,json
U+98DF	食	CJK UNIFIED IDEOGRAPH-98DF	85	html
U+9910	餐	CJK UNIFIED IDEOGRAPH-9910	135	html,json
U+9965	饥	CJK UNIFIED IDEOGRAPH-9965	10	html
U+996A	饪	CJK UNIFIED IDEOGRAPH-996A	6	html,json
U+996D	饭	CJK UNIFIED IDEOGRAPH-996D	79	html,js,json
U+996E	饮	CJK UNIFIED IDEOGRAPH-996E	14	html
U+996F	饯	CJK UNIFIED IDEOGRAPH-996F	1	html
U+9970	饰	CJK UNIFIED IDEOGRAPH-9970	32	html
U+9971	饱	CJK UNIFIED IDEOGRAPH-9971	15	html
U+9975	饵	CJK UNIFIED IDEOGRAPH-9975	5	html
U+9976	饶	CJK UNIFIED IDEOGRAPH-9976	14	html
U+997C	饼	CJK UNIFIED IDEOGRAPH-997C	47	html,html-attr,json
U+997D	饽	CJK UNIFIED IDEOGRAPH-997D	2	html
U+997F	饿	CJK UNIFIED IDEOGRAPH-997F	30	html
U+9985	馅	CJK UNIFIED IDEOGRAPH-9985	3	html
U+9986	馆	CJK UNIFIED IDEOGRAPH-9986	33	html
U+9988	馈	CJK UNIFIED IDEOGRAPH-9988	7	html
U+998A	馊	CJK UNIFIED IDEOGRAPH-998A	2	html
U+998B	馋	CJK UNIFIED IDEOGRAPH-998B	6	html,json
U+9996	首	CJK UNIFIED IDEOGRAPH-9996	105	html,html-attr
U+9999	香	CJK UNIFIED IDEOGRAPH-9999	464	html
U+99A8	馨	CJK UNIFIED IDEOGRAPH-99A8	5	html
U+9A6C	马	CJK UNIFIED IDEOGRAPH-9A6C	2053	html,html-attr,json
U+9A6E	驮	CJK UNIFIED IDEOGRAPH-9A6E	1	html
U+9A6F	驯	CJK UNIFIED IDEOGRAPH-9A6F	3	html
U+9A70	驰	CJK UNIFIED IDEOGRAPH-9A70	22	html
U+9A71	驱	CJK UNIFIED IDEOGRAPH-9A71	22	html
U+9A73	驳	CJK UNIFIED IDEOGRAPH-9A73	7	html
U+9A74	驴	CJK UNIFIED IDEOGRAPH-9A74	2	html
U+9A76	驶	CJK UNIFIED IDEOGRAPH-9A76	46	html
U+9A79	驹	CJK UNIFIED IDEOGRAPH-9A79	180	html,json
U+9A7B	驻	CJK UNIFIED IDEOGRAPH-9A7B	18	html
U+9A7C	驼	CJK UNIFIED IDEOGRAPH-9A7C	1	html
U+9A7E	驾	CJK UNIFIED IDEOGRAPH-9A7E	31	html
U+9A81	骁	CJK UNIFIED IDEOGRAPH-9A81	14	html
U+9A82	骂	CJK UNIFIED IDEOGRAPH-9A82	15	html
U+9A84	骄	CJK UNIFIED IDEOGRAPH-9A84	12	html
U+9A87	骇	CJK UNIFIED IDEOGRAPH-9A87	7	html
U+9A8C	验	CJK UNIFIED IDEOGRAPH-9A8C	61	html
U+9A91	骑	CJK UNIFIED IDEOGRAPH-9A91	6	html,json
U+9A97	骗	CJK UNIFIED IDEOGRAPH-9A97	71	html
U+9A9A	骚	CJK UNIFIED IDEOGRAPH-9A9A	1	html
U+9AA1	骡	CJK UNIFIED IDEOGRAPH-9AA1	1	html
U+9AA4	骤	CJK UNIFIED IDEOGRAPH-9AA4	4	html
U+9AA8	骨	CJK UNIFIED IDEOGRAPH-9AA8	27	html
U+9AB0	骰	CJK UNIFIED IDEOGRAPH-9AB0	1	html
U+9AB7	骷	CJK UNIFIED IDEOGRAPH-9AB7	2	html
U+9AB8	骸	CJK UNIFIED IDEOGRAPH-9AB8	15	html
U+9AC5	髅	CJK UNIFIED IDEOGRAPH-9AC5	2	html
U+9AD3	髓	CJK UNIFIED IDEOGRAPH-9AD3	1	html
U+9AD8	高	CJK UNIFIED IDEOGRAPH-9AD8	275	html,json
U+9B03	鬃	CJK UNIFIED IDEOGRAPH-9B03	4	html
U+9B23	鬣	CJK UNIFIED IDEOGRAPH-9B23	1	html
U+9B26	鬦	CJK UNIFIED IDEOGRAPH-9B26	1	html
U+9B3C	鬼	CJK UNIFIED IDEOGRAPH-9B3C	61	html,json
U+9B41	魁	CJK UNIFIED IDEOGRAPH-9B41	1	html
U+9B42	魂	CJK UNIFIED IDEOGRAPH-9B42	23	html,json
U+9B44	魄	CJK UNIFIED IDEOGRAPH-9B44	1	html
U+9B45	魅	CJK UNIFIED IDEOGRAPH-9B45	4	html
U+9B47	魇	CJK UNIFIED IDEOGRAPH-9B47	1	json
U+9B54	魔	CJK UNIFIED IDEOGRAPH-9B54	386	html,json
U+9B9F	鮟	CJK UNIFIED IDEOGRAPH-9B9F	1	html
U+9C47	鱇	CJK UNIFIED IDEOGRAPH-9C47	1	html
U+9C7C	鱼	CJK UNIFIED IDEOGRAPH-9C7C	107	html,json
U+9C81	鲁	CJK UNIFIED IDEOGRAPH-9C81	5	html
U+9C9C	鲜	CJK UNIFIED IDEOGRAPH-9C9C	60	html,json
U+9CA4	鲤	CJK UNIFIED IDEOGRAPH-9CA4	1	html
U+9CA8	鲨	CJK UNIFIED IDEOGRAPH-9CA8	1	html
U+9CB5	鲵	CJK UNIFIED IDEOGRAPH-9CB5	1	html
U+9CC4	鳄	CJK UNIFIED IDEOGRAPH-9CC4	2	html
U+9CD5	鳕	CJK UNIFIED IDEOGRAPH-9CD5	2	html
U+9CD6	鳖	CJK UNIFIED IDEOGRAPH-9CD6	1	html
U+9CDE	鳞	CJK UNIFIED IDEOGRAPH-9CDE	2	html
U+9E1F	鸟	CJK UNIFIED IDEOGRAPH-9E1F	131	html
U+9E20	鸠	CJK UNIFIED IDEOGRAPH-9E20	2	html
U+9E21	鸡	CJK UNIFIED IDEOGRAPH-9E21	20	html,json
U+9E22	鸢	CJK UNIFIED IDEOGRAPH-9E22	65	html
U+9E23	鸣	CJK UNIFIED IDEOGRAPH-9E23	103	html,json
U+9E25	鸥	CJK UNIFIED IDEOGRAPH-9E25	27	html
U+9E26	鸦	CJK UNIFIED IDEOGRAPH-9E26	18	html
U+9E2F	鸯	CJK UNIFIED IDEOGRAPH-9E2F	1	html
U+9E33	鸳	CJK UNIFIED IDEOGRAPH-9E33	1	html
U+9E3D	鸽	CJK UNIFIED IDEOGRAPH-9E3D	3	html
U+9E42	鹂	CJK UNIFIED IDEOGRAPH-9E42	3	html
U+9E45	鹅	CJK UNIFIED IDEOGRAPH-9E45	10	html
U+9E49	鹉	CJK UNIFIED IDEOGRAPH-9E49	59	html,json
U+9E4A	鹊	CJK UNIFIED IDEOGRAPH-9E4A	2	html
U+9E5C	鹜	CJK UNIFIED IDEOGRAPH-9E5C	2	html
U+9E64	鹤	CJK UNIFIED IDEOGRAPH-9E64	1	html
U+9E66	鹦	CJK UNIFIED IDEOGRAPH-9E66	59	html,json
U+9E6B	鹫	CJK UNIFIED IDEOGRAPH-9E6B	45	html
U+9E70	鹰	CJK UNIFIED IDEOGRAPH-9E70	17	html
U+9E7F	鹿	CJK UNIFIED IDEOGRAPH-9E7F	22	html
U+9E8B	麋	CJK UNIFIED IDEOGRAPH-9E8B	19	html
U+9EA6	麦	CJK UNIFIED IDEOGRAPH-9EA6	25	html,json
U+9EBB	麻	CJK UNIFIED IDEOGRAPH-9EBB	64	html
U+9EC4	黄	CJK UNIFIED IDEOGRAPH-9EC4	182	html,json
U+9ECE	黎	CJK UNIFIED IDEOGRAPH-9ECE	88	html,html-attr,json
U+9ECF	黏	CJK UNIFIED IDEOGRAPH-9ECF	11	html
U+9ED1	黑	CJK UNIFIED IDEOGRAPH-9ED1	408	html,json
U+9ED8	默	CJK UNIFIED IDEOGRAPH-9ED8	61	html,js
U+9EDB	黛	CJK UNIFIED IDEOGRAPH-9EDB	4	html
U+9EEF	黯	CJK UNIFIED IDEOGRAPH-9EEF	7	html
U+9F0E	鼎	CJK UNIFIED IDEOGRAPH-9F0E	3	html
U+9F13	鼓	CJK UNIFIED IDEOGRAPH-9F13	36	html
U+9F20	鼠	CJK UNIFIED IDEOGRAPH-9F20	11	html
U+9F3B	鼻	CJK UNIFIED IDEOGRAPH-9F3B	33	html
U+9F50	齐	CJK UNIFIED IDEOGRAPH-9F50	41	html
U+9F7F	齿	CJK UNIFIED IDEOGRAPH-9F7F	8	html
U+9F84	龄	CJK UNIFIED IDEOGRAPH-9F84	13	html
U+9F8D	龍	CJK UNIFIED IDEOGRAPH-9F8D	1	html
U+9F99	龙	CJK UNIFIED IDEOGRAPH-9F99	140	html,json
U+9F9F	龟	CJK UNIFIED IDEOGRAPH-9F9F	10	html
U+FF01	！	FULLWIDTH EXCLAMATION MARK	1329	html,js,json
U+FF08	（	FULLWIDTH LEFT PARENTHESIS	157	html,js
U+FF09	）	FULLWIDTH RIGHT PARENTHESIS	157	html,js
U+FF0C	，	FULLWIDTH COMMA	25367	html,html-attr,js,json
U+FF1A	：	FULLWIDTH COLON	1606	html,js,json
U+FF1B	；	FULLWIDTH SEMICOLON	38	html,json
U+FF1F	？	FULLWIDTH QUESTION MARK	3099	html,js,json
U+FF3E	＾	FULLWIDTH CIRCUMFLEX ACCENT	2	html
U+FF5E	～	FULLWIDTH TILDE	6	html,js,json,required-literal
U+FF65	･	HALFWIDTH KATAKANA MIDDLE DOT	3	html
U+FF89	ﾉ	HALFWIDTH KATAKANA LETTER NO	1	html
U+FF9F	ﾟ	HALFWIDTH KATAKANA SEMI-VOICED SOUND MARK	2	html
U+1F3B6	🎶	MULTIPLE MUSICAL NOTES	5	html
U+29F7E	𩽾	CJK UNIFIED IDEOGRAPH-29F7E	1	html
U+29F8C	𩾌	CJK UNIFIED IDEOGRAPH-29F8C	1	html
