U+0020	SPACE	SPACE	27018	css-content,html,html-attr,js,json,required-literal
U+0021	!	EXCLAMATION MARK	72	html,js
U+0022	"	QUOTATION MARK	138	js
U+0023	#	NUMBER SIGN	0	
U+0024	$	DOLLAR SIGN	32	js
U+0025	%	PERCENT SIGN	3	html
U+0026	&	AMPERSAND	7	html,json
U+0027	'	APOSTROPHE	20	html
U+0028	(	LEFT PARENTHESIS	66	html,js,json,required-literal
U+0029	)	RIGHT PARENTHESIS	76	html,js,json,required-literal
U+002A	*	ASTERISK	1	js
U+002B	+	PLUS SIGN	2	html-attr,js
U+002C	,	COMMA	541	html,js,json
U+002D	-	HYPHEN-MINUS	407	html,js,json
U+002E	.	FULL STOP	646	html,js,json
U+002F	/	SOLIDUS	1861	html,js,json
U+0030	0	DIGIT ZERO	2199	css-content,html,html-attr,js,json
U+0031	1	DIGIT ONE	1131	html,js,json
U+0032	2	DIGIT TWO	2707	css-content,html,js,json
U+0033	3	DIGIT THREE	317	html,js,json
U+0034	4	DIGIT FOUR	483	html,html-attr,js,json
U+0035	5	DIGIT FIVE	697	html,js,json
U+0036	6	DIGIT SIX	599	css-content,html,js,json
U+0037	7	DIGIT SEVEN	215	html,js,json
U+0038	8	DIGIT EIGHT	300	html,js,json
U+0039	9	DIGIT NINE	116	html,json
U+003A	:	COLON	270	html,js,json
U+003B	;	SEMICOLON	5	html,js
U+003C	<	LESS-THAN SIGN	50	html,js,json,required-literal
U+003D	=	EQUALS SIGN	66	html-attr,js
U+003E	>	GREATER-THAN SIGN	45	html,js
U+003F	?	QUESTION MARK	74	html
U+0040	@	COMMERCIAL AT	1	html
U+0041	A	LATIN CAPITAL LETTER A	124	css-content,html,js,json
U+0042	B	LATIN CAPITAL LETTER B	137	html,js
U+0043	C	LATIN CAPITAL LETTER C	350	html,html-attr,js,json,required-literal
U+0044	D	LATIN CAPITAL LETTER D	52	html,js
U+0045	E	LATIN CAPITAL LETTER E	252	html,html-attr,js,json
U+0046	F	LATIN CAPITAL LETTER F	60	html,html-attr,js,json
U+0047	G	LATIN CAPITAL LETTER G	27	html,html-attr
U+0048	H	LATIN CAPITAL LETTER H	34	html,html-attr,js
U+0049	I	LATIN CAPITAL LETTER I	72	html,json
U+004A	J	LATIN CAPITAL LETTER J	62	html,js,json
U+004B	K	LATIN CAPITAL LETTER K	2	html
U+004C	L	LATIN CAPITAL LETTER L	159	html,html-attr,js,json
U+004D	M	LATIN CAPITAL LETTER M	89	html,js,json
U+004E	N	LATIN CAPITAL LETTER N	185	html,html-attr,js,json
U+004F	O	LATIN CAPITAL LETTER O	35	html,js
U+0050	P	LATIN CAPITAL LETTER P	76	html,js,json
U+0051	Q	LATIN CAPITAL LETTER Q	68	html,html-attr,js
U+0052	R	LATIN CAPITAL LETTER R	40	html,html-attr,js
U+0053	S	LATIN CAPITAL LETTER S	440	css-content,html,html-attr,js
U+0054	T	LATIN CAPITAL LETTER T	168	html,js,json
U+0055	U	LATIN CAPITAL LETTER U	23	html,js
U+0056	V	LATIN CAPITAL LETTER V	328	html,json
U+0057	W	LATIN CAPITAL LETTER W	14	html,js
U+0058	X	LATIN CAPITAL LETTER X	1	js
U+0059	Y	LATIN CAPITAL LETTER Y	66	html
U+005A	Z	LATIN CAPITAL LETTER Z	74	html,json
U+005B	[	LEFT SQUARE BRACKET	79	html,js
U+005C	\	REVERSE SOLIDUS	2	js
U+005D	]	RIGHT SQUARE BRACKET	79	html,js
U+005E	^	CIRCUMFLEX ACCENT	0	
U+005F	_	LOW LINE	5	html,js
U+0060	`	GRAVE ACCENT	2	html
U+0061	a	LATIN SMALL LETTER A	3561	css-content,html,html-attr,js,json,required-literal
U+0062	b	LATIN SMALL LETTER B	475	html,html-attr,js,json
U+0063	c	LATIN SMALL LETTER C	1535	css-content,html,html-attr,js,json
U+0064	d	LATIN SMALL LETTER D	1489	html,html-attr,js,json
U+0065	e	LATIN SMALL LETTER E	5956	css-content,html,html-attr,js,json
U+0066	f	LATIN SMALL LETTER F	395	html,js,json
U+0067	g	LATIN SMALL LETTER G	427	html,js,json
U+0068	h	LATIN SMALL LETTER H	364	html,js,json
U+0069	i	LATIN SMALL LETTER I	3108	css-content,html,html-attr,js,json,required-literal
U+006A	j	LATIN SMALL LETTER J	137	html,js
U+006B	k	LATIN SMALL LETTER K	56	html,js
U+006C	l	LATIN SMALL LETTER L	2507	css-content,html,html-attr,js,json,required-literal
U+006D	m	LATIN SMALL LETTER M	847	html,html-attr,js,json
U+006E	n	LATIN SMALL LETTER N	2573	css-content,html,html-attr,js,json
U+006F	o	LATIN SMALL LETTER O	2079	css-content,html,html-attr,js,json,required-literal
U+0070	p	LATIN SMALL LETTER P	1342	css-content,html,html-attr,js,json
U+0071	q	LATIN SMALL LETTER Q	353	html,js,json
U+0072	r	LATIN SMALL LETTER R	2674	css-content,html,js,json
U+0073	s	LATIN SMALL LETTER S	2702	html,html-attr,js,json
U+0074	t	LATIN SMALL LETTER T	2701	css-content,html,html-attr,js,json
U+0075	u	LATIN SMALL LETTER U	2315	css-content,html,html-attr,js,json
U+0076	v	LATIN SMALL LETTER V	627	css-content,html,js,json
U+0077	w	LATIN SMALL LETTER W	76	html,js
U+0078	x	LATIN SMALL LETTER X	128	html,html-attr,js
U+0079	y	LATIN SMALL LETTER Y	162	html,js,json
U+007A	z	LATIN SMALL LETTER Z	69	html,html-attr,js
U+007B	{	LEFT CURLY BRACKET	31	js
U+007C	|	VERTICAL LINE	286	html,js
U+007D	}	RIGHT CURLY BRACKET	31	js
U+007E	~	TILDE	39	html,js,json
U+00A0	 	NO-BREAK SPACE	172	html
U+00A1	¡	INVERTED EXCLAMATION MARK	0	
U+00A2	¢	CENT SIGN	0	
U+00A3	£	POUND SIGN	0	
U+00A4	¤	CURRENCY SIGN	0	
U+00A5	¥	YEN SIGN	0	
U+00A6	¦	BROKEN BAR	0	
U+00A7	§	SECTION SIGN	0	
U+00A8	¨	DIAERESIS	0	
U+00A9	©	COPYRIGHT SIGN	16	css-content,html
U+00AA	ª	FEMININE ORDINAL INDICATOR	0	
U+00AB	«	LEFT-POINTING DOUBLE ANGLE QUOTATION MARK	32	html
U+00AC	¬	NOT SIGN	1	html
U+00AD	­	SOFT HYPHEN	0	
U+00AE	®	REGISTERED SIGN	0	
U+00AF	¯	MACRON	0	
U+00B0	°	DEGREE SIGN	0	
U+00B1	±	PLUS-MINUS SIGN	0	
U+00B2	²	SUPERSCRIPT TWO	0	
U+00B3	³	SUPERSCRIPT THREE	0	
U+00B4	´	ACUTE ACCENT	2	html
U+00B5	µ	MICRO SIGN	0	
U+00B6	¶	PILCROW SIGN	0	
U+00B7	·	MIDDLE DOT	118	html,json
U+00B8	¸	CEDILLA	0	
U+00B9	¹	SUPERSCRIPT ONE	0	
U+00BA	º	MASCULINE ORDINAL INDICATOR	0	
U+00BB	»	RIGHT-POINTING DOUBLE ANGLE QUOTATION MARK	30	html
U+00BC	¼	VULGAR FRACTION ONE QUARTER	0	
U+00BD	½	VULGAR FRACTION ONE HALF	0	
U+00BE	¾	VULGAR FRACTION THREE QUARTERS	0	
U+00BF	¿	INVERTED QUESTION MARK	0	
U+00C0	À	LATIN CAPITAL LETTER A WITH GRAVE	1	html
U+00C1	Á	LATIN CAPITAL LETTER A WITH ACUTE	0	
U+00C2	Â	LATIN CAPITAL LETTER A WITH CIRCUMFLEX	0	
U+00C3	Ã	LATIN CAPITAL LETTER A WITH TILDE	0	
U+00C4	Ä	LATIN CAPITAL LETTER A WITH DIAERESIS	0	
U+00C5	Å	LATIN CAPITAL LETTER A WITH RING ABOVE	0	
U+00C6	Æ	LATIN CAPITAL LETTER AE	0	
U+00C7	Ç	LATIN CAPITAL LETTER C WITH CEDILLA	1	html
U+00C8	È	LATIN CAPITAL LETTER E WITH GRAVE	0	
U+00C9	É	LATIN CAPITAL LETTER E WITH ACUTE	2	html
U+00CA	Ê	LATIN CAPITAL LETTER E WITH CIRCUMFLEX	1	html
U+00CB	Ë	LATIN CAPITAL LETTER E WITH DIAERESIS	0	
U+00CC	Ì	LATIN CAPITAL LETTER I WITH GRAVE	0	
U+00CD	Í	LATIN CAPITAL LETTER I WITH ACUTE	0	
U+00CE	Î	LATIN CAPITAL LETTER I WITH CIRCUMFLEX	0	
U+00CF	Ï	LATIN CAPITAL LETTER I WITH DIAERESIS	0	
U+00D0	Ð	LATIN CAPITAL LETTER ETH	0	
U+00D1	Ñ	LATIN CAPITAL LETTER N WITH TILDE	0	
U+00D2	Ò	LATIN CAPITAL LETTER O WITH GRAVE	0	
U+00D3	Ó	LATIN CAPITAL LETTER O WITH ACUTE	0	
U+00D4	Ô	LATIN CAPITAL LETTER O WITH CIRCUMFLEX	0	
U+00D5	Õ	LATIN CAPITAL LETTER O WITH TILDE	0	
U+00D6	Ö	LATIN CAPITAL LETTER O WITH DIAERESIS	0	
U+00D7	×	MULTIPLICATION SIGN	0	
U+00D8	Ø	LATIN CAPITAL LETTER O WITH STROKE	0	
U+00D9	Ù	LATIN CAPITAL LETTER U WITH GRAVE	0	
U+00DA	Ú	LATIN CAPITAL LETTER U WITH ACUTE	0	
U+00DB	Û	LATIN CAPITAL LETTER U WITH CIRCUMFLEX	0	
U+00DC	Ü	LATIN CAPITAL LETTER U WITH DIAERESIS	0	
U+00DD	Ý	LATIN CAPITAL LETTER Y WITH ACUTE	0	
U+00DE	Þ	LATIN CAPITAL LETTER THORN	0	
U+00DF	ß	LATIN SMALL LETTER SHARP S	0	
U+00E0	à	LATIN SMALL LETTER A WITH GRAVE	138	html
U+00E1	á	LATIN SMALL LETTER A WITH ACUTE	0	
U+00E2	â	LATIN SMALL LETTER A WITH CIRCUMFLEX	23	html
U+00E3	ã	LATIN SMALL LETTER A WITH TILDE	0	
U+00E4	ä	LATIN SMALL LETTER A WITH DIAERESIS	0	
U+00E5	å	LATIN SMALL LETTER A WITH RING ABOVE	0	
U+00E6	æ	LATIN SMALL LETTER AE	0	
U+00E7	ç	LATIN SMALL LETTER C WITH CEDILLA	28	html
U+00E8	è	LATIN SMALL LETTER E WITH GRAVE	127	html
U+00E9	é	LATIN SMALL LETTER E WITH ACUTE	557	html
U+00EA	ê	LATIN SMALL LETTER E WITH CIRCUMFLEX	71	html
U+00EB	ë	LATIN SMALL LETTER E WITH DIAERESIS	1	html
U+00EC	ì	LATIN SMALL LETTER I WITH GRAVE	0	
U+00ED	í	LATIN SMALL LETTER I WITH ACUTE	0	
U+00EE	î	LATIN SMALL LETTER I WITH CIRCUMFLEX	9	html
U+00EF	ï	LATIN SMALL LETTER I WITH DIAERESIS	1	html
U+00F0	ð	LATIN SMALL LETTER ETH	0	
U+00F1	ñ	LATIN SMALL LETTER N WITH TILDE	0	
U+00F2	ò	LATIN SMALL LETTER O WITH GRAVE	0	
U+00F3	ó	LATIN SMALL LETTER O WITH ACUTE	0	
U+00F4	ô	LATIN SMALL LETTER O WITH CIRCUMFLEX	19	html
U+00F5	õ	LATIN SMALL LETTER O WITH TILDE	0	
U+00F6	ö	LATIN SMALL LETTER O WITH DIAERESIS	0	
U+00F7	÷	DIVISION SIGN	0	
U+00F8	ø	LATIN SMALL LETTER O WITH STROKE	0	
U+00F9	ù	LATIN SMALL LETTER U WITH GRAVE	8	html
U+00FA	ú	LATIN SMALL LETTER U WITH ACUTE	0	
U+00FB	û	LATIN SMALL LETTER U WITH CIRCUMFLEX	10	html
U+00FC	ü	LATIN SMALL LETTER U WITH DIAERESIS	0	
U+00FD	ý	LATIN SMALL LETTER Y WITH ACUTE	0	
U+00FE	þ	LATIN SMALL LETTER THORN	0	
U+00FF	ÿ	LATIN SMALL LETTER Y WITH DIAERESIS	0	
U+0100	Ā	LATIN CAPITAL LETTER A WITH MACRON	0	
U+0101	ā	LATIN SMALL LETTER A WITH MACRON	0	
U+0102	Ă	LATIN CAPITAL LETTER A WITH BREVE	0	
U+0103	ă	LATIN SMALL LETTER A WITH BREVE	0	
U+0104	Ą	LATIN CAPITAL LETTER A WITH OGONEK	0	
U+0105	ą	LATIN SMALL LETTER A WITH OGONEK	0	
U+0106	Ć	LATIN CAPITAL LETTER C WITH ACUTE	0	
U+0107	ć	LATIN SMALL LETTER C WITH ACUTE	0	
U+0108	Ĉ	LATIN CAPITAL LETTER C WITH CIRCUMFLEX	0	
U+0109	ĉ	LATIN SMALL LETTER C WITH CIRCUMFLEX	0	
U+010A	Ċ	LATIN CAPITAL LETTER C WITH DOT ABOVE	0	
U+010B	ċ	LATIN SMALL LETTER C WITH DOT ABOVE	0	
U+010C	Č	LATIN CAPITAL LETTER C WITH CARON	0	
U+010D	č	LATIN SMALL LETTER C WITH CARON	0	
U+010E	Ď	LATIN CAPITAL LETTER D WITH CARON	0	
U+010F	ď	LATIN SMALL LETTER D WITH CARON	0	
U+0110	Đ	LATIN CAPITAL LETTER D WITH STROKE	0	
U+0111	đ	LATIN SMALL LETTER D WITH STROKE	0	
U+0112	Ē	LATIN CAPITAL LETTER E WITH MACRON	0	
U+0113	ē	LATIN SMALL LETTER E WITH MACRON	0	
U+0114	Ĕ	LATIN CAPITAL LETTER E WITH BREVE	0	
U+0115	ĕ	LATIN SMALL LETTER E WITH BREVE	0	
U+0116	Ė	LATIN CAPITAL LETTER E WITH DOT ABOVE	0	
U+0117	ė	LATIN SMALL LETTER E WITH DOT ABOVE	0	
U+0118	Ę	LATIN CAPITAL LETTER E WITH OGONEK	0	
U+0119	ę	LATIN SMALL LETTER E WITH OGONEK	0	
U+011A	Ě	LATIN CAPITAL LETTER E WITH CARON	0	
U+011B	ě	LATIN SMALL LETTER E WITH CARON	0	
U+011C	Ĝ	LATIN CAPITAL LETTER G WITH CIRCUMFLEX	0	
U+011D	ĝ	LATIN SMALL LETTER G WITH CIRCUMFLEX	0	
U+011E	Ğ	LATIN CAPITAL LETTER G WITH BREVE	0	
U+011F	ğ	LATIN SMALL LETTER G WITH BREVE	0	
U+0120	Ġ	LATIN CAPITAL LETTER G WITH DOT ABOVE	0	
U+0121	ġ	LATIN SMALL LETTER G WITH DOT ABOVE	0	
U+0122	Ģ	LATIN CAPITAL LETTER G WITH CEDILLA	0	
U+0123	ģ	LATIN SMALL LETTER G WITH CEDILLA	0	
U+0124	Ĥ	LATIN CAPITAL LETTER H WITH CIRCUMFLEX	0	
U+0125	ĥ	LATIN SMALL LETTER H WITH CIRCUMFLEX	0	
U+0126	Ħ	LATIN CAPITAL LETTER H WITH STROKE	0	
U+0127	ħ	LATIN SMALL LETTER H WITH STROKE	0	
U+0128	Ĩ	LATIN CAPITAL LETTER I WITH TILDE	0	
U+0129	ĩ	LATIN SMALL LETTER I WITH TILDE	0	
U+012A	Ī	LATIN CAPITAL LETTER I WITH MACRON	0	
U+012B	ī	LATIN SMALL LETTER I WITH MACRON	0	
U+012C	Ĭ	LATIN CAPITAL LETTER I WITH BREVE	0	
U+012D	ĭ	LATIN SMALL LETTER I WITH BREVE	0	
U+012E	Į	LATIN CAPITAL LETTER I WITH OGONEK	0	
U+012F	į	LATIN SMALL LETTER I WITH OGONEK	0	
U+0130	İ	LATIN CAPITAL LETTER I WITH DOT ABOVE	0	
U+0131	ı	LATIN SMALL LETTER DOTLESS I	0	
U+0132	Ĳ	LATIN CAPITAL LIGATURE IJ	0	
U+0133	ĳ	LATIN SMALL LIGATURE IJ	0	
U+0134	Ĵ	LATIN CAPITAL LETTER J WITH CIRCUMFLEX	0	
U+0135	ĵ	LATIN SMALL LETTER J WITH CIRCUMFLEX	0	
U+0136	Ķ	LATIN CAPITAL LETTER K WITH CEDILLA	0	
U+0137	ķ	LATIN SMALL LETTER K WITH CEDILLA	0	
U+0138	ĸ	LATIN SMALL LETTER KRA	0	
U+0139	Ĺ	LATIN CAPITAL LETTER L WITH ACUTE	0	
U+013A	ĺ	LATIN SMALL LETTER L WITH ACUTE	0	
U+013B	Ļ	LATIN CAPITAL LETTER L WITH CEDILLA	0	
U+013C	ļ	LATIN SMALL LETTER L WITH CEDILLA	0	
U+013D	Ľ	LATIN CAPITAL LETTER L WITH CARON	0	
U+013E	ľ	LATIN SMALL LETTER L WITH CARON	0	
U+013F	Ŀ	LATIN CAPITAL LETTER L WITH MIDDLE DOT	0	
U+0140	ŀ	LATIN SMALL LETTER L WITH MIDDLE DOT	0	
U+0141	Ł	LATIN CAPITAL LETTER L WITH STROKE	0	
U+0142	ł	LATIN SMALL LETTER L WITH STROKE	0	
U+0143	Ń	LATIN CAPITAL LETTER N WITH ACUTE	0	
U+0144	ń	LATIN SMALL LETTER N WITH ACUTE	0	
U+0145	Ņ	LATIN CAPITAL LETTER N WITH CEDILLA	0	
U+0146	ņ	LATIN SMALL LETTER N WITH CEDILLA	0	
U+0147	Ň	LATIN CAPITAL LETTER N WITH CARON	0	
U+0148	ň	LATIN SMALL LETTER N WITH CARON	0	
U+0149	ŉ	LATIN SMALL LETTER N PRECEDED BY APOSTROPHE	0	
U+014A	Ŋ	LATIN CAPITAL LETTER ENG	0	
U+014B	ŋ	LATIN SMALL LETTER ENG	0	
U+014C	Ō	LATIN CAPITAL LETTER O WITH MACRON	0	
U+014D	ō	LATIN SMALL LETTER O WITH MACRON	0	
U+014E	Ŏ	LATIN CAPITAL LETTER O WITH BREVE	0	
U+014F	ŏ	LATIN SMALL LETTER O WITH BREVE	0	
U+0150	Ő	LATIN CAPITAL LETTER O WITH DOUBLE ACUTE	0	
U+0151	ő	LATIN SMALL LETTER O WITH DOUBLE ACUTE	0	
U+0152	Œ	LATIN CAPITAL LIGATURE OE	0	
U+0153	œ	LATIN SMALL LIGATURE OE	29	html
U+0154	Ŕ	LATIN CAPITAL LETTER R WITH ACUTE	0	
U+0155	ŕ	LATIN SMALL LETTER R WITH ACUTE	0	
U+0156	Ŗ	LATIN CAPITAL LETTER R WITH CEDILLA	0	
U+0157	ŗ	LATIN SMALL LETTER R WITH CEDILLA	0	
U+0158	Ř	LATIN CAPITAL LETTER R WITH CARON	0	
U+0159	ř	LATIN SMALL LETTER R WITH CARON	0	
U+015A	Ś	LATIN CAPITAL LETTER S WITH ACUTE	0	
U+015B	ś	LATIN SMALL LETTER S WITH ACUTE	0	
U+015C	Ŝ	LATIN CAPITAL LETTER S WITH CIRCUMFLEX	0	
U+015D	ŝ	LATIN SMALL LETTER S WITH CIRCUMFLEX	0	
U+015E	Ş	LATIN CAPITAL LETTER S WITH CEDILLA	0	
U+015F	ş	LATIN SMALL LETTER S WITH CEDILLA	0	
U+0160	Š	LATIN CAPITAL LETTER S WITH CARON	0	
U+0161	š	LATIN SMALL LETTER S WITH CARON	0	
U+0162	Ţ	LATIN CAPITAL LETTER T WITH CEDILLA	0	
U+0163	ţ	LATIN SMALL LETTER T WITH CEDILLA	0	
U+0164	Ť	LATIN CAPITAL LETTER T WITH CARON	0	
U+0165	ť	LATIN SMALL LETTER T WITH CARON	0	
U+0166	Ŧ	LATIN CAPITAL LETTER T WITH STROKE	0	
U+0167	ŧ	LATIN SMALL LETTER T WITH STROKE	0	
U+0168	Ũ	LATIN CAPITAL LETTER U WITH TILDE	0	
U+0169	ũ	LATIN SMALL LETTER U WITH TILDE	0	
U+016A	Ū	LATIN CAPITAL LETTER U WITH MACRON	0	
U+016B	ū	LATIN SMALL LETTER U WITH MACRON	0	
U+016C	Ŭ	LATIN CAPITAL LETTER U WITH BREVE	0	
U+016D	ŭ	LATIN SMALL LETTER U WITH BREVE	0	
U+016E	Ů	LATIN CAPITAL LETTER U WITH RING ABOVE	0	
U+016F	ů	LATIN SMALL LETTER U WITH RING ABOVE	0	
U+0170	Ű	LATIN CAPITAL LETTER U WITH DOUBLE ACUTE	0	
U+0171	ű	LATIN SMALL LETTER U WITH DOUBLE ACUTE	0	
U+0172	Ų	LATIN CAPITAL LETTER U WITH OGONEK	0	
U+0173	ų	LATIN SMALL LETTER U WITH OGONEK	0	
U+0174	Ŵ	LATIN CAPITAL LETTER W WITH CIRCUMFLEX	0	
U+0175	ŵ	LATIN SMALL LETTER W WITH CIRCUMFLEX	0	
U+0176	Ŷ	LATIN CAPITAL LETTER Y WITH CIRCUMFLEX	0	
U+0177	ŷ	LATIN SMALL LETTER Y WITH CIRCUMFLEX	0	
U+0178	Ÿ	LATIN CAPITAL LETTER Y WITH DIAERESIS	0	
U+0179	Ź	LATIN CAPITAL LETTER Z WITH ACUTE	0	
U+017A	ź	LATIN SMALL LETTER Z WITH ACUTE	0	
U+017B	Ż	LATIN CAPITAL LETTER Z WITH DOT ABOVE	0	
U+017C	ż	LATIN SMALL LETTER Z WITH DOT ABOVE	0	
U+017D	Ž	LATIN CAPITAL LETTER Z WITH CARON	0	
U+017E	ž	LATIN SMALL LETTER Z WITH CARON	0	
U+017F	ſ	LATIN SMALL LETTER LONG S	0	
U+0180	ƀ	LATIN SMALL LETTER B WITH STROKE	0	
U+0181	Ɓ	LATIN CAPITAL LETTER B WITH HOOK	0	
U+0182	Ƃ	LATIN CAPITAL LETTER B WITH TOPBAR	0	
U+0183	ƃ	LATIN SMALL LETTER B WITH TOPBAR	0	
U+0184	Ƅ	LATIN CAPITAL LETTER TONE SIX	0	
U+0185	ƅ	LATIN SMALL LETTER TONE SIX	0	
U+0186	Ɔ	LATIN CAPITAL LETTER OPEN O	0	
U+0187	Ƈ	LATIN CAPITAL LETTER C WITH HOOK	0	
U+0188	ƈ	LATIN SMALL LETTER C WITH HOOK	0	
U+0189	Ɖ	LATIN CAPITAL LETTER AFRICAN D	0	
U+018A	Ɗ	LATIN CAPITAL LETTER D WITH HOOK	0	
U+018B	Ƌ	LATIN CAPITAL LETTER D WITH TOPBAR	0	
U+018C	ƌ	LATIN SMALL LETTER D WITH TOPBAR	0	
U+018D	ƍ	LATIN SMALL LETTER TURNED DELTA	0	
U+018E	Ǝ	LATIN CAPITAL LETTER REVERSED E	0	
U+018F	Ə	LATIN CAPITAL LETTER SCHWA	0	
U+0190	Ɛ	LATIN CAPITAL LETTER OPEN E	0	
U+0191	Ƒ	LATIN CAPITAL LETTER F WITH HOOK	0	
U+0192	ƒ	LATIN SMALL LETTER F WITH HOOK	0	
U+0193	Ɠ	LATIN CAPITAL LETTER G WITH HOOK	0	
U+0194	Ɣ	LATIN CAPITAL LETTER GAMMA	0	
U+0195	ƕ	LATIN SMALL LETTER HV	0	
U+0196	Ɩ	LATIN CAPITAL LETTER IOTA	0	
U+0197	Ɨ	LATIN CAPITAL LETTER I WITH STROKE	0	
U+0198	Ƙ	LATIN CAPITAL LETTER K WITH HOOK	0	
U+0199	ƙ	LATIN SMALL LETTER K WITH HOOK	0	
U+019A	ƚ	LATIN SMALL LETTER L WITH BAR	0	
U+019B	ƛ	LATIN SMALL LETTER LAMBDA WITH STROKE	0	
U+019C	Ɯ	LATIN CAPITAL LETTER TURNED M	0	
U+019D	Ɲ	LATIN CAPITAL LETTER N WITH LEFT HOOK	0	
U+019E	ƞ	LATIN SMALL LETTER N WITH LONG RIGHT LEG	0	
U+019F	Ɵ	LATIN CAPITAL LETTER O WITH MIDDLE TILDE	0	
U+01A0	Ơ	LATIN CAPITAL LETTER O WITH HORN	0	
U+01A1	ơ	LATIN SMALL LETTER O WITH HORN	0	
U+01A2	Ƣ	LATIN CAPITAL LETTER OI	0	
U+01A3	ƣ	LATIN SMALL LETTER OI	0	
U+01A4	Ƥ	LATIN CAPITAL LETTER P WITH HOOK	0	
U+01A5	ƥ	LATIN SMALL LETTER P WITH HOOK	0	
U+01A6	Ʀ	LATIN LETTER YR	0	
U+01A7	Ƨ	LATIN CAPITAL LETTER TONE TWO	0	
U+01A8	ƨ	LATIN SMALL LETTER TONE TWO	0	
U+01A9	Ʃ	LATIN CAPITAL LETTER ESH	0	
U+01AA	ƪ	LATIN LETTER REVERSED ESH LOOP	0	
U+01AB	ƫ	LATIN SMALL LETTER T WITH PALATAL HOOK	0	
U+01AC	Ƭ	LATIN CAPITAL LETTER T WITH HOOK	0	
U+01AD	ƭ	LATIN SMALL LETTER T WITH HOOK	0	
U+01AE	Ʈ	LATIN CAPITAL LETTER T WITH RETROFLEX HOOK	0	
U+01AF	Ư	LATIN CAPITAL LETTER U WITH HORN	0	
U+01B0	ư	LATIN SMALL LETTER U WITH HORN	0	
U+01B1	Ʊ	LATIN CAPITAL LETTER UPSILON	0	
U+01B2	Ʋ	LATIN CAPITAL LETTER V WITH HOOK	0	
U+01B3	Ƴ	LATIN CAPITAL LETTER Y WITH HOOK	0	
U+01B4	ƴ	LATIN SMALL LETTER Y WITH HOOK	0	
U+01B5	Ƶ	LATIN CAPITAL LETTER Z WITH STROKE	0	
U+01B6	ƶ	LATIN SMALL LETTER Z WITH STROKE	0	
U+01B7	Ʒ	LATIN CAPITAL LETTER EZH	0	
U+01B8	Ƹ	LATIN CAPITAL LETTER EZH REVERSED	0	
U+01B9	ƹ	LATIN SMALL LETTER EZH REVERSED	0	
U+01BA	ƺ	LATIN SMALL LETTER EZH WITH TAIL	0	
U+01BB	ƻ	LATIN LETTER TWO WITH STROKE	0	
U+01BC	Ƽ	LATIN CAPITAL LETTER TONE FIVE	0	
U+01BD	ƽ	LATIN SMALL LETTER TONE FIVE	0	
U+01BE	ƾ	LATIN LETTER INVERTED GLOTTAL STOP WITH STROKE	0	
U+01BF	ƿ	LATIN LETTER WYNN	0	
U+01C0	ǀ	LATIN LETTER DENTAL CLICK	0	
U+01C1	ǁ	LATIN LETTER LATERAL CLICK	0	
U+01C2	ǂ	LATIN LETTER ALVEOLAR CLICK	0	
U+01C3	ǃ	LATIN LETTER RETROFLEX CLICK	0	
U+01C4	Ǆ	LATIN CAPITAL LETTER DZ WITH CARON	0	
U+01C5	ǅ	LATIN CAPITAL LETTER D WITH SMALL LETTER Z WITH CARON	0	
U+01C6	ǆ	LATIN SMALL LETTER DZ WITH CARON	0	
U+01C7	Ǉ	LATIN CAPITAL LETTER LJ	0	
U+01C8	ǈ	LATIN CAPITAL LETTER L WITH SMALL LETTER J	0	
U+01C9	ǉ	LATIN SMALL LETTER LJ	0	
U+01CA	Ǌ	LATIN CAPITAL LETTER NJ	0	
U+01CB	ǋ	LATIN CAPITAL LETTER N WITH SMALL LETTER J	0	
U+01CC	ǌ	LATIN SMALL LETTER NJ	0	
U+01CD	Ǎ	LATIN CAPITAL LETTER A WITH CARON	0	
U+01CE	ǎ	LATIN SMALL LETTER A WITH CARON	0	
U+01CF	Ǐ	LATIN CAPITAL LETTER I WITH CARON	0	
U+01D0	ǐ	LATIN SMALL LETTER I WITH CARON	0	
U+01D1	Ǒ	LATIN CAPITAL LETTER O WITH CARON	0	
U+01D2	ǒ	LATIN SMALL LETTER O WITH CARON	0	
U+01D3	Ǔ	LATIN CAPITAL LETTER U WITH CARON	0	
U+01D4	ǔ	LATIN SMALL LETTER U WITH CARON	0	
U+01D5	Ǖ	LATIN CAPITAL LETTER U WITH DIAERESIS AND MACRON	0	
U+01D6	ǖ	LATIN SMALL LETTER U WITH DIAERESIS AND MACRON	0	
U+01D7	Ǘ	LATIN CAPITAL LETTER U WITH DIAERESIS AND ACUTE	0	
U+01D8	ǘ	LATIN SMALL LETTER U WITH DIAERESIS AND ACUTE	0	
U+01D9	Ǚ	LATIN CAPITAL LETTER U WITH DIAERESIS AND CARON	0	
U+01DA	ǚ	LATIN SMALL LETTER U WITH DIAERESIS AND CARON	0	
U+01DB	Ǜ	LATIN CAPITAL LETTER U WITH DIAERESIS AND GRAVE	0	
U+01DC	ǜ	LATIN SMALL LETTER U WITH DIAERESIS AND GRAVE	0	
U+01DD	ǝ	LATIN SMALL LETTER TURNED E	0	
U+01DE	Ǟ	LATIN CAPITAL LETTER A WITH DIAERESIS AND MACRON	0	
U+01DF	ǟ	LATIN SMALL LETTER A WITH DIAERESIS AND MACRON	0	
U+01E0	Ǡ	LATIN CAPITAL LETTER A WITH DOT ABOVE AND MACRON	0	
U+01E1	ǡ	LATIN SMALL LETTER A WITH DOT ABOVE AND MACRON	0	
U+01E2	Ǣ	LATIN CAPITAL LETTER AE WITH MACRON	0	
U+01E3	ǣ	LATIN SMALL LETTER AE WITH MACRON	0	
U+01E4	Ǥ	LATIN CAPITAL LETTER G WITH STROKE	0	
U+01E5	ǥ	LATIN SMALL LETTER G WITH STROKE	0	
U+01E6	Ǧ	LATIN CAPITAL LETTER G WITH CARON	0	
U+01E7	ǧ	LATIN SMALL LETTER G WITH CARON	0	
U+01E8	Ǩ	LATIN CAPITAL LETTER K WITH CARON	0	
U+01E9	ǩ	LATIN SMALL LETTER K WITH CARON	0	
U+01EA	Ǫ	LATIN CAPITAL LETTER O WITH OGONEK	0	
U+01EB	ǫ	LATIN SMALL LETTER O WITH OGONEK	0	
U+01EC	Ǭ	LATIN CAPITAL LETTER O WITH OGONEK AND MACRON	0	
U+01ED	ǭ	LATIN SMALL LETTER O WITH OGONEK AND MACRON	0	
U+01EE	Ǯ	LATIN CAPITAL LETTER EZH WITH CARON	0	
U+01EF	ǯ	LATIN SMALL LETTER EZH WITH CARON	0	
U+01F0	ǰ	LATIN SMALL LETTER J WITH CARON	0	
U+01F1	Ǳ	LATIN CAPITAL LETTER DZ	0	
U+01F2	ǲ	LATIN CAPITAL LETTER D WITH SMALL LETTER Z	0	
U+01F3	ǳ	LATIN SMALL LETTER DZ	0	
U+01F4	Ǵ	LATIN CAPITAL LETTER G WITH ACUTE	0	
U+01F5	ǵ	LATIN SMALL LETTER G WITH ACUTE	0	
U+01F6	Ƕ	LATIN CAPITAL LETTER HWAIR	0	
U+01F7	Ƿ	LATIN CAPITAL LETTER WYNN	0	
U+01F8	Ǹ	LATIN CAPITAL LETTER N WITH GRAVE	0	
U+01F9	ǹ	LATIN SMALL LETTER N WITH GRAVE	0	
U+01FA	Ǻ	LATIN CAPITAL LETTER A WITH RING ABOVE AND ACUTE	0	
U+01FB	ǻ	LATIN SMALL LETTER A WITH RING ABOVE AND ACUTE	0	
U+01FC	Ǽ	LATIN CAPITAL LETTER AE WITH ACUTE	0	
U+01FD	ǽ	LATIN SMALL LETTER AE WITH ACUTE	0	
U+01FE	Ǿ	LATIN CAPITAL LETTER O WITH STROKE AND ACUTE	0	
U+01FF	ǿ	LATIN SMALL LETTER O WITH STROKE AND ACUTE	0	
U+0200	Ȁ	LATIN CAPITAL LETTER A WITH DOUBLE GRAVE	0	
U+0201	ȁ	LATIN SMALL LETTER A WITH DOUBLE GRAVE	0	
U+0202	Ȃ	LATIN CAPITAL LETTER A WITH INVERTED BREVE	0	
U+0203	ȃ	LATIN SMALL LETTER A WITH INVERTED BREVE	0	
U+0204	Ȅ	LATIN CAPITAL LETTER E WITH DOUBLE GRAVE	0	
U+0205	ȅ	LATIN SMALL LETTER E WITH DOUBLE GRAVE	0	
U+0206	Ȇ	LATIN CAPITAL LETTER E WITH INVERTED BREVE	0	
U+0207	ȇ	LATIN SMALL LETTER E WITH INVERTED BREVE	0	
U+0208	Ȉ	LATIN CAPITAL LETTER I WITH DOUBLE GRAVE	0	
U+0209	ȉ	LATIN SMALL LETTER I WITH DOUBLE GRAVE	0	
U+020A	Ȋ	LATIN CAPITAL LETTER I WITH INVERTED BREVE	0	
U+020B	ȋ	LATIN SMALL LETTER I WITH INVERTED BREVE	0	
U+020C	Ȍ	LATIN CAPITAL LETTER O WITH DOUBLE GRAVE	0	
U+020D	ȍ	LATIN SMALL LETTER O WITH DOUBLE GRAVE	0	
U+020E	Ȏ	LATIN CAPITAL LETTER O WITH INVERTED BREVE	0	
U+020F	ȏ	LATIN SMALL LETTER O WITH INVERTED BREVE	0	
U+0210	Ȑ	LATIN CAPITAL LETTER R WITH DOUBLE GRAVE	0	
U+0211	ȑ	LATIN SMALL LETTER R WITH DOUBLE GRAVE	0	
U+0212	Ȓ	LATIN CAPITAL LETTER R WITH INVERTED BREVE	0	
U+0213	ȓ	LATIN SMALL LETTER R WITH INVERTED BREVE	0	
U+0214	Ȕ	LATIN CAPITAL LETTER U WITH DOUBLE GRAVE	0	
U+0215	ȕ	LATIN SMALL LETTER U WITH DOUBLE GRAVE	0	
U+0216	Ȗ	LATIN CAPITAL LETTER U WITH INVERTED BREVE	0	
U+0217	ȗ	LATIN SMALL LETTER U WITH INVERTED BREVE	0	
U+0218	Ș	LATIN CAPITAL LETTER S WITH COMMA BELOW	0	
U+0219	ș	LATIN SMALL LETTER S WITH COMMA BELOW	0	
U+021A	Ț	LATIN CAPITAL LETTER T WITH COMMA BELOW	0	
U+021B	ț	LATIN SMALL LETTER T WITH COMMA BELOW	0	
U+021C	Ȝ	LATIN CAPITAL LETTER YOGH	0	
U+021D	ȝ	LATIN SMALL LETTER YOGH	0	
U+021E	Ȟ	LATIN CAPITAL LETTER H WITH CARON	0	
U+021F	ȟ	LATIN SMALL LETTER H WITH CARON	0	
U+0220	Ƞ	LATIN CAPITAL LETTER N WITH LONG RIGHT LEG	0	
U+0221	ȡ	LATIN SMALL LETTER D WITH CURL	0	
U+0222	Ȣ	LATIN CAPITAL LETTER OU	0	
U+0223	ȣ	LATIN SMALL LETTER OU	0	
U+0224	Ȥ	LATIN CAPITAL LETTER Z WITH HOOK	0	
U+0225	ȥ	LATIN SMALL LETTER Z WITH HOOK	0	
U+0226	Ȧ	LATIN CAPITAL LETTER A WITH DOT ABOVE	0	
U+0227	ȧ	LATIN SMALL LETTER A WITH DOT ABOVE	0	
U+0228	Ȩ	LATIN CAPITAL LETTER E WITH CEDILLA	0	
U+0229	ȩ	LATIN SMALL LETTER E WITH CEDILLA	0	
U+022A	Ȫ	LATIN CAPITAL LETTER O WITH DIAERESIS AND MACRON	0	
U+022B	ȫ	LATIN SMALL LETTER O WITH DIAERESIS AND MACRON	0	
U+022C	Ȭ	LATIN CAPITAL LETTER O WITH TILDE AND MACRON	0	
U+022D	ȭ	LATIN SMALL LETTER O WITH TILDE AND MACRON	0	
U+022E	Ȯ	LATIN CAPITAL LETTER O WITH DOT ABOVE	0	
U+022F	ȯ	LATIN SMALL LETTER O WITH DOT ABOVE	0	
U+0230	Ȱ	LATIN CAPITAL LETTER O WITH DOT ABOVE AND MACRON	0	
U+0231	ȱ	LATIN SMALL LETTER O WITH DOT ABOVE AND MACRON	0	
U+0232	Ȳ	LATIN CAPITAL LETTER Y WITH MACRON	0	
U+0233	ȳ	LATIN SMALL LETTER Y WITH MACRON	0	
U+0234	ȴ	LATIN SMALL LETTER L WITH CURL	0	
U+0235	ȵ	LATIN SMALL LETTER N WITH CURL	0	
U+0236	ȶ	LATIN SMALL LETTER T WITH CURL	0	
U+0237	ȷ	LATIN SMALL LETTER DOTLESS J	0	
U+0238	ȸ	LATIN SMALL LETTER DB DIGRAPH	0	
U+0239	ȹ	LATIN SMALL LETTER QP DIGRAPH	0	
U+023A	Ⱥ	LATIN CAPITAL LETTER A WITH STROKE	0	
U+023B	Ȼ	LATIN CAPITAL LETTER C WITH STROKE	0	
U+023C	ȼ	LATIN SMALL LETTER C WITH STROKE	0	
U+023D	Ƚ	LATIN CAPITAL LETTER L WITH BAR	0	
U+023E	Ⱦ	LATIN CAPITAL LETTER T WITH DIAGONAL STROKE	0	
U+023F	ȿ	LATIN SMALL LETTER S WITH SWASH TAIL	0	
U+0240	ɀ	LATIN SMALL LETTER Z WITH SWASH TAIL	0	
U+0241	Ɂ	LATIN CAPITAL LETTER GLOTTAL STOP	0	
U+0242	ɂ	LATIN SMALL LETTER GLOTTAL STOP	0	
U+0243	Ƀ	LATIN CAPITAL LETTER B WITH STROKE	0	
U+0244	Ʉ	LATIN CAPITAL LETTER U BAR	0	
U+0245	Ʌ	LATIN CAPITAL LETTER TURNED V	0	
U+0246	Ɇ	LATIN CAPITAL LETTER E WITH STROKE	0	
U+0247	ɇ	LATIN SMALL LETTER E WITH STROKE	0	
U+0248	Ɉ	LATIN CAPITAL LETTER J WITH STROKE	0	
U+0249	ɉ	LATIN SMALL LETTER J WITH STROKE	0	
U+024A	Ɋ	LATIN CAPITAL LETTER SMALL Q WITH HOOK TAIL	0	
U+024B	ɋ	LATIN SMALL LETTER Q WITH HOOK TAIL	0	
U+024C	Ɍ	LATIN CAPITAL LETTER R WITH STROKE	0	
U+024D	ɍ	LATIN SMALL LETTER R WITH STROKE	0	
U+024E	Ɏ	LATIN CAPITAL LETTER Y WITH STROKE	0	
U+024F	ɏ	LATIN SMALL LETTER Y WITH STROKE	0	
U+0370	Ͱ	GREEK CAPITAL LETTER HETA	0	
U+0371	ͱ	GREEK SMALL LETTER HETA	0	
U+0372	Ͳ	GREEK CAPITAL LETTER ARCHAIC SAMPI	0	
U+0373	ͳ	GREEK SMALL LETTER ARCHAIC SAMPI	0	
U+0374	ʹ	GREEK NUMERAL SIGN	0	
U+0375	͵	GREEK LOWER NUMERAL SIGN	0	
U+0376	Ͷ	GREEK CAPITAL LETTER PAMPHYLIAN DIGAMMA	0	
U+0377	ͷ	GREEK SMALL LETTER PAMPHYLIAN DIGAMMA	0	
U+0378	͸	UNNAMED	0	
U+0379	͹	UNNAMED	0	
U+037A	ͺ	GREEK YPOGEGRAMMENI	0	
U+037B	ͻ	GREEK SMALL REVERSED LUNATE SIGMA SYMBOL	0	
U+037C	ͼ	GREEK SMALL DOTTED LUNATE SIGMA SYMBOL	0	
U+037D	ͽ	GREEK SMALL REVERSED DOTTED LUNATE SIGMA SYMBOL	0	
U+037E	;	GREEK QUESTION MARK	0	
U+037F	Ϳ	GREEK CAPITAL LETTER YOT	0	
U+0380	΀	UNNAMED	0	
U+0381	΁	UNNAMED	0	
U+0382	΂	UNNAMED	0	
U+0383	΃	UNNAMED	0	
U+0384	΄	GREEK TONOS	0	
U+0385	΅	GREEK DIALYTIKA TONOS	0	
U+0386	Ά	GREEK CAPITAL LETTER ALPHA WITH TONOS	0	
U+0387	·	GREEK ANO TELEIA	0	
U+0388	Έ	GREEK CAPITAL LETTER EPSILON WITH TONOS	0	
U+0389	Ή	GREEK CAPITAL LETTER ETA WITH TONOS	0	
U+038A	Ί	GREEK CAPITAL LETTER IOTA WITH TONOS	0	
U+038B	΋	UNNAMED	0	
U+038C	Ό	GREEK CAPITAL LETTER OMICRON WITH TONOS	0	
U+038D	΍	UNNAMED	0	
U+038E	Ύ	GREEK CAPITAL LETTER UPSILON WITH TONOS	0	
U+038F	Ώ	GREEK CAPITAL LETTER OMEGA WITH TONOS	0	
U+0390	ΐ	GREEK SMALL LETTER IOTA WITH DIALYTIKA AND TONOS	0	
U+0391	Α	GREEK CAPITAL LETTER ALPHA	0	
U+0392	Β	GREEK CAPITAL LETTER BETA	0	
U+0393	Γ	GREEK CAPITAL LETTER GAMMA	0	
U+0394	Δ	GREEK CAPITAL LETTER DELTA	0	
U+0395	Ε	GREEK CAPITAL LETTER EPSILON	0	
U+0396	Ζ	GREEK CAPITAL LETTER ZETA	0	
U+0397	Η	GREEK CAPITAL LETTER ETA	0	
U+0398	Θ	GREEK CAPITAL LETTER THETA	0	
U+0399	Ι	GREEK CAPITAL LETTER IOTA	0	
U+039A	Κ	GREEK CAPITAL LETTER KAPPA	0	
U+039B	Λ	GREEK CAPITAL LETTER LAMDA	0	
U+039C	Μ	GREEK CAPITAL LETTER MU	0	
U+039D	Ν	GREEK CAPITAL LETTER NU	0	
U+039E	Ξ	GREEK CAPITAL LETTER XI	0	
U+039F	Ο	GREEK CAPITAL LETTER OMICRON	0	
U+03A0	Π	GREEK CAPITAL LETTER PI	0	
U+03A1	Ρ	GREEK CAPITAL LETTER RHO	0	
U+03A2	΢	UNNAMED	0	
U+03A3	Σ	GREEK CAPITAL LETTER SIGMA	0	
U+03A4	Τ	GREEK CAPITAL LETTER TAU	0	
U+03A5	Υ	GREEK CAPITAL LETTER UPSILON	0	
U+03A6	Φ	GREEK CAPITAL LETTER PHI	0	
U+03A7	Χ	GREEK CAPITAL LETTER CHI	0	
U+03A8	Ψ	GREEK CAPITAL LETTER PSI	0	
U+03A9	Ω	GREEK CAPITAL LETTER OMEGA	0	
U+03AA	Ϊ	GREEK CAPITAL LETTER IOTA WITH DIALYTIKA	0	
U+03AB	Ϋ	GREEK CAPITAL LETTER UPSILON WITH DIALYTIKA	0	
U+03AC	ά	GREEK SMALL LETTER ALPHA WITH TONOS	0	
U+03AD	έ	GREEK SMALL LETTER EPSILON WITH TONOS	0	
U+03AE	ή	GREEK SMALL LETTER ETA WITH TONOS	0	
U+03AF	ί	GREEK SMALL LETTER IOTA WITH TONOS	0	
U+03B0	ΰ	GREEK SMALL LETTER UPSILON WITH DIALYTIKA AND TONOS	0	
U+03B1	α	GREEK SMALL LETTER ALPHA	0	
U+03B2	β	GREEK SMALL LETTER BETA	0	
U+03B3	γ	GREEK SMALL LETTER GAMMA	0	
U+03B4	δ	GREEK SMALL LETTER DELTA	0	
U+03B5	ε	GREEK SMALL LETTER EPSILON	0	
U+03B6	ζ	GREEK SMALL LETTER ZETA	0	
U+03B7	η	GREEK SMALL LETTER ETA	0	
U+03B8	θ	GREEK SMALL LETTER THETA	0	
U+03B9	ι	GREEK SMALL LETTER IOTA	0	
U+03BA	κ	GREEK SMALL LETTER KAPPA	0	
U+03BB	λ	GREEK SMALL LETTER LAMDA	0	
U+03BC	μ	GREEK SMALL LETTER MU	0	
U+03BD	ν	GREEK SMALL LETTER NU	0	
U+03BE	ξ	GREEK SMALL LETTER XI	0	
U+03BF	ο	GREEK SMALL LETTER OMICRON	0	
U+03C0	π	GREEK SMALL LETTER PI	0	
U+03C1	ρ	GREEK SMALL LETTER RHO	0	
U+03C2	ς	GREEK SMALL LETTER FINAL SIGMA	0	
U+03C3	σ	GREEK SMALL LETTER SIGMA	2	html
U+03C4	τ	GREEK SMALL LETTER TAU	0	
U+03C5	υ	GREEK SMALL LETTER UPSILON	0	
U+03C6	φ	GREEK SMALL LETTER PHI	0	
U+03C7	χ	GREEK SMALL LETTER CHI	0	
U+03C8	ψ	GREEK SMALL LETTER PSI	0	
U+03C9	ω	GREEK SMALL LETTER OMEGA	103	html,html-attr,js,json,required-literal
U+03CA	ϊ	GREEK SMALL LETTER IOTA WITH DIALYTIKA	0	
U+03CB	ϋ	GREEK SMALL LETTER UPSILON WITH DIALYTIKA	0	
U+03CC	ό	GREEK SMALL LETTER OMICRON WITH TONOS	0	
U+03CD	ύ	GREEK SMALL LETTER UPSILON WITH TONOS	0	
U+03CE	ώ	GREEK SMALL LETTER OMEGA WITH TONOS	0	
U+03CF	Ϗ	GREEK CAPITAL KAI SYMBOL	0	
U+03D0	ϐ	GREEK BETA SYMBOL	0	
U+03D1	ϑ	GREEK THETA SYMBOL	0	
U+03D2	ϒ	GREEK UPSILON WITH HOOK SYMBOL	0	
U+03D3	ϓ	GREEK UPSILON WITH ACUTE AND HOOK SYMBOL	0	
U+03D4	ϔ	GREEK UPSILON WITH DIAERESIS AND HOOK SYMBOL	0	
U+03D5	ϕ	GREEK PHI SYMBOL	0	
U+03D6	ϖ	GREEK PI SYMBOL	0	
U+03D7	ϗ	GREEK KAI SYMBOL	0	
U+03D8	Ϙ	GREEK LETTER ARCHAIC KOPPA	0	
U+03D9	ϙ	GREEK SMALL LETTER ARCHAIC KOPPA	0	
U+03DA	Ϛ	GREEK LETTER STIGMA	0	
U+03DB	ϛ	GREEK SMALL LETTER STIGMA	0	
U+03DC	Ϝ	GREEK LETTER DIGAMMA	0	
U+03DD	ϝ	GREEK SMALL LETTER DIGAMMA	0	
U+03DE	Ϟ	GREEK LETTER KOPPA	0	
U+03DF	ϟ	GREEK SMALL LETTER KOPPA	0	
U+03E0	Ϡ	GREEK LETTER SAMPI	0	
U+03E1	ϡ	GREEK SMALL LETTER SAMPI	0	
U+03E2	Ϣ	COPTIC CAPITAL LETTER SHEI	0	
U+03E3	ϣ	COPTIC SMALL LETTER SHEI	0	
U+03E4	Ϥ	COPTIC CAPITAL LETTER FEI	0	
U+03E5	ϥ	COPTIC SMALL LETTER FEI	0	
U+03E6	Ϧ	COPTIC CAPITAL LETTER KHEI	0	
U+03E7	ϧ	COPTIC SMALL LETTER KHEI	0	
U+03E8	Ϩ	COPTIC CAPITAL LETTER HORI	0	
U+03E9	ϩ	COPTIC SMALL LETTER HORI	0	
U+03EA	Ϫ	COPTIC CAPITAL LETTER GANGIA	0	
U+03EB	ϫ	COPTIC SMALL LETTER GANGIA	0	
U+03EC	Ϭ	COPTIC CAPITAL LETTER SHIMA	0	
U+03ED	ϭ	COPTIC SMALL LETTER SHIMA	0	
U+03EE	Ϯ	COPTIC CAPITAL LETTER DEI	0	
U+03EF	ϯ	COPTIC SMALL LETTER DEI	0	
U+03F0	ϰ	GREEK KAPPA SYMBOL	0	
U+03F1	ϱ	GREEK RHO SYMBOL	0	
U+03F2	ϲ	GREEK LUNATE SIGMA SYMBOL	0	
U+03F3	ϳ	GREEK LETTER YOT	0	
U+03F4	ϴ	GREEK CAPITAL THETA SYMBOL	0	
U+03F5	ϵ	GREEK LUNATE EPSILON SYMBOL	0	
U+03F6	϶	GREEK REVERSED LUNATE EPSILON SYMBOL	0	
U+03F7	Ϸ	GREEK CAPITAL LETTER SHO	0	
U+03F8	ϸ	GREEK SMALL LETTER SHO	0	
U+03F9	Ϲ	GREEK CAPITAL LUNATE SIGMA SYMBOL	0	
U+03FA	Ϻ	GREEK CAPITAL LETTER SAN	0	
U+03FB	ϻ	GREEK SMALL LETTER SAN	0	
U+03FC	ϼ	GREEK RHO WITH STROKE SYMBOL	0	
U+03FD	Ͻ	GREEK CAPITAL REVERSED LUNATE SIGMA SYMBOL	0	
U+03FE	Ͼ	GREEK CAPITAL DOTTED LUNATE SIGMA SYMBOL	0	
U+03FF	Ͽ	GREEK CAPITAL REVERSED DOTTED LUNATE SIGMA SYMBOL	0	
U+1E00	Ḁ	LATIN CAPITAL LETTER A WITH RING BELOW	0	
U+1E01	ḁ	LATIN SMALL LETTER A WITH RING BELOW	0	
U+1E02	Ḃ	LATIN CAPITAL LETTER B WITH DOT ABOVE	0	
U+1E03	ḃ	LATIN SMALL LETTER B WITH DOT ABOVE	0	
U+1E04	Ḅ	LATIN CAPITAL LETTER B WITH DOT BELOW	0	
U+1E05	ḅ	LATIN SMALL LETTER B WITH DOT BELOW	0	
U+1E06	Ḇ	LATIN CAPITAL LETTER B WITH LINE BELOW	0	
U+1E07	ḇ	LATIN SMALL LETTER B WITH LINE BELOW	0	
U+1E08	Ḉ	LATIN CAPITAL LETTER C WITH CEDILLA AND ACUTE	0	
U+1E09	ḉ	LATIN SMALL LETTER C WITH CEDILLA AND ACUTE	0	
U+1E0A	Ḋ	LATIN CAPITAL LETTER D WITH DOT ABOVE	0	
U+1E0B	ḋ	LATIN SMALL LETTER D WITH DOT ABOVE	0	
U+1E0C	Ḍ	LATIN CAPITAL LETTER D WITH DOT BELOW	0	
U+1E0D	ḍ	LATIN SMALL LETTER D WITH DOT BELOW	0	
U+1E0E	Ḏ	LATIN CAPITAL LETTER D WITH LINE BELOW	0	
U+1E0F	ḏ	LATIN SMALL LETTER D WITH LINE BELOW	0	
U+1E10	Ḑ	LATIN CAPITAL LETTER D WITH CEDILLA	0	
U+1E11	ḑ	LATIN SMALL LETTER D WITH CEDILLA	0	
U+1E12	Ḓ	LATIN CAPITAL LETTER D WITH CIRCUMFLEX BELOW	0	
U+1E13	ḓ	LATIN SMALL LETTER D WITH CIRCUMFLEX BELOW	0	
U+1E14	Ḕ	LATIN CAPITAL LETTER E WITH MACRON AND GRAVE	0	
U+1E15	ḕ	LATIN SMALL LETTER E WITH MACRON AND GRAVE	0	
U+1E16	Ḗ	LATIN CAPITAL LETTER E WITH MACRON AND ACUTE	0	
U+1E17	ḗ	LATIN SMALL LETTER E WITH MACRON AND ACUTE	0	
U+1E18	Ḙ	LATIN CAPITAL LETTER E WITH CIRCUMFLEX BELOW	0	
U+1E19	ḙ	LATIN SMALL LETTER E WITH CIRCUMFLEX BELOW	0	
U+1E1A	Ḛ	LATIN CAPITAL LETTER E WITH TILDE BELOW	0	
U+1E1B	ḛ	LATIN SMALL LETTER E WITH TILDE BELOW	0	
U+1E1C	Ḝ	LATIN CAPITAL LETTER E WITH CEDILLA AND BREVE	0	
U+1E1D	ḝ	LATIN SMALL LETTER E WITH CEDILLA AND BREVE	0	
U+1E1E	Ḟ	LATIN CAPITAL LETTER F WITH DOT ABOVE	0	
U+1E1F	ḟ	LATIN SMALL LETTER F WITH DOT ABOVE	0	
U+1E20	Ḡ	LATIN CAPITAL LETTER G WITH MACRON	0	
U+1E21	ḡ	LATIN SMALL LETTER G WITH MACRON	0	
U+1E22	Ḣ	LATIN CAPITAL LETTER H WITH DOT ABOVE	0	
U+1E23	ḣ	LATIN SMALL LETTER H WITH DOT ABOVE	0	
U+1E24	Ḥ	LATIN CAPITAL LETTER H WITH DOT BELOW	0	
U+1E25	ḥ	LATIN SMALL LETTER H WITH DOT BELOW	0	
U+1E26	Ḧ	LATIN CAPITAL LETTER H WITH DIAERESIS	0	
U+1E27	ḧ	LATIN SMALL LETTER H WITH DIAERESIS	0	
U+1E28	Ḩ	LATIN CAPITAL LETTER H WITH CEDILLA	0	
U+1E29	ḩ	LATIN SMALL LETTER H WITH CEDILLA	0	
U+1E2A	Ḫ	LATIN CAPITAL LETTER H WITH BREVE BELOW	0	
U+1E2B	ḫ	LATIN SMALL LETTER H WITH BREVE BELOW	0	
U+1E2C	Ḭ	LATIN CAPITAL LETTER I WITH TILDE BELOW	0	
U+1E2D	ḭ	LATIN SMALL LETTER I WITH TILDE BELOW	0	
U+1E2E	Ḯ	LATIN CAPITAL LETTER I WITH DIAERESIS AND ACUTE	0	
U+1E2F	ḯ	LATIN SMALL LETTER I WITH DIAERESIS AND ACUTE	0	
U+1E30	Ḱ	LATIN CAPITAL LETTER K WITH ACUTE	0	
U+1E31	ḱ	LATIN SMALL LETTER K WITH ACUTE	0	
U+1E32	Ḳ	LATIN CAPITAL LETTER K WITH DOT BELOW	0	
U+1E33	ḳ	LATIN SMALL LETTER K WITH DOT BELOW	0	
U+1E34	Ḵ	LATIN CAPITAL LETTER K WITH LINE BELOW	0	
U+1E35	ḵ	LATIN SMALL LETTER K WITH LINE BELOW	0	
U+1E36	Ḷ	LATIN CAPITAL LETTER L WITH DOT BELOW	0	
U+1E37	ḷ	LATIN SMALL LETTER L WITH DOT BELOW	0	
U+1E38	Ḹ	LATIN CAPITAL LETTER L WITH DOT BELOW AND MACRON	0	
U+1E39	ḹ	LATIN SMALL LETTER L WITH DOT BELOW AND MACRON	0	
U+1E3A	Ḻ	LATIN CAPITAL LETTER L WITH LINE BELOW	0	
U+1E3B	ḻ	LATIN SMALL LETTER L WITH LINE BELOW	0	
U+1E3C	Ḽ	LATIN CAPITAL LETTER L WITH CIRCUMFLEX BELOW	0	
U+1E3D	ḽ	LATIN SMALL LETTER L WITH CIRCUMFLEX BELOW	0	
U+1E3E	Ḿ	LATIN CAPITAL LETTER M WITH ACUTE	0	
U+1E3F	ḿ	LATIN SMALL LETTER M WITH ACUTE	0	
U+1E40	Ṁ	LATIN CAPITAL LETTER M WITH DOT ABOVE	0	
U+1E41	ṁ	LATIN SMALL LETTER M WITH DOT ABOVE	0	
U+1E42	Ṃ	LATIN CAPITAL LETTER M WITH DOT BELOW	0	
U+1E43	ṃ	LATIN SMALL LETTER M WITH DOT BELOW	0	
U+1E44	Ṅ	LATIN CAPITAL LETTER N WITH DOT ABOVE	0	
U+1E45	ṅ	LATIN SMALL LETTER N WITH DOT ABOVE	0	
U+1E46	Ṇ	LATIN CAPITAL LETTER N WITH DOT BELOW	0	
U+1E47	ṇ	LATIN SMALL LETTER N WITH DOT BELOW	0	
U+1E48	Ṉ	LATIN CAPITAL LETTER N WITH LINE BELOW	0	
U+1E49	ṉ	LATIN SMALL LETTER N WITH LINE BELOW	0	
U+1E4A	Ṋ	LATIN CAPITAL LETTER N WITH CIRCUMFLEX BELOW	0	
U+1E4B	ṋ	LATIN SMALL LETTER N WITH CIRCUMFLEX BELOW	0	
U+1E4C	Ṍ	LATIN CAPITAL LETTER O WITH TILDE AND ACUTE	0	
U+1E4D	ṍ	LATIN SMALL LETTER O WITH TILDE AND ACUTE	0	
U+1E4E	Ṏ	LATIN CAPITAL LETTER O WITH TILDE AND DIAERESIS	0	
U+1E4F	ṏ	LATIN SMALL LETTER O WITH TILDE AND DIAERESIS	0	
U+1E50	Ṑ	LATIN CAPITAL LETTER O WITH MACRON AND GRAVE	0	
U+1E51	ṑ	LATIN SMALL LETTER O WITH MACRON AND GRAVE	0	
U+1E52	Ṓ	LATIN CAPITAL LETTER O WITH MACRON AND ACUTE	0	
U+1E53	ṓ	LATIN SMALL LETTER O WITH MACRON AND ACUTE	0	
U+1E54	Ṕ	LATIN CAPITAL LETTER P WITH ACUTE	0	
U+1E55	ṕ	LATIN SMALL LETTER P WITH ACUTE	0	
U+1E56	Ṗ	LATIN CAPITAL LETTER P WITH DOT ABOVE	0	
U+1E57	ṗ	LATIN SMALL LETTER P WITH DOT ABOVE	0	
U+1E58	Ṙ	LATIN CAPITAL LETTER R WITH DOT ABOVE	0	
U+1E59	ṙ	LATIN SMALL LETTER R WITH DOT ABOVE	0	
U+1E5A	Ṛ	LATIN CAPITAL LETTER R WITH DOT BELOW	0	
U+1E5B	ṛ	LATIN SMALL LETTER R WITH DOT BELOW	0	
U+1E5C	Ṝ	LATIN CAPITAL LETTER R WITH DOT BELOW AND MACRON	0	
U+1E5D	ṝ	LATIN SMALL LETTER R WITH DOT BELOW AND MACRON	0	
U+1E5E	Ṟ	LATIN CAPITAL LETTER R WITH LINE BELOW	0	
U+1E5F	ṟ	LATIN SMALL LETTER R WITH LINE BELOW	0	
U+1E60	Ṡ	LATIN CAPITAL LETTER S WITH DOT ABOVE	0	
U+1E61	ṡ	LATIN SMALL LETTER S WITH DOT ABOVE	0	
U+1E62	Ṣ	LATIN CAPITAL LETTER S WITH DOT BELOW	0	
U+1E63	ṣ	LATIN SMALL LETTER S WITH DOT BELOW	0	
U+1E64	Ṥ	LATIN CAPITAL LETTER S WITH ACUTE AND DOT ABOVE	0	
U+1E65	ṥ	LATIN SMALL LETTER S WITH ACUTE AND DOT ABOVE	0	
U+1E66	Ṧ	LATIN CAPITAL LETTER S WITH CARON AND DOT ABOVE	0	
U+1E67	ṧ	LATIN SMALL LETTER S WITH CARON AND DOT ABOVE	0	
U+1E68	Ṩ	LATIN CAPITAL LETTER S WITH DOT BELOW AND DOT ABOVE	0	
U+1E69	ṩ	LATIN SMALL LETTER S WITH DOT BELOW AND DOT ABOVE	0	
U+1E6A	Ṫ	LATIN CAPITAL LETTER T WITH DOT ABOVE	0	
U+1E6B	ṫ	LATIN SMALL LETTER T WITH DOT ABOVE	0	
U+1E6C	Ṭ	LATIN CAPITAL LETTER T WITH DOT BELOW	0	
U+1E6D	ṭ	LATIN SMALL LETTER T WITH DOT BELOW	0	
U+1E6E	Ṯ	LATIN CAPITAL LETTER T WITH LINE BELOW	0	
U+1E6F	ṯ	LATIN SMALL LETTER T WITH LINE BELOW	0	
U+1E70	Ṱ	LATIN CAPITAL LETTER T WITH CIRCUMFLEX BELOW	0	
U+1E71	ṱ	LATIN SMALL LETTER T WITH CIRCUMFLEX BELOW	0	
U+1E72	Ṳ	LATIN CAPITAL LETTER U WITH DIAERESIS BELOW	0	
U+1E73	ṳ	LATIN SMALL LETTER U WITH DIAERESIS BELOW	0	
U+1E74	Ṵ	LATIN CAPITAL LETTER U WITH TILDE BELOW	0	
U+1E75	ṵ	LATIN SMALL LETTER U WITH TILDE BELOW	0	
U+1E76	Ṷ	LATIN CAPITAL LETTER U WITH CIRCUMFLEX BELOW	0	
U+1E77	ṷ	LATIN SMALL LETTER U WITH CIRCUMFLEX BELOW	0	
U+1E78	Ṹ	LATIN CAPITAL LETTER U WITH TILDE AND ACUTE	0	
U+1E79	ṹ	LATIN SMALL LETTER U WITH TILDE AND ACUTE	0	
U+1E7A	Ṻ	LATIN CAPITAL LETTER U WITH MACRON AND DIAERESIS	0	
U+1E7B	ṻ	LATIN SMALL LETTER U WITH MACRON AND DIAERESIS	0	
U+1E7C	Ṽ	LATIN CAPITAL LETTER V WITH TILDE	0	
U+1E7D	ṽ	LATIN SMALL LETTER V WITH TILDE	0	
U+1E7E	Ṿ	LATIN CAPITAL LETTER V WITH DOT BELOW	0	
U+1E7F	ṿ	LATIN SMALL LETTER V WITH DOT BELOW	0	
U+1E80	Ẁ	LATIN CAPITAL LETTER W WITH GRAVE	0	
U+1E81	ẁ	LATIN SMALL LETTER W WITH GRAVE	0	
U+1E82	Ẃ	LATIN CAPITAL LETTER W WITH ACUTE	0	
U+1E83	ẃ	LATIN SMALL LETTER W WITH ACUTE	0	
U+1E84	Ẅ	LATIN CAPITAL LETTER W WITH DIAERESIS	0	
U+1E85	ẅ	LATIN SMALL LETTER W WITH DIAERESIS	0	
U+1E86	Ẇ	LATIN CAPITAL LETTER W WITH DOT ABOVE	0	
U+1E87	ẇ	LATIN SMALL LETTER W WITH DOT ABOVE	0	
U+1E88	Ẉ	LATIN CAPITAL LETTER W WITH DOT BELOW	0	
U+1E89	ẉ	LATIN SMALL LETTER W WITH DOT BELOW	0	
U+1E8A	Ẋ	LATIN CAPITAL LETTER X WITH DOT ABOVE	0	
U+1E8B	ẋ	LATIN SMALL LETTER X WITH DOT ABOVE	0	
U+1E8C	Ẍ	LATIN CAPITAL LETTER X WITH DIAERESIS	0	
U+1E8D	ẍ	LATIN SMALL LETTER X WITH DIAERESIS	0	
U+1E8E	Ẏ	LATIN CAPITAL LETTER Y WITH DOT ABOVE	0	
U+1E8F	ẏ	LATIN SMALL LETTER Y WITH DOT ABOVE	0	
U+1E90	Ẑ	LATIN CAPITAL LETTER Z WITH CIRCUMFLEX	0	
U+1E91	ẑ	LATIN SMALL LETTER Z WITH CIRCUMFLEX	0	
U+1E92	Ẓ	LATIN CAPITAL LETTER Z WITH DOT BELOW	0	
U+1E93	ẓ	LATIN SMALL LETTER Z WITH DOT BELOW	0	
U+1E94	Ẕ	LATIN CAPITAL LETTER Z WITH LINE BELOW	0	
U+1E95	ẕ	LATIN SMALL LETTER Z WITH LINE BELOW	0	
U+1E96	ẖ	LATIN SMALL LETTER H WITH LINE BELOW	0	
U+1E97	ẗ	LATIN SMALL LETTER T WITH DIAERESIS	0	
U+1E98	ẘ	LATIN SMALL LETTER W WITH RING ABOVE	0	
U+1E99	ẙ	LATIN SMALL LETTER Y WITH RING ABOVE	0	
U+1E9A	ẚ	LATIN SMALL LETTER A WITH RIGHT HALF RING	0	
U+1E9B	ẛ	LATIN SMALL LETTER LONG S WITH DOT ABOVE	0	
U+1E9C	ẜ	LATIN SMALL LETTER LONG S WITH DIAGONAL STROKE	0	
U+1E9D	ẝ	LATIN SMALL LETTER LONG S WITH HIGH STROKE	0	
U+1E9E	ẞ	LATIN CAPITAL LETTER SHARP S	0	
U+1E9F	ẟ	LATIN SMALL LETTER DELTA	0	
U+1EA0	Ạ	LATIN CAPITAL LETTER A WITH DOT BELOW	0	
U+1EA1	ạ	LATIN SMALL LETTER A WITH DOT BELOW	0	
U+1EA2	Ả	LATIN CAPITAL LETTER A WITH HOOK ABOVE	0	
U+1EA3	ả	LATIN SMALL LETTER A WITH HOOK ABOVE	0	
U+1EA4	Ấ	LATIN CAPITAL LETTER A WITH CIRCUMFLEX AND ACUTE	0	
U+1EA5	ấ	LATIN SMALL LETTER A WITH CIRCUMFLEX AND ACUTE	0	
U+1EA6	Ầ	LATIN CAPITAL LETTER A WITH CIRCUMFLEX AND GRAVE	0	
U+1EA7	ầ	LATIN SMALL LETTER A WITH CIRCUMFLEX AND GRAVE	0	
U+1EA8	Ẩ	LATIN CAPITAL LETTER A WITH CIRCUMFLEX AND HOOK ABOVE	0	
U+1EA9	ẩ	LATIN SMALL LETTER A WITH CIRCUMFLEX AND HOOK ABOVE	0	
U+1EAA	Ẫ	LATIN CAPITAL LETTER A WITH CIRCUMFLEX AND TILDE	0	
U+1EAB	ẫ	LATIN SMALL LETTER A WITH CIRCUMFLEX AND TILDE	0	
U+1EAC	Ậ	LATIN CAPITAL LETTER A WITH CIRCUMFLEX AND DOT BELOW	0	
U+1EAD	ậ	LATIN SMALL LETTER A WITH CIRCUMFLEX AND DOT BELOW	0	
U+1EAE	Ắ	LATIN CAPITAL LETTER A WITH BREVE AND ACUTE	0	
U+1EAF	ắ	LATIN SMALL LETTER A WITH BREVE AND ACUTE	0	
U+1EB0	Ằ	LATIN CAPITAL LETTER A WITH BREVE AND GRAVE	0	
U+1EB1	ằ	LATIN SMALL LETTER A WITH BREVE AND GRAVE	0	
U+1EB2	Ẳ	LATIN CAPITAL LETTER A WITH BREVE AND HOOK ABOVE	0	
U+1EB3	ẳ	LATIN SMALL LETTER A WITH BREVE AND HOOK ABOVE	0	
U+1EB4	Ẵ	LATIN CAPITAL LETTER A WITH BREVE AND TILDE	0	
U+1EB5	ẵ	LATIN SMALL LETTER A WITH BREVE AND TILDE	0	
U+1EB6	Ặ	LATIN CAPITAL LETTER A WITH BREVE AND DOT BELOW	0	
U+1EB7	ặ	LATIN SMALL LETTER A WITH BREVE AND DOT BELOW	0	
U+1EB8	Ẹ	LATIN CAPITAL LETTER E WITH DOT BELOW	0	
U+1EB9	ẹ	LATIN SMALL LETTER E WITH DOT BELOW	0	
U+1EBA	Ẻ	LATIN CAPITAL LETTER E WITH HOOK ABOVE	0	
U+1EBB	ẻ	LATIN SMALL LETTER E WITH HOOK ABOVE	0	
U+1EBC	Ẽ	LATIN CAPITAL LETTER E WITH TILDE	0	
U+1EBD	ẽ	LATIN SMALL LETTER E WITH TILDE	0	
U+1EBE	Ế	LATIN CAPITAL LETTER E WITH CIRCUMFLEX AND ACUTE	0	
U+1EBF	ế	LATIN SMALL LETTER E WITH CIRCUMFLEX AND ACUTE	0	
U+1EC0	Ề	LATIN CAPITAL LETTER E WITH CIRCUMFLEX AND GRAVE	0	
U+1EC1	ề	LATIN SMALL LETTER E WITH CIRCUMFLEX AND GRAVE	0	
U+1EC2	Ể	LATIN CAPITAL LETTER E WITH CIRCUMFLEX AND HOOK ABOVE	0	
U+1EC3	ể	LATIN SMALL LETTER E WITH CIRCUMFLEX AND HOOK ABOVE	0	
U+1EC4	Ễ	LATIN CAPITAL LETTER E WITH CIRCUMFLEX AND TILDE	0	
U+1EC5	ễ	LATIN SMALL LETTER E WITH CIRCUMFLEX AND TILDE	0	
U+1EC6	Ệ	LATIN CAPITAL LETTER E WITH CIRCUMFLEX AND DOT BELOW	0	
U+1EC7	ệ	LATIN SMALL LETTER E WITH CIRCUMFLEX AND DOT BELOW	0	
U+1EC8	Ỉ	LATIN CAPITAL LETTER I WITH HOOK ABOVE	0	
U+1EC9	ỉ	LATIN SMALL LETTER I WITH HOOK ABOVE	0	
U+1ECA	Ị	LATIN CAPITAL LETTER I WITH DOT BELOW	0	
U+1ECB	ị	LATIN SMALL LETTER I WITH DOT BELOW	0	
U+1ECC	Ọ	LATIN CAPITAL LETTER O WITH DOT BELOW	0	
U+1ECD	ọ	LATIN SMALL LETTER O WITH DOT BELOW	0	
U+1ECE	Ỏ	LATIN CAPITAL LETTER O WITH HOOK ABOVE	0	
U+1ECF	ỏ	LATIN SMALL LETTER O WITH HOOK ABOVE	0	
U+1ED0	Ố	LATIN CAPITAL LETTER O WITH CIRCUMFLEX AND ACUTE	0	
U+1ED1	ố	LATIN SMALL LETTER O WITH CIRCUMFLEX AND ACUTE	0	
U+1ED2	Ồ	LATIN CAPITAL LETTER O WITH CIRCUMFLEX AND GRAVE	0	
U+1ED3	ồ	LATIN SMALL LETTER O WITH CIRCUMFLEX AND GRAVE	0	
U+1ED4	Ổ	LATIN CAPITAL LETTER O WITH CIRCUMFLEX AND HOOK ABOVE	0	
U+1ED5	ổ	LATIN SMALL LETTER O WITH CIRCUMFLEX AND HOOK ABOVE	0	
U+1ED6	Ỗ	LATIN CAPITAL LETTER O WITH CIRCUMFLEX AND TILDE	0	
U+1ED7	ỗ	LATIN SMALL LETTER O WITH CIRCUMFLEX AND TILDE	0	
U+1ED8	Ộ	LATIN CAPITAL LETTER O WITH CIRCUMFLEX AND DOT BELOW	0	
U+1ED9	ộ	LATIN SMALL LETTER O WITH CIRCUMFLEX AND DOT BELOW	0	
U+1EDA	Ớ	LATIN CAPITAL LETTER O WITH HORN AND ACUTE	0	
U+1EDB	ớ	LATIN SMALL LETTER O WITH HORN AND ACUTE	0	
U+1EDC	Ờ	LATIN CAPITAL LETTER O WITH HORN AND GRAVE	0	
U+1EDD	ờ	LATIN SMALL LETTER O WITH HORN AND GRAVE	0	
U+1EDE	Ở	LATIN CAPITAL LETTER O WITH HORN AND HOOK ABOVE	0	
U+1EDF	ở	LATIN SMALL LETTER O WITH HORN AND HOOK ABOVE	0	
U+1EE0	Ỡ	LATIN CAPITAL LETTER O WITH HORN AND TILDE	0	
U+1EE1	ỡ	LATIN SMALL LETTER O WITH HORN AND TILDE	0	
U+1EE2	Ợ	LATIN CAPITAL LETTER O WITH HORN AND DOT BELOW	0	
U+1EE3	ợ	LATIN SMALL LETTER O WITH HORN AND DOT BELOW	0	
U+1EE4	Ụ	LATIN CAPITAL LETTER U WITH DOT BELOW	0	
U+1EE5	ụ	LATIN SMALL LETTER U WITH DOT BELOW	0	
U+1EE6	Ủ	LATIN CAPITAL LETTER U WITH HOOK ABOVE	0	
U+1EE7	ủ	LATIN SMALL LETTER U WITH HOOK ABOVE	0	
U+1EE8	Ứ	LATIN CAPITAL LETTER U WITH HORN AND ACUTE	0	
U+1EE9	ứ	LATIN SMALL LETTER U WITH HORN AND ACUTE	0	
U+1EEA	Ừ	LATIN CAPITAL LETTER U WITH HORN AND GRAVE	0	
U+1EEB	ừ	LATIN SMALL LETTER U WITH HORN AND GRAVE	0	
U+1EEC	Ử	LATIN CAPITAL LETTER U WITH HORN AND HOOK ABOVE	0	
U+1EED	ử	LATIN SMALL LETTER U WITH HORN AND HOOK ABOVE	0	
U+1EEE	Ữ	LATIN CAPITAL LETTER U WITH HORN AND TILDE	0	
U+1EEF	ữ	LATIN SMALL LETTER U WITH HORN AND TILDE	0	
U+1EF0	Ự	LATIN CAPITAL LETTER U WITH HORN AND DOT BELOW	0	
U+1EF1	ự	LATIN SMALL LETTER U WITH HORN AND DOT BELOW	0	
U+1EF2	Ỳ	LATIN CAPITAL LETTER Y WITH GRAVE	0	
U+1EF3	ỳ	LATIN SMALL LETTER Y WITH GRAVE	0	
U+1EF4	Ỵ	LATIN CAPITAL LETTER Y WITH DOT BELOW	0	
U+1EF5	ỵ	LATIN SMALL LETTER Y WITH DOT BELOW	0	
U+1EF6	Ỷ	LATIN CAPITAL LETTER Y WITH HOOK ABOVE	0	
U+1EF7	ỷ	LATIN SMALL LETTER Y WITH HOOK ABOVE	0	
U+1EF8	Ỹ	LATIN CAPITAL LETTER Y WITH TILDE	0	
U+1EF9	ỹ	LATIN SMALL LETTER Y WITH TILDE	0	
U+1EFA	Ỻ	LATIN CAPITAL LETTER MIDDLE-WELSH LL	0	
U+1EFB	ỻ	LATIN SMALL LETTER MIDDLE-WELSH LL	0	
U+1EFC	Ỽ	LATIN CAPITAL LETTER MIDDLE-WELSH V	0	
U+1EFD	ỽ	LATIN SMALL LETTER MIDDLE-WELSH V	0	
U+1EFE	Ỿ	LATIN CAPITAL LETTER Y WITH LOOP	0	
U+1EFF	ỿ	LATIN SMALL LETTER Y WITH LOOP	0	
U+2000	 	EN QUAD	0	
U+2001	 	EM QUAD	0	
U+2002	 	EN SPACE	0	
U+2003	 	EM SPACE	17984	html
U+2004	 	THREE-PER-EM SPACE	0	
U+2005	 	FOUR-PER-EM SPACE	0	
U+2006	 	SIX-PER-EM SPACE	0	
U+2007	 	FIGURE SPACE	0	
U+2008	 	PUNCTUATION SPACE	0	
U+2009	 	THIN SPACE	0	
U+200A	 	HAIR SPACE	0	
U+200B	​	ZERO WIDTH SPACE	0	
U+200C	‌	ZERO WIDTH NON-JOINER	0	
U+200D	‍	ZERO WIDTH JOINER	0	
U+200E	‎	LEFT-TO-RIGHT MARK	0	
U+200F	‏	RIGHT-TO-LEFT MARK	0	
U+2010	‐	HYPHEN	0	
U+2011	‑	NON-BREAKING HYPHEN	0	
U+2012	‒	FIGURE DASH	0	
U+2013	–	EN DASH	93	html
U+2014	—	EM DASH	2218	html,json
U+2015	―	HORIZONTAL BAR	0	
U+2016	‖	DOUBLE VERTICAL LINE	0	
U+2017	‗	DOUBLE LOW LINE	0	
U+2018	‘	LEFT SINGLE QUOTATION MARK	35	html
U+2019	’	RIGHT SINGLE QUOTATION MARK	431	html
U+201A	‚	SINGLE LOW-9 QUOTATION MARK	0	
U+201B	‛	SINGLE HIGH-REVERSED-9 QUOTATION MARK	0	
U+201C	“	LEFT DOUBLE QUOTATION MARK	5656	css-content,html,json
U+201D	”	RIGHT DOUBLE QUOTATION MARK	5649	css-content,html,json
U+201E	„	DOUBLE LOW-9 QUOTATION MARK	0	
U+201F	‟	DOUBLE HIGH-REVERSED-9 QUOTATION MARK	0	
U+2020	†	DAGGER	0	
U+2021	‡	DOUBLE DAGGER	0	
U+2022	•	BULLET	3	html
U+2023	‣	TRIANGULAR BULLET	0	
U+2024	․	ONE DOT LEADER	0	
U+2025	‥	TWO DOT LEADER	0	
U+2026	…	HORIZONTAL ELLIPSIS	1863	html,js,json
U+2027	‧	HYPHENATION POINT	0	
U+2028	 	LINE SEPARATOR	0	
U+2029	 	PARAGRAPH SEPARATOR	0	
U+202A	‪	LEFT-TO-RIGHT EMBEDDING	0	
U+202B	‫	RIGHT-TO-LEFT EMBEDDING	0	
U+202C	‬	POP DIRECTIONAL FORMATTING	0	
U+202D	‭	LEFT-TO-RIGHT OVERRIDE	0	
U+202E	‮	RIGHT-TO-LEFT OVERRIDE	0	
U+202F	 	NARROW NO-BREAK SPACE	0	
U+2030	‰	PER MILLE SIGN	0	
U+2031	‱	PER TEN THOUSAND SIGN	0	
U+2032	′	PRIME	0	
U+2033	″	DOUBLE PRIME	0	
U+2034	‴	TRIPLE PRIME	0	
U+2035	‵	REVERSED PRIME	0	
U+2036	‶	REVERSED DOUBLE PRIME	0	
U+2037	‷	REVERSED TRIPLE PRIME	0	
U+2038	‸	CARET	0	
U+2039	‹	SINGLE LEFT-POINTING ANGLE QUOTATION MARK	0	
U+203A	›	SINGLE RIGHT-POINTING ANGLE QUOTATION MARK	0	
U+203B	※	REFERENCE MARK	0	
U+203C	‼	DOUBLE EXCLAMATION MARK	0	
U+203D	‽	INTERROBANG	0	
U+203E	‾	OVERLINE	0	
U+203F	‿	UNDERTIE	0	
U+2040	⁀	CHARACTER TIE	0	
U+2041	⁁	CARET INSERTION POINT	0	
U+2042	⁂	ASTERISM	0	
U+2043	⁃	HYPHEN BULLET	0	
U+2044	⁄	FRACTION SLASH	0	
U+2045	⁅	LEFT SQUARE BRACKET WITH QUILL	0	
U+2046	⁆	RIGHT SQUARE BRACKET WITH QUILL	0	
U+2047	⁇	DOUBLE QUESTION MARK	0	
U+2048	⁈	QUESTION EXCLAMATION MARK	0	
U+2049	⁉	EXCLAMATION QUESTION MARK	0	
U+204A	⁊	TIRONIAN SIGN ET	0	
U+204B	⁋	REVERSED PILCROW SIGN	0	
U+204C	⁌	BLACK LEFTWARDS BULLET	0	
U+204D	⁍	BLACK RIGHTWARDS BULLET	0	
U+204E	⁎	LOW ASTERISK	0	
U+204F	⁏	REVERSED SEMICOLON	0	
U+2050	⁐	CLOSE UP	0	
U+2051	⁑	TWO ASTERISKS ALIGNED VERTICALLY	0	
U+2052	⁒	COMMERCIAL MINUS SIGN	0	
U+2053	⁓	SWUNG DASH	0	
U+2054	⁔	INVERTED UNDERTIE	0	
U+2055	⁕	FLOWER PUNCTUATION MARK	0	
U+2056	⁖	THREE DOT PUNCTUATION	0	
U+2057	⁗	QUADRUPLE PRIME	0	
U+2058	⁘	FOUR DOT PUNCTUATION	0	
U+2059	⁙	FIVE DOT PUNCTUATION	0	
U+205A	⁚	TWO DOT PUNCTUATION	0	
U+205B	⁛	FOUR DOT MARK	0	
U+205C	⁜	DOTTED CROSS	0	
U+205D	⁝	TRICOLON	0	
U+205E	⁞	VERTICAL FOUR DOTS	0	
U+205F	 	MEDIUM MATHEMATICAL SPACE	0	
U+2060	⁠	WORD JOINER	0	
U+2061	⁡	FUNCTION APPLICATION	0	
U+2062	⁢	INVISIBLE TIMES	0	
U+2063	⁣	INVISIBLE SEPARATOR	0	
U+2064	⁤	INVISIBLE PLUS	0	
U+2065	⁥	UNNAMED	0	
U+2066	⁦	LEFT-TO-RIGHT ISOLATE	0	
U+2067	⁧	RIGHT-TO-LEFT ISOLATE	0	
U+2068	⁨	FIRST STRONG ISOLATE	0	
U+2069	⁩	POP DIRECTIONAL ISOLATE	0	
U+206A	⁪	INHIBIT SYMMETRIC SWAPPING	0	
U+206B	⁫	ACTIVATE SYMMETRIC SWAPPING	0	
U+206C	⁬	INHIBIT ARABIC FORM SHAPING	0	
U+206D	⁭	ACTIVATE ARABIC FORM SHAPING	0	
U+206E	⁮	NATIONAL DIGIT SHAPES	0	
U+206F	⁯	NOMINAL DIGIT SHAPES	0	
U+20A0	₠	EURO-CURRENCY SIGN	0	
U+20A1	₡	COLON SIGN	0	
U+20A2	₢	CRUZEIRO SIGN	0	
U+20A3	₣	FRENCH FRANC SIGN	0	
U+20A4	₤	LIRA SIGN	0	
U+20A5	₥	MILL SIGN	0	
U+20A6	₦	NAIRA SIGN	0	
U+20A7	₧	PESETA SIGN	0	
U+20A8	₨	RUPEE SIGN	0	
U+20A9	₩	WON SIGN	0	
U+20AA	₪	NEW SHEQEL SIGN	0	
U+20AB	₫	DONG SIGN	0	
U+20AC	€	EURO SIGN	0	
U+20AD	₭	KIP SIGN	0	
U+20AE	₮	TUGRIK SIGN	0	
U+20AF	₯	DRACHMA SIGN	0	
U+20B0	₰	GERMAN PENNY SIGN	0	
U+20B1	₱	PESO SIGN	0	
U+20B2	₲	GUARANI SIGN	0	
U+20B3	₳	AUSTRAL SIGN	0	
U+20B4	₴	HRYVNIA SIGN	0	
U+20B5	₵	CEDI SIGN	0	
U+20B6	₶	LIVRE TOURNOIS SIGN	0	
U+20B7	₷	SPESMILO SIGN	0	
U+20B8	₸	TENGE SIGN	0	
U+20B9	₹	INDIAN RUPEE SIGN	0	
U+20BA	₺	TURKISH LIRA SIGN	0	
U+20BB	₻	NORDIC MARK SIGN	0	
U+20BC	₼	MANAT SIGN	0	
U+20BD	₽	RUBLE SIGN	0	
U+20BE	₾	LARI SIGN	0	
U+20BF	₿	BITCOIN SIGN	0	
U+20C0	⃀	SOM SIGN	0	
U+20C1	⃁	UNNAMED	0	
U+20C2	⃂	UNNAMED	0	
U+20C3	⃃	UNNAMED	0	
U+20C4	⃄	UNNAMED	0	
U+20C5	⃅	UNNAMED	0	
U+20C6	⃆	UNNAMED	0	
U+20C7	⃇	UNNAMED	0	
U+20C8	⃈	UNNAMED	0	
U+20C9	⃉	UNNAMED	0	
U+20CA	⃊	UNNAMED	0	
U+20CB	⃋	UNNAMED	0	
U+20CC	⃌	UNNAMED	0	
U+20CD	⃍	UNNAMED	0	
U+20CE	⃎	UNNAMED	0	
U+20CF	⃏	UNNAMED	0	
U+2100	℀	ACCOUNT OF	0	
U+2101	℁	ADDRESSED TO THE SUBJECT	0	
U+2102	ℂ	DOUBLE-STRUCK CAPITAL C	0	
U+2103	℃	DEGREE CELSIUS	0	
U+2104	℄	CENTRE LINE SYMBOL	0	
U+2105	℅	CARE OF	0	
U+2106	℆	CADA UNA	0	
U+2107	ℇ	EULER CONSTANT	0	
U+2108	℈	SCRUPLE	0	
U+2109	℉	DEGREE FAHRENHEIT	0	
U+210A	ℊ	SCRIPT SMALL G	0	
U+210B	ℋ	SCRIPT CAPITAL H	0	
U+210C	ℌ	BLACK-LETTER CAPITAL H	0	
U+210D	ℍ	DOUBLE-STRUCK CAPITAL H	0	
U+210E	ℎ	PLANCK CONSTANT	0	
U+210F	ℏ	PLANCK CONSTANT OVER TWO PI	0	
U+2110	ℐ	SCRIPT CAPITAL I	0	
U+2111	ℑ	BLACK-LETTER CAPITAL I	0	
U+2112	ℒ	SCRIPT CAPITAL L	0	
U+2113	ℓ	SCRIPT SMALL L	0	
U+2114	℔	L B BAR SYMBOL	0	
U+2115	ℕ	DOUBLE-STRUCK CAPITAL N	0	
U+2116	№	NUMERO SIGN	0	
U+2117	℗	SOUND RECORDING COPYRIGHT	0	
U+2118	℘	SCRIPT CAPITAL P	0	
U+2119	ℙ	DOUBLE-STRUCK CAPITAL P	0	
U+211A	ℚ	DOUBLE-STRUCK CAPITAL Q	0	
U+211B	ℛ	SCRIPT CAPITAL R	0	
U+211C	ℜ	BLACK-LETTER CAPITAL R	0	
U+211D	ℝ	DOUBLE-STRUCK CAPITAL R	0	
U+211E	℞	PRESCRIPTION TAKE	0	
U+211F	℟	RESPONSE	0	
U+2120	℠	SERVICE MARK	0	
U+2121	℡	TELEPHONE SIGN	0	
U+2122	™	TRADE MARK SIGN	2	html
U+2123	℣	VERSICLE	0	
U+2124	ℤ	DOUBLE-STRUCK CAPITAL Z	0	
U+2125	℥	OUNCE SIGN	0	
U+2126	Ω	OHM SIGN	0	
U+2127	℧	INVERTED OHM SIGN	0	
U+2128	ℨ	BLACK-LETTER CAPITAL Z	0	
U+2129	℩	TURNED GREEK SMALL LETTER IOTA	0	
U+212A	K	KELVIN SIGN	0	
U+212B	Å	ANGSTROM SIGN	0	
U+212C	ℬ	SCRIPT CAPITAL B	0	
U+212D	ℭ	BLACK-LETTER CAPITAL C	0	
U+212E	℮	ESTIMATED SYMBOL	0	
U+212F	ℯ	SCRIPT SMALL E	0	
U+2130	ℰ	SCRIPT CAPITAL E	0	
U+2131	ℱ	SCRIPT CAPITAL F	0	
U+2132	Ⅎ	TURNED CAPITAL F	0	
U+2133	ℳ	SCRIPT CAPITAL M	0	
U+2134	ℴ	SCRIPT SMALL O	0	
U+2135	ℵ	ALEF SYMBOL	0	
U+2136	ℶ	BET SYMBOL	0	
U+2137	ℷ	GIMEL SYMBOL	0	
U+2138	ℸ	DALET SYMBOL	0	
U+2139	ℹ	INFORMATION SOURCE	0	
U+213A	℺	ROTATED CAPITAL Q	0	
U+213B	℻	FACSIMILE SIGN	0	
U+213C	ℼ	DOUBLE-STRUCK SMALL PI	0	
U+213D	ℽ	DOUBLE-STRUCK SMALL GAMMA	0	
U+213E	ℾ	DOUBLE-STRUCK CAPITAL GAMMA	0	
U+213F	ℿ	DOUBLE-STRUCK CAPITAL PI	0	
U+2140	⅀	DOUBLE-STRUCK N-ARY SUMMATION	0	
U+2141	⅁	TURNED SANS-SERIF CAPITAL G	0	
U+2142	⅂	TURNED SANS-SERIF CAPITAL L	0	
U+2143	⅃	REVERSED SANS-SERIF CAPITAL L	0	
U+2144	⅄	TURNED SANS-SERIF CAPITAL Y	0	
U+2145	ⅅ	DOUBLE-STRUCK ITALIC CAPITAL D	0	
U+2146	ⅆ	DOUBLE-STRUCK ITALIC SMALL D	0	
U+2147	ⅇ	DOUBLE-STRUCK ITALIC SMALL E	0	
U+2148	ⅈ	DOUBLE-STRUCK ITALIC SMALL I	0	
U+2149	ⅉ	DOUBLE-STRUCK ITALIC SMALL J	0	
U+214A	⅊	PROPERTY LINE	0	
U+214B	⅋	TURNED AMPERSAND	0	
U+214C	⅌	PER SIGN	0	
U+214D	⅍	AKTIESELSKAB	0	
U+214E	ⅎ	TURNED SMALL F	0	
U+214F	⅏	SYMBOL FOR SAMARITAN SOURCE	0	
U+2190	←	LEFTWARDS ARROW	0	
U+2191	↑	UPWARDS ARROW	0	
U+2192	→	RIGHTWARDS ARROW	0	
U+2193	↓	DOWNWARDS ARROW	0	
U+2194	↔	LEFT RIGHT ARROW	0	
U+2195	↕	UP DOWN ARROW	0	
U+2196	↖	NORTH WEST ARROW	0	
U+2197	↗	NORTH EAST ARROW	0	
U+2198	↘	SOUTH EAST ARROW	0	
U+2199	↙	SOUTH WEST ARROW	0	
U+219A	↚	LEFTWARDS ARROW WITH STROKE	0	
U+219B	↛	RIGHTWARDS ARROW WITH STROKE	0	
U+219C	↜	LEFTWARDS WAVE ARROW	0	
U+219D	↝	RIGHTWARDS WAVE ARROW	0	
U+219E	↞	LEFTWARDS TWO HEADED ARROW	0	
U+219F	↟	UPWARDS TWO HEADED ARROW	0	
U+21A0	↠	RIGHTWARDS TWO HEADED ARROW	0	
U+21A1	↡	DOWNWARDS TWO HEADED ARROW	0	
U+21A2	↢	LEFTWARDS ARROW WITH TAIL	0	
U+21A3	↣	RIGHTWARDS ARROW WITH TAIL	0	
U+21A4	↤	LEFTWARDS ARROW FROM BAR	0	
U+21A5	↥	UPWARDS ARROW FROM BAR	0	
U+21A6	↦	RIGHTWARDS ARROW FROM BAR	0	
U+21A7	↧	DOWNWARDS ARROW FROM BAR	0	
U+21A8	↨	UP DOWN ARROW WITH BASE	0	
U+21A9	↩	LEFTWARDS ARROW WITH HOOK	0	
U+21AA	↪	RIGHTWARDS ARROW WITH HOOK	0	
U+21AB	↫	LEFTWARDS ARROW WITH LOOP	0	
U+21AC	↬	RIGHTWARDS ARROW WITH LOOP	0	
U+21AD	↭	LEFT RIGHT WAVE ARROW	0	
U+21AE	↮	LEFT RIGHT ARROW WITH STROKE	0	
U+21AF	↯	DOWNWARDS ZIGZAG ARROW	0	
U+21B0	↰	UPWARDS ARROW WITH TIP LEFTWARDS	0	
U+21B1	↱	UPWARDS ARROW WITH TIP RIGHTWARDS	0	
U+21B2	↲	DOWNWARDS ARROW WITH TIP LEFTWARDS	0	
U+21B3	↳	DOWNWARDS ARROW WITH TIP RIGHTWARDS	0	
U+21B4	↴	RIGHTWARDS ARROW WITH CORNER DOWNWARDS	0	
U+21B5	↵	DOWNWARDS ARROW WITH CORNER LEFTWARDS	0	
U+21B6	↶	ANTICLOCKWISE TOP SEMICIRCLE ARROW	0	
U+21B7	↷	CLOCKWISE TOP SEMICIRCLE ARROW	0	
U+21B8	↸	NORTH WEST ARROW TO LONG BAR	0	
U+21B9	↹	LEFTWARDS ARROW TO BAR OVER RIGHTWARDS ARROW TO BAR	0	
U+21BA	↺	ANTICLOCKWISE OPEN CIRCLE ARROW	0	
U+21BB	↻	CLOCKWISE OPEN CIRCLE ARROW	0	
U+21BC	↼	LEFTWARDS HARPOON WITH BARB UPWARDS	0	
U+21BD	↽	LEFTWARDS HARPOON WITH BARB DOWNWARDS	0	
U+21BE	↾	UPWARDS HARPOON WITH BARB RIGHTWARDS	0	
U+21BF	↿	UPWARDS HARPOON WITH BARB LEFTWARDS	0	
U+21C0	⇀	RIGHTWARDS HARPOON WITH BARB UPWARDS	0	
U+21C1	⇁	RIGHTWARDS HARPOON WITH BARB DOWNWARDS	0	
U+21C2	⇂	DOWNWARDS HARPOON WITH BARB RIGHTWARDS	0	
U+21C3	⇃	DOWNWARDS HARPOON WITH BARB LEFTWARDS	0	
U+21C4	⇄	RIGHTWARDS ARROW OVER LEFTWARDS ARROW	0	
U+21C5	⇅	UPWARDS ARROW LEFTWARDS OF DOWNWARDS ARROW	0	
U+21C6	⇆	LEFTWARDS ARROW OVER RIGHTWARDS ARROW	0	
U+21C7	⇇	LEFTWARDS PAIRED ARROWS	0	
U+21C8	⇈	UPWARDS PAIRED ARROWS	0	
U+21C9	⇉	RIGHTWARDS PAIRED ARROWS	0	
U+21CA	⇊	DOWNWARDS PAIRED ARROWS	0	
U+21CB	⇋	LEFTWARDS HARPOON OVER RIGHTWARDS HARPOON	0	
U+21CC	⇌	RIGHTWARDS HARPOON OVER LEFTWARDS HARPOON	0	
U+21CD	⇍	LEFTWARDS DOUBLE ARROW WITH STROKE	0	
U+21CE	⇎	LEFT RIGHT DOUBLE ARROW WITH STROKE	0	
U+21CF	⇏	RIGHTWARDS DOUBLE ARROW WITH STROKE	0	
U+21D0	⇐	LEFTWARDS DOUBLE ARROW	0	
U+21D1	⇑	UPWARDS DOUBLE ARROW	0	
U+21D2	⇒	RIGHTWARDS DOUBLE ARROW	0	
U+21D3	⇓	DOWNWARDS DOUBLE ARROW	0	
U+21D4	⇔	LEFT RIGHT DOUBLE ARROW	0	
U+21D5	⇕	UP DOWN DOUBLE ARROW	0	
U+21D6	⇖	NORTH WEST DOUBLE ARROW	0	
U+21D7	⇗	NORTH EAST DOUBLE ARROW	0	
U+21D8	⇘	SOUTH EAST DOUBLE ARROW	0	
U+21D9	⇙	SOUTH WEST DOUBLE ARROW	0	
U+21DA	⇚	LEFTWARDS TRIPLE ARROW	0	
U+21DB	⇛	RIGHTWARDS TRIPLE ARROW	0	
U+21DC	⇜	LEFTWARDS SQUIGGLE ARROW	0	
U+21DD	⇝	RIGHTWARDS SQUIGGLE ARROW	0	
U+21DE	⇞	UPWARDS ARROW WITH DOUBLE STROKE	0	
U+21DF	⇟	DOWNWARDS ARROW WITH DOUBLE STROKE	0	
U+21E0	⇠	LEFTWARDS DASHED ARROW	0	
U+21E1	⇡	UPWARDS DASHED ARROW	0	
U+21E2	⇢	RIGHTWARDS DASHED ARROW	0	
U+21E3	⇣	DOWNWARDS DASHED ARROW	0	
U+21E4	⇤	LEFTWARDS ARROW TO BAR	0	
U+21E5	⇥	RIGHTWARDS ARROW TO BAR	0	
U+21E6	⇦	LEFTWARDS WHITE ARROW	0	
U+21E7	⇧	UPWARDS WHITE ARROW	0	
U+21E8	⇨	RIGHTWARDS WHITE ARROW	0	
U+21E9	⇩	DOWNWARDS WHITE ARROW	0	
U+21EA	⇪	UPWARDS WHITE ARROW FROM BAR	0	
U+21EB	⇫	UPWARDS WHITE ARROW ON PEDESTAL	0	
U+21EC	⇬	UPWARDS WHITE ARROW ON PEDESTAL WITH HORIZONTAL BAR	0	
U+21ED	⇭	UPWARDS WHITE ARROW ON PEDESTAL WITH VERTICAL BAR	0	
U+21EE	⇮	UPWARDS WHITE DOUBLE ARROW	0	
U+21EF	⇯	UPWARDS WHITE DOUBLE ARROW ON PEDESTAL	0	
U+21F0	⇰	RIGHTWARDS WHITE ARROW FROM WALL	0	
U+21F1	⇱	NORTH WEST ARROW TO CORNER	0	
U+21F2	⇲	SOUTH EAST ARROW TO CORNER	0	
U+21F3	⇳	UP DOWN WHITE ARROW	0	
U+21F4	⇴	RIGHT ARROW WITH SMALL CIRCLE	0	
U+21F5	⇵	DOWNWARDS ARROW LEFTWARDS OF UPWARDS ARROW	0	
U+21F6	⇶	THREE RIGHTWARDS ARROWS	0	
U+21F7	⇷	LEFTWARDS ARROW WITH VERTICAL STROKE	0	
U+21F8	⇸	RIGHTWARDS ARROW WITH VERTICAL STROKE	0	
U+21F9	⇹	LEFT RIGHT ARROW WITH VERTICAL STROKE	0	
U+21FA	⇺	LEFTWARDS ARROW WITH DOUBLE VERTICAL STROKE	0	
U+21FB	⇻	RIGHTWARDS ARROW WITH DOUBLE VERTICAL STROKE	0	
U+21FC	⇼	LEFT RIGHT ARROW WITH DOUBLE VERTICAL STROKE	0	
U+21FD	⇽	LEFTWARDS OPEN-HEADED ARROW	0	
U+21FE	⇾	RIGHTWARDS OPEN-HEADED ARROW	0	
U+21FF	⇿	LEFT RIGHT OPEN-HEADED ARROW	0	
U+2200	∀	FOR ALL	6	html
U+2201	∁	COMPLEMENT	0	
U+2202	∂	PARTIAL DIFFERENTIAL	0	
U+2203	∃	THERE EXISTS	0	
U+2204	∄	THERE DOES NOT EXIST	0	
U+2205	∅	EMPTY SET	0	
U+2206	∆	INCREMENT	0	
U+2207	∇	NABLA	0	
U+2208	∈	ELEMENT OF	0	
U+2209	∉	NOT AN ELEMENT OF	0	
U+220A	∊	SMALL ELEMENT OF	0	
U+220B	∋	CONTAINS AS MEMBER	0	
U+220C	∌	DOES NOT CONTAIN AS MEMBER	0	
U+220D	∍	SMALL CONTAINS AS MEMBER	0	
U+220E	∎	END OF PROOF	0	
U+220F	∏	N-ARY PRODUCT	0	
U+2210	∐	N-ARY COPRODUCT	0	
U+2211	∑	N-ARY SUMMATION	0	
U+2212	−	MINUS SIGN	0	
U+2213	∓	MINUS-OR-PLUS SIGN	0	
U+2214	∔	DOT PLUS	0	
U+2215	∕	DIVISION SLASH	0	
U+2216	∖	SET MINUS	0	
U+2217	∗	ASTERISK OPERATOR	0	
U+2218	∘	RING OPERATOR	0	
U+2219	∙	BULLET OPERATOR	0	
U+221A	√	SQUARE ROOT	0	
U+221B	∛	CUBE ROOT	0	
U+221C	∜	FOURTH ROOT	0	
U+221D	∝	PROPORTIONAL TO	0	
U+221E	∞	INFINITY	0	
U+221F	∟	RIGHT ANGLE	0	
U+2220	∠	ANGLE	5	html,js,json,required-literal
U+2221	∡	MEASURED ANGLE	0	
U+2222	∢	SPHERICAL ANGLE	0	
U+2223	∣	DIVIDES	0	
U+2224	∤	DOES NOT DIVIDE	0	
U+2225	∥	PARALLEL TO	0	
U+2226	∦	NOT PARALLEL TO	0	
U+2227	∧	LOGICAL AND	0	
U+2228	∨	LOGICAL OR	0	
U+2229	∩	INTERSECTION	0	
U+222A	∪	UNION	0	
U+222B	∫	INTEGRAL	0	
U+222C	∬	DOUBLE INTEGRAL	0	
U+222D	∭	TRIPLE INTEGRAL	0	
U+222E	∮	CONTOUR INTEGRAL	0	
U+222F	∯	SURFACE INTEGRAL	0	
U+2230	∰	VOLUME INTEGRAL	0	
U+2231	∱	CLOCKWISE INTEGRAL	0	
U+2232	∲	CLOCKWISE CONTOUR INTEGRAL	0	
U+2233	∳	ANTICLOCKWISE CONTOUR INTEGRAL	0	
U+2234	∴	THEREFORE	0	
U+2235	∵	BECAUSE	0	
U+2236	∶	RATIO	0	
U+2237	∷	PROPORTION	0	
U+2238	∸	DOT MINUS	0	
U+2239	∹	EXCESS	0	
U+223A	∺	GEOMETRIC PROPORTION	0	
U+223B	∻	HOMOTHETIC	0	
U+223C	∼	TILDE OPERATOR	0	
U+223D	∽	REVERSED TILDE	0	
U+223E	∾	INVERTED LAZY S	0	
U+223F	∿	SINE WAVE	0	
U+2240	≀	WREATH PRODUCT	0	
U+2241	≁	NOT TILDE	0	
U+2242	≂	MINUS TILDE	0	
U+2243	≃	ASYMPTOTICALLY EQUAL TO	0	
U+2244	≄	NOT ASYMPTOTICALLY EQUAL TO	0	
U+2245	≅	APPROXIMATELY EQUAL TO	0	
U+2246	≆	APPROXIMATELY BUT NOT ACTUALLY EQUAL TO	0	
U+2247	≇	NEITHER APPROXIMATELY NOR ACTUALLY EQUAL TO	0	
U+2248	≈	ALMOST EQUAL TO	0	
U+2249	≉	NOT ALMOST EQUAL TO	0	
U+224A	≊	ALMOST EQUAL OR EQUAL TO	0	
U+224B	≋	TRIPLE TILDE	0	
U+224C	≌	ALL EQUAL TO	0	
U+224D	≍	EQUIVALENT TO	0	
U+224E	≎	GEOMETRICALLY EQUIVALENT TO	0	
U+224F	≏	DIFFERENCE BETWEEN	0	
U+2250	≐	APPROACHES THE LIMIT	0	
U+2251	≑	GEOMETRICALLY EQUAL TO	0	
U+2252	≒	APPROXIMATELY EQUAL TO OR THE IMAGE OF	0	
U+2253	≓	IMAGE OF OR APPROXIMATELY EQUAL TO	0	
U+2254	≔	COLON EQUALS	0	
U+2255	≕	EQUALS COLON	0	
U+2256	≖	RING IN EQUAL TO	0	
U+2257	≗	RING EQUAL TO	0	
U+2258	≘	CORRESPONDS TO	0	
U+2259	≙	ESTIMATES	0	
U+225A	≚	EQUIANGULAR TO	0	
U+225B	≛	STAR EQUALS	0	
U+225C	≜	DELTA EQUAL TO	0	
U+225D	≝	EQUAL TO BY DEFINITION	0	
U+225E	≞	MEASURED BY	0	
U+225F	≟	QUESTIONED EQUAL TO	0	
U+2260	≠	NOT EQUAL TO	0	
U+2261	≡	IDENTICAL TO	0	
U+2262	≢	NOT IDENTICAL TO	0	
U+2263	≣	STRICTLY EQUIVALENT TO	0	
U+2264	≤	LESS-THAN OR EQUAL TO	0	
U+2265	≥	GREATER-THAN OR EQUAL TO	0	
U+2266	≦	LESS-THAN OVER EQUAL TO	0	
U+2267	≧	GREATER-THAN OVER EQUAL TO	0	
U+2268	≨	LESS-THAN BUT NOT EQUAL TO	0	
U+2269	≩	GREATER-THAN BUT NOT EQUAL TO	0	
U+226A	≪	MUCH LESS-THAN	0	
U+226B	≫	MUCH GREATER-THAN	0	
U+226C	≬	BETWEEN	0	
U+226D	≭	NOT EQUIVALENT TO	0	
U+226E	≮	NOT LESS-THAN	0	
U+226F	≯	NOT GREATER-THAN	0	
U+2270	≰	NEITHER LESS-THAN NOR EQUAL TO	0	
U+2271	≱	NEITHER GREATER-THAN NOR EQUAL TO	0	
U+2272	≲	LESS-THAN OR EQUIVALENT TO	0	
U+2273	≳	GREATER-THAN OR EQUIVALENT TO	0	
U+2274	≴	NEITHER LESS-THAN NOR EQUIVALENT TO	0	
U+2275	≵	NEITHER GREATER-THAN NOR EQUIVALENT TO	0	
U+2276	≶	LESS-THAN OR GREATER-THAN	0	
U+2277	≷	GREATER-THAN OR LESS-THAN	0	
U+2278	≸	NEITHER LESS-THAN NOR GREATER-THAN	0	
U+2279	≹	NEITHER GREATER-THAN NOR LESS-THAN	0	
U+227A	≺	PRECEDES	0	
U+227B	≻	SUCCEEDS	0	
U+227C	≼	PRECEDES OR EQUAL TO	0	
U+227D	≽	SUCCEEDS OR EQUAL TO	0	
U+227E	≾	PRECEDES OR EQUIVALENT TO	0	
U+227F	≿	SUCCEEDS OR EQUIVALENT TO	0	
U+2280	⊀	DOES NOT PRECEDE	0	
U+2281	⊁	DOES NOT SUCCEED	0	
U+2282	⊂	SUBSET OF	0	
U+2283	⊃	SUPERSET OF	0	
U+2284	⊄	NOT A SUBSET OF	0	
U+2285	⊅	NOT A SUPERSET OF	0	
U+2286	⊆	SUBSET OF OR EQUAL TO	0	
U+2287	⊇	SUPERSET OF OR EQUAL TO	0	
U+2288	⊈	NEITHER A SUBSET OF NOR EQUAL TO	0	
U+2289	⊉	NEITHER A SUPERSET OF NOR EQUAL TO	0	
U+228A	⊊	SUBSET OF WITH NOT EQUAL TO	0	
U+228B	⊋	SUPERSET OF WITH NOT EQUAL TO	0	
U+228C	⊌	MULTISET	0	
U+228D	⊍	MULTISET MULTIPLICATION	0	
U+228E	⊎	MULTISET UNION	0	
U+228F	⊏	SQUARE IMAGE OF	0	
U+2290	⊐	SQUARE ORIGINAL OF	0	
U+2291	⊑	SQUARE IMAGE OF OR EQUAL TO	0	
U+2292	⊒	SQUARE ORIGINAL OF OR EQUAL TO	0	
U+2293	⊓	SQUARE CAP	0	
U+2294	⊔	SQUARE CUP	0	
U+2295	⊕	CIRCLED PLUS	0	
U+2296	⊖	CIRCLED MINUS	0	
U+2297	⊗	CIRCLED TIMES	0	
U+2298	⊘	CIRCLED DIVISION SLASH	0	
U+2299	⊙	CIRCLED DOT OPERATOR	0	
U+229A	⊚	CIRCLED RING OPERATOR	0	
U+229B	⊛	CIRCLED ASTERISK OPERATOR	0	
U+229C	⊜	CIRCLED EQUALS	0	
U+229D	⊝	CIRCLED DASH	0	
U+229E	⊞	SQUARED PLUS	0	
U+229F	⊟	SQUARED MINUS	0	
U+22A0	⊠	SQUARED TIMES	0	
U+22A1	⊡	SQUARED DOT OPERATOR	0	
U+22A2	⊢	RIGHT TACK	0	
U+22A3	⊣	LEFT TACK	0	
U+22A4	⊤	DOWN TACK	0	
U+22A5	⊥	UP TACK	0	
U+22A6	⊦	ASSERTION	0	
U+22A7	⊧	MODELS	0	
U+22A8	⊨	TRUE	0	
U+22A9	⊩	FORCES	0	
U+22AA	⊪	TRIPLE VERTICAL BAR RIGHT TURNSTILE	0	
U+22AB	⊫	DOUBLE VERTICAL BAR DOUBLE RIGHT TURNSTILE	0	
U+22AC	⊬	DOES NOT PROVE	0	
U+22AD	⊭	NOT TRUE	0	
U+22AE	⊮	DOES NOT FORCE	0	
U+22AF	⊯	NEGATED DOUBLE VERTICAL BAR DOUBLE RIGHT TURNSTILE	0	
U+22B0	⊰	PRECEDES UNDER RELATION	0	
U+22B1	⊱	SUCCEEDS UNDER RELATION	0	
U+22B2	⊲	NORMAL SUBGROUP OF	0	
U+22B3	⊳	CONTAINS AS NORMAL SUBGROUP	0	
U+22B4	⊴	NORMAL SUBGROUP OF OR EQUAL TO	0	
U+22B5	⊵	CONTAINS AS NORMAL SUBGROUP OR EQUAL TO	0	
U+22B6	⊶	ORIGINAL OF	0	
U+22B7	⊷	IMAGE OF	0	
U+22B8	⊸	MULTIMAP	0	
U+22B9	⊹	HERMITIAN CONJUGATE MATRIX	0	
U+22BA	⊺	INTERCALATE	0	
U+22BB	⊻	XOR	0	
U+22BC	⊼	NAND	0	
U+22BD	⊽	NOR	0	
U+22BE	⊾	RIGHT ANGLE WITH ARC	0	
U+22BF	⊿	RIGHT TRIANGLE	0	
U+22C0	⋀	N-ARY LOGICAL AND	0	
U+22C1	⋁	N-ARY LOGICAL OR	0	
U+22C2	⋂	N-ARY INTERSECTION	0	
U+22C3	⋃	N-ARY UNION	0	
U+22C4	⋄	DIAMOND OPERATOR	0	
U+22C5	⋅	DOT OPERATOR	0	
U+22C6	⋆	STAR OPERATOR	0	
U+22C7	⋇	DIVISION TIMES	0	
U+22C8	⋈	BOWTIE	0	
U+22C9	⋉	LEFT NORMAL FACTOR SEMIDIRECT PRODUCT	0	
U+22CA	⋊	RIGHT NORMAL FACTOR SEMIDIRECT PRODUCT	0	
U+22CB	⋋	LEFT SEMIDIRECT PRODUCT	0	
U+22CC	⋌	RIGHT SEMIDIRECT PRODUCT	0	
U+22CD	⋍	REVERSED TILDE EQUALS	0	
U+22CE	⋎	CURLY LOGICAL OR	0	
U+22CF	⋏	CURLY LOGICAL AND	0	
U+22D0	⋐	DOUBLE SUBSET	0	
U+22D1	⋑	DOUBLE SUPERSET	0	
U+22D2	⋒	DOUBLE INTERSECTION	0	
U+22D3	⋓	DOUBLE UNION	0	
U+22D4	⋔	PITCHFORK	0	
U+22D5	⋕	EQUAL AND PARALLEL TO	0	
U+22D6	⋖	LESS-THAN WITH DOT	0	
U+22D7	⋗	GREATER-THAN WITH DOT	0	
U+22D8	⋘	VERY MUCH LESS-THAN	0	
U+22D9	⋙	VERY MUCH GREATER-THAN	0	
U+22DA	⋚	LESS-THAN EQUAL TO OR GREATER-THAN	0	
U+22DB	⋛	GREATER-THAN EQUAL TO OR LESS-THAN	0	
U+22DC	⋜	EQUAL TO OR LESS-THAN	0	
U+22DD	⋝	EQUAL TO OR GREATER-THAN	0	
U+22DE	⋞	EQUAL TO OR PRECEDES	0	
U+22DF	⋟	EQUAL TO OR SUCCEEDS	0	
U+22E0	⋠	DOES NOT PRECEDE OR EQUAL	0	
U+22E1	⋡	DOES NOT SUCCEED OR EQUAL	0	
U+22E2	⋢	NOT SQUARE IMAGE OF OR EQUAL TO	0	
U+22E3	⋣	NOT SQUARE ORIGINAL OF OR EQUAL TO	0	
U+22E4	⋤	SQUARE IMAGE OF OR NOT EQUAL TO	0	
U+22E5	⋥	SQUARE ORIGINAL OF OR NOT EQUAL TO	0	
U+22E6	⋦	LESS-THAN BUT NOT EQUIVALENT TO	0	
U+22E7	⋧	GREATER-THAN BUT NOT EQUIVALENT TO	0	
U+22E8	⋨	PRECEDES BUT NOT EQUIVALENT TO	0	
U+22E9	⋩	SUCCEEDS BUT NOT EQUIVALENT TO	0	
U+22EA	⋪	NOT NORMAL SUBGROUP OF	0	
U+22EB	⋫	DOES NOT CONTAIN AS NORMAL SUBGROUP	0	
U+22EC	⋬	NOT NORMAL SUBGROUP OF OR EQUAL TO	0	
U+22ED	⋭	DOES NOT CONTAIN AS NORMAL SUBGROUP OR EQUAL	0	
U+22EE	⋮	VERTICAL ELLIPSIS	0	
U+22EF	⋯	MIDLINE HORIZONTAL ELLIPSIS	0	
U+22F0	⋰	UP RIGHT DIAGONAL ELLIPSIS	0	
U+22F1	⋱	DOWN RIGHT DIAGONAL ELLIPSIS	0	
U+22F2	⋲	ELEMENT OF WITH LONG HORIZONTAL STROKE	0	
U+22F3	⋳	ELEMENT OF WITH VERTICAL BAR AT END OF HORIZONTAL STROKE	0	
U+22F4	⋴	SMALL ELEMENT OF WITH VERTICAL BAR AT END OF HORIZONTAL STROKE	0	
U+22F5	⋵	ELEMENT OF WITH DOT ABOVE	0	
U+22F6	⋶	ELEMENT OF WITH OVERBAR	0	
U+22F7	⋷	SMALL ELEMENT OF WITH OVERBAR	0	
U+22F8	⋸	ELEMENT OF WITH UNDERBAR	0	
U+22F9	⋹	ELEMENT OF WITH TWO HORIZONTAL STROKES	0	
U+22FA	⋺	CONTAINS WITH LONG HORIZONTAL STROKE	0	
U+22FB	⋻	CONTAINS WITH VERTICAL BAR AT END OF HORIZONTAL STROKE	0	
U+22FC	⋼	SMALL CONTAINS WITH VERTICAL BAR AT END OF HORIZONTAL STROKE	0	
U+22FD	⋽	CONTAINS WITH OVERBAR	0	
U+22FE	⋾	SMALL CONTAINS WITH OVERBAR	0	
U+22FF	⋿	Z NOTATION BAG MEMBERSHIP	0	
U+2300	⌀	DIAMETER SIGN	0	
U+2301	⌁	ELECTRIC ARROW	0	
U+2302	⌂	HOUSE	0	
U+2303	⌃	UP ARROWHEAD	0	
U+2304	⌄	DOWN ARROWHEAD	0	
U+2305	⌅	PROJECTIVE	0	
U+2306	⌆	PERSPECTIVE	0	
U+2307	⌇	WAVY LINE	0	
U+2308	⌈	LEFT CEILING	0	
U+2309	⌉	RIGHT CEILING	0	
U+230A	⌊	LEFT FLOOR	0	
U+230B	⌋	RIGHT FLOOR	0	
U+230C	⌌	BOTTOM RIGHT CROP	0	
U+230D	⌍	BOTTOM LEFT CROP	0	
U+230E	⌎	TOP RIGHT CROP	0	
U+230F	⌏	TOP LEFT CROP	0	
U+2310	⌐	REVERSED NOT SIGN	0	
U+2311	⌑	SQUARE LOZENGE	0	
U+2312	⌒	ARC	5	html,js,json,required-literal
U+2313	⌓	SEGMENT	0	
U+2314	⌔	SECTOR	0	
U+2315	⌕	TELEPHONE RECORDER	0	
U+2316	⌖	POSITION INDICATOR	0	
U+2317	⌗	VIEWDATA SQUARE	0	
U+2318	⌘	PLACE OF INTEREST SIGN	0	
U+2319	⌙	TURNED NOT SIGN	0	
U+231A	⌚	WATCH	0	
U+231B	⌛	HOURGLASS	0	
U+231C	⌜	TOP LEFT CORNER	0	
U+231D	⌝	TOP RIGHT CORNER	0	
U+231E	⌞	BOTTOM LEFT CORNER	0	
U+231F	⌟	BOTTOM RIGHT CORNER	0	
U+2320	⌠	TOP HALF INTEGRAL	0	
U+2321	⌡	BOTTOM HALF INTEGRAL	0	
U+2322	⌢	FROWN	0	
U+2323	⌣	SMILE	0	
U+2324	⌤	UP ARROWHEAD BETWEEN TWO HORIZONTAL BARS	0	
U+2325	⌥	OPTION KEY	0	
U+2326	⌦	ERASE TO THE RIGHT	0	
U+2327	⌧	X IN A RECTANGLE BOX	0	
U+2328	⌨	KEYBOARD	0	
U+2329	〈	LEFT-POINTING ANGLE BRACKET	0	
U+232A	〉	RIGHT-POINTING ANGLE BRACKET	0	
U+232B	⌫	ERASE TO THE LEFT	0	
U+232C	⌬	BENZENE RING	0	
U+232D	⌭	CYLINDRICITY	0	
U+232E	⌮	ALL AROUND-PROFILE	0	
U+232F	⌯	SYMMETRY	0	
U+2330	⌰	TOTAL RUNOUT	0	
U+2331	⌱	DIMENSION ORIGIN	0	
U+2332	⌲	CONICAL TAPER	0	
U+2333	⌳	SLOPE	0	
U+2334	⌴	COUNTERBORE	0	
U+2335	⌵	COUNTERSINK	0	
U+2336	⌶	APL FUNCTIONAL SYMBOL I-BEAM	0	
U+2337	⌷	APL FUNCTIONAL SYMBOL SQUISH QUAD	0	
U+2338	⌸	APL FUNCTIONAL SYMBOL QUAD EQUAL	0	
U+2339	⌹	APL FUNCTIONAL SYMBOL QUAD DIVIDE	0	
U+233A	⌺	APL FUNCTIONAL SYMBOL QUAD DIAMOND	0	
U+233B	⌻	APL FUNCTIONAL SYMBOL QUAD JOT	0	
U+233C	⌼	APL FUNCTIONAL SYMBOL QUAD CIRCLE	0	
U+233D	⌽	APL FUNCTIONAL SYMBOL CIRCLE STILE	0	
U+233E	⌾	APL FUNCTIONAL SYMBOL CIRCLE JOT	0	
U+233F	⌿	APL FUNCTIONAL SYMBOL SLASH BAR	0	
U+2340	⍀	APL FUNCTIONAL SYMBOL BACKSLASH BAR	0	
U+2341	⍁	APL FUNCTIONAL SYMBOL QUAD SLASH	0	
U+2342	⍂	APL FUNCTIONAL SYMBOL QUAD BACKSLASH	0	
U+2343	⍃	APL FUNCTIONAL SYMBOL QUAD LESS-THAN	0	
U+2344	⍄	APL FUNCTIONAL SYMBOL QUAD GREATER-THAN	0	
U+2345	⍅	APL FUNCTIONAL SYMBOL LEFTWARDS VANE	0	
U+2346	⍆	APL FUNCTIONAL SYMBOL RIGHTWARDS VANE	0	
U+2347	⍇	APL FUNCTIONAL SYMBOL QUAD LEFTWARDS ARROW	0	
U+2348	⍈	APL FUNCTIONAL SYMBOL QUAD RIGHTWARDS ARROW	0	
U+2349	⍉	APL FUNCTIONAL SYMBOL CIRCLE BACKSLASH	0	
U+234A	⍊	APL FUNCTIONAL SYMBOL DOWN TACK UNDERBAR	0	
U+234B	⍋	APL FUNCTIONAL SYMBOL DELTA STILE	0	
U+234C	⍌	APL FUNCTIONAL SYMBOL QUAD DOWN CARET	0	
U+234D	⍍	APL FUNCTIONAL SYMBOL QUAD DELTA	0	
U+234E	⍎	APL FUNCTIONAL SYMBOL DOWN TACK JOT	0	
U+234F	⍏	APL FUNCTIONAL SYMBOL UPWARDS VANE	0	
U+2350	⍐	APL FUNCTIONAL SYMBOL QUAD UPWARDS ARROW	0	
U+2351	⍑	APL FUNCTIONAL SYMBOL UP TACK OVERBAR	0	
U+2352	⍒	APL FUNCTIONAL SYMBOL DEL STILE	0	
U+2353	⍓	APL FUNCTIONAL SYMBOL QUAD UP CARET	0	
U+2354	⍔	APL FUNCTIONAL SYMBOL QUAD DEL	0	
U+2355	⍕	APL FUNCTIONAL SYMBOL UP TACK JOT	0	
U+2356	⍖	APL FUNCTIONAL SYMBOL DOWNWARDS VANE	0	
U+2357	⍗	APL FUNCTIONAL SYMBOL QUAD DOWNWARDS ARROW	0	
U+2358	⍘	APL FUNCTIONAL SYMBOL QUOTE UNDERBAR	0	
U+2359	⍙	APL FUNCTIONAL SYMBOL DELTA UNDERBAR	0	
U+235A	⍚	APL FUNCTIONAL SYMBOL DIAMOND UNDERBAR	0	
U+235B	⍛	APL FUNCTIONAL SYMBOL JOT UNDERBAR	0	
U+235C	⍜	APL FUNCTIONAL SYMBOL CIRCLE UNDERBAR	0	
U+235D	⍝	APL FUNCTIONAL SYMBOL UP SHOE JOT	0	
U+235E	⍞	APL FUNCTIONAL SYMBOL QUOTE QUAD	0	
U+235F	⍟	APL FUNCTIONAL SYMBOL CIRCLE STAR	0	
U+2360	⍠	APL FUNCTIONAL SYMBOL QUAD COLON	0	
U+2361	⍡	APL FUNCTIONAL SYMBOL UP TACK DIAERESIS	0	
U+2362	⍢	APL FUNCTIONAL SYMBOL DEL DIAERESIS	0	
U+2363	⍣	APL FUNCTIONAL SYMBOL STAR DIAERESIS	0	
U+2364	⍤	APL FUNCTIONAL SYMBOL JOT DIAERESIS	0	
U+2365	⍥	APL FUNCTIONAL SYMBOL CIRCLE DIAERESIS	0	
U+2366	⍦	APL FUNCTIONAL SYMBOL DOWN SHOE STILE	0	
U+2367	⍧	APL FUNCTIONAL SYMBOL LEFT SHOE STILE	0	
U+2368	⍨	APL FUNCTIONAL SYMBOL TILDE DIAERESIS	0	
U+2369	⍩	APL FUNCTIONAL SYMBOL GREATER-THAN DIAERESIS	0	
U+236A	⍪	APL FUNCTIONAL SYMBOL COMMA BAR	0	
U+236B	⍫	APL FUNCTIONAL SYMBOL DEL TILDE	0	
U+236C	⍬	APL FUNCTIONAL SYMBOL ZILDE	0	
U+236D	⍭	APL FUNCTIONAL SYMBOL STILE TILDE	0	
U+236E	⍮	APL FUNCTIONAL SYMBOL SEMICOLON UNDERBAR	0	
U+236F	⍯	APL FUNCTIONAL SYMBOL QUAD NOT EQUAL	0	
U+2370	⍰	APL FUNCTIONAL SYMBOL QUAD QUESTION	0	
U+2371	⍱	APL FUNCTIONAL SYMBOL DOWN CARET TILDE	0	
U+2372	⍲	APL FUNCTIONAL SYMBOL UP CARET TILDE	0	
U+2373	⍳	APL FUNCTIONAL SYMBOL IOTA	0	
U+2374	⍴	APL FUNCTIONAL SYMBOL RHO	0	
U+2375	⍵	APL FUNCTIONAL SYMBOL OMEGA	0	
U+2376	⍶	APL FUNCTIONAL SYMBOL ALPHA UNDERBAR	0	
U+2377	⍷	APL FUNCTIONAL SYMBOL EPSILON UNDERBAR	0	
U+2378	⍸	APL FUNCTIONAL SYMBOL IOTA UNDERBAR	0	
U+2379	⍹	APL FUNCTIONAL SYMBOL OMEGA UNDERBAR	0	
U+237A	⍺	APL FUNCTIONAL SYMBOL ALPHA	0	
U+237B	⍻	NOT CHECK MARK	0	
U+237C	⍼	RIGHT ANGLE WITH DOWNWARDS ZIGZAG ARROW	0	
U+237D	⍽	SHOULDERED OPEN BOX	0	
U+237E	⍾	BELL SYMBOL	0	
U+237F	⍿	VERTICAL LINE WITH MIDDLE DOT	0	
U+2380	⎀	INSERTION SYMBOL	0	
U+2381	⎁	CONTINUOUS UNDERLINE SYMBOL	0	
U+2382	⎂	DISCONTINUOUS UNDERLINE SYMBOL	0	
U+2383	⎃	EMPHASIS SYMBOL	0	
U+2384	⎄	COMPOSITION SYMBOL	0	
U+2385	⎅	WHITE SQUARE WITH CENTRE VERTICAL LINE	0	
U+2386	⎆	ENTER SYMBOL	0	
U+2387	⎇	ALTERNATIVE KEY SYMBOL	0	
U+2388	⎈	HELM SYMBOL	0	
U+2389	⎉	CIRCLED HORIZONTAL BAR WITH NOTCH	0	
U+238A	⎊	CIRCLED TRIANGLE DOWN	0	
U+238B	⎋	BROKEN CIRCLE WITH NORTHWEST ARROW	0	
U+238C	⎌	UNDO SYMBOL	0	
U+238D	⎍	MONOSTABLE SYMBOL	0	
U+238E	⎎	HYSTERESIS SYMBOL	0	
U+238F	⎏	OPEN-CIRCUIT-OUTPUT H-TYPE SYMBOL	0	
U+2390	⎐	OPEN-CIRCUIT-OUTPUT L-TYPE SYMBOL	0	
U+2391	⎑	PASSIVE-PULL-DOWN-OUTPUT SYMBOL	0	
U+2392	⎒	PASSIVE-PULL-UP-OUTPUT SYMBOL	0	
U+2393	⎓	DIRECT CURRENT SYMBOL FORM TWO	0	
U+2394	⎔	SOFTWARE-FUNCTION SYMBOL	0	
U+2395	⎕	APL FUNCTIONAL SYMBOL QUAD	0	
U+2396	⎖	DECIMAL SEPARATOR KEY SYMBOL	0	
U+2397	⎗	PREVIOUS PAGE	0	
U+2398	⎘	NEXT PAGE	0	
U+2399	⎙	PRINT SCREEN SYMBOL	0	
U+239A	⎚	CLEAR SCREEN SYMBOL	0	
U+239B	⎛	LEFT PARENTHESIS UPPER HOOK	0	
U+239C	⎜	LEFT PARENTHESIS EXTENSION	0	
U+239D	⎝	LEFT PARENTHESIS LOWER HOOK	0	
U+239E	⎞	RIGHT PARENTHESIS UPPER HOOK	0	
U+239F	⎟	RIGHT PARENTHESIS EXTENSION	0	
U+23A0	⎠	RIGHT PARENTHESIS LOWER HOOK	0	
U+23A1	⎡	LEFT SQUARE BRACKET UPPER CORNER	0	
U+23A2	⎢	LEFT SQUARE BRACKET EXTENSION	0	
U+23A3	⎣	LEFT SQUARE BRACKET LOWER CORNER	0	
U+23A4	⎤	RIGHT SQUARE BRACKET UPPER CORNER	0	
U+23A5	⎥	RIGHT SQUARE BRACKET EXTENSION	0	
U+23A6	⎦	RIGHT SQUARE BRACKET LOWER CORNER	0	
U+23A7	⎧	LEFT CURLY BRACKET UPPER HOOK	0	
U+23A8	⎨	LEFT CURLY BRACKET MIDDLE PIECE	0	
U+23A9	⎩	LEFT CURLY BRACKET LOWER HOOK	0	
U+23AA	⎪	CURLY BRACKET EXTENSION	0	
U+23AB	⎫	RIGHT CURLY BRACKET UPPER HOOK	0	
U+23AC	⎬	RIGHT CURLY BRACKET MIDDLE PIECE	0	
U+23AD	⎭	RIGHT CURLY BRACKET LOWER HOOK	0	
U+23AE	⎮	INTEGRAL EXTENSION	0	
U+23AF	⎯	HORIZONTAL LINE EXTENSION	0	
U+23B0	⎰	UPPER LEFT OR LOWER RIGHT CURLY BRACKET SECTION	0	
U+23B1	⎱	UPPER RIGHT OR LOWER LEFT CURLY BRACKET SECTION	0	
U+23B2	⎲	SUMMATION TOP	0	
U+23B3	⎳	SUMMATION BOTTOM	0	
U+23B4	⎴	TOP SQUARE BRACKET	0	
U+23B5	⎵	BOTTOM SQUARE BRACKET	0	
U+23B6	⎶	BOTTOM SQUARE BRACKET OVER TOP SQUARE BRACKET	0	
U+23B7	⎷	RADICAL SYMBOL BOTTOM	0	
U+23B8	⎸	LEFT VERTICAL BOX LINE	0	
U+23B9	⎹	RIGHT VERTICAL BOX LINE	0	
U+23BA	⎺	HORIZONTAL SCAN LINE-1	0	
U+23BB	⎻	HORIZONTAL SCAN LINE-3	0	
U+23BC	⎼	HORIZONTAL SCAN LINE-7	0	
U+23BD	⎽	HORIZONTAL SCAN LINE-9	0	
U+23BE	⎾	DENTISTRY SYMBOL LIGHT VERTICAL AND TOP RIGHT	0	
U+23BF	⎿	DENTISTRY SYMBOL LIGHT VERTICAL AND BOTTOM RIGHT	0	
U+23C0	⏀	DENTISTRY SYMBOL LIGHT VERTICAL WITH CIRCLE	0	
U+23C1	⏁	DENTISTRY SYMBOL LIGHT DOWN AND HORIZONTAL WITH CIRCLE	0	
U+23C2	⏂	DENTISTRY SYMBOL LIGHT UP AND HORIZONTAL WITH CIRCLE	0	
U+23C3	⏃	DENTISTRY SYMBOL LIGHT VERTICAL WITH TRIANGLE	0	
U+23C4	⏄	DENTISTRY SYMBOL LIGHT DOWN AND HORIZONTAL WITH TRIANGLE	0	
U+23C5	⏅	DENTISTRY SYMBOL LIGHT UP AND HORIZONTAL WITH TRIANGLE	0	
U+23C6	⏆	DENTISTRY SYMBOL LIGHT VERTICAL AND WAVE	0	
U+23C7	⏇	DENTISTRY SYMBOL LIGHT DOWN AND HORIZONTAL WITH WAVE	0	
U+23C8	⏈	DENTISTRY SYMBOL LIGHT UP AND HORIZONTAL WITH WAVE	0	
U+23C9	⏉	DENTISTRY SYMBOL LIGHT DOWN AND HORIZONTAL	0	
U+23CA	⏊	DENTISTRY SYMBOL LIGHT UP AND HORIZONTAL	0	
U+23CB	⏋	DENTISTRY SYMBOL LIGHT VERTICAL AND TOP LEFT	0	
U+23CC	⏌	DENTISTRY SYMBOL LIGHT VERTICAL AND BOTTOM LEFT	0	
U+23CD	⏍	SQUARE FOOT	0	
U+23CE	⏎	RETURN SYMBOL	0	
U+23CF	⏏	EJECT SYMBOL	0	
U+23D0	⏐	VERTICAL LINE EXTENSION	0	
U+23D1	⏑	METRICAL BREVE	0	
U+23D2	⏒	METRICAL LONG OVER SHORT	0	
U+23D3	⏓	METRICAL SHORT OVER LONG	0	
U+23D4	⏔	METRICAL LONG OVER TWO SHORTS	0	
U+23D5	⏕	METRICAL TWO SHORTS OVER LONG	0	
U+23D6	⏖	METRICAL TWO SHORTS JOINED	0	
U+23D7	⏗	METRICAL TRISEME	0	
U+23D8	⏘	METRICAL TETRASEME	0	
U+23D9	⏙	METRICAL PENTASEME	0	
U+23DA	⏚	EARTH GROUND	0	
U+23DB	⏛	FUSE	0	
U+23DC	⏜	TOP PARENTHESIS	0	
U+23DD	⏝	BOTTOM PARENTHESIS	0	
U+23DE	⏞	TOP CURLY BRACKET	0	
U+23DF	⏟	BOTTOM CURLY BRACKET	0	
U+23E0	⏠	TOP TORTOISE SHELL BRACKET	0	
U+23E1	⏡	BOTTOM TORTOISE SHELL BRACKET	0	
U+23E2	⏢	WHITE TRAPEZIUM	0	
U+23E3	⏣	BENZENE RING WITH CIRCLE	0	
U+23E4	⏤	STRAIGHTNESS	0	
U+23E5	⏥	FLATNESS	0	
U+23E6	⏦	AC CURRENT	0	
U+23E7	⏧	ELECTRICAL INTERSECTION	0	
U+23E8	⏨	DECIMAL EXPONENT SYMBOL	0	
U+23E9	⏩	BLACK RIGHT-POINTING DOUBLE TRIANGLE	0	
U+23EA	⏪	BLACK LEFT-POINTING DOUBLE TRIANGLE	0	
U+23EB	⏫	BLACK UP-POINTING DOUBLE TRIANGLE	0	
U+23EC	⏬	BLACK DOWN-POINTING DOUBLE TRIANGLE	0	
U+23ED	⏭	BLACK RIGHT-POINTING DOUBLE TRIANGLE WITH VERTICAL BAR	0	
U+23EE	⏮	BLACK LEFT-POINTING DOUBLE TRIANGLE WITH VERTICAL BAR	0	
U+23EF	⏯	BLACK RIGHT-POINTING TRIANGLE WITH DOUBLE VERTICAL BAR	0	
U+23F0	⏰	ALARM CLOCK	0	
U+23F1	⏱	STOPWATCH	0	
U+23F2	⏲	TIMER CLOCK	0	
U+23F3	⏳	HOURGLASS WITH FLOWING SAND	0	
U+23F4	⏴	BLACK MEDIUM LEFT-POINTING TRIANGLE	0	
U+23F5	⏵	BLACK MEDIUM RIGHT-POINTING TRIANGLE	0	
U+23F6	⏶	BLACK MEDIUM UP-POINTING TRIANGLE	0	
U+23F7	⏷	BLACK MEDIUM DOWN-POINTING TRIANGLE	0	
U+23F8	⏸	DOUBLE VERTICAL BAR	0	
U+23F9	⏹	BLACK SQUARE FOR STOP	0	
U+23FA	⏺	BLACK CIRCLE FOR RECORD	0	
U+23FB	⏻	POWER SYMBOL	0	
U+23FC	⏼	POWER ON-OFF SYMBOL	0	
U+23FD	⏽	POWER ON SYMBOL	0	
U+23FE	⏾	POWER SLEEP SYMBOL	0	
U+23FF	⏿	OBSERVER EYE SYMBOL	0	
U+2500	─	BOX DRAWINGS LIGHT HORIZONTAL	0	
U+2501	━	BOX DRAWINGS HEAVY HORIZONTAL	0	
U+2502	│	BOX DRAWINGS LIGHT VERTICAL	0	
U+2503	┃	BOX DRAWINGS HEAVY VERTICAL	0	
U+2504	┄	BOX DRAWINGS LIGHT TRIPLE DASH HORIZONTAL	0	
U+2505	┅	BOX DRAWINGS HEAVY TRIPLE DASH HORIZONTAL	0	
U+2506	┆	BOX DRAWINGS LIGHT TRIPLE DASH VERTICAL	0	
U+2507	┇	BOX DRAWINGS HEAVY TRIPLE DASH VERTICAL	0	
U+2508	┈	BOX DRAWINGS LIGHT QUADRUPLE DASH HORIZONTAL	0	
U+2509	┉	BOX DRAWINGS HEAVY QUADRUPLE DASH HORIZONTAL	0	
U+250A	┊	BOX DRAWINGS LIGHT QUADRUPLE DASH VERTICAL	0	
U+250B	┋	BOX DRAWINGS HEAVY QUADRUPLE DASH VERTICAL	0	
U+250C	┌	BOX DRAWINGS LIGHT DOWN AND RIGHT	0	
U+250D	┍	BOX DRAWINGS DOWN LIGHT AND RIGHT HEAVY	0	
U+250E	┎	BOX DRAWINGS DOWN HEAVY AND RIGHT LIGHT	0	
U+250F	┏	BOX DRAWINGS HEAVY DOWN AND RIGHT	0	
U+2510	┐	BOX DRAWINGS LIGHT DOWN AND LEFT	0	
U+2511	┑	BOX DRAWINGS DOWN LIGHT AND LEFT HEAVY	0	
U+2512	┒	BOX DRAWINGS DOWN HEAVY AND LEFT LIGHT	0	
U+2513	┓	BOX DRAWINGS HEAVY DOWN AND LEFT	0	
U+2514	└	BOX DRAWINGS LIGHT UP AND RIGHT	0	
U+2515	┕	BOX DRAWINGS UP LIGHT AND RIGHT HEAVY	0	
U+2516	┖	BOX DRAWINGS UP HEAVY AND RIGHT LIGHT	0	
U+2517	┗	BOX DRAWINGS HEAVY UP AND RIGHT	0	
U+2518	┘	BOX DRAWINGS LIGHT UP AND LEFT	0	
U+2519	┙	BOX DRAWINGS UP LIGHT AND LEFT HEAVY	0	
U+251A	┚	BOX DRAWINGS UP HEAVY AND LEFT LIGHT	0	
U+251B	┛	BOX DRAWINGS HEAVY UP AND LEFT	0	
U+251C	├	BOX DRAWINGS LIGHT VERTICAL AND RIGHT	0	
U+251D	┝	BOX DRAWINGS VERTICAL LIGHT AND RIGHT HEAVY	0	
U+251E	┞	BOX DRAWINGS UP HEAVY AND RIGHT DOWN LIGHT	0	
U+251F	┟	BOX DRAWINGS DOWN HEAVY AND RIGHT UP LIGHT	0	
U+2520	┠	BOX DRAWINGS VERTICAL HEAVY AND RIGHT LIGHT	0	
U+2521	┡	BOX DRAWINGS DOWN LIGHT AND RIGHT UP HEAVY	0	
U+2522	┢	BOX DRAWINGS UP LIGHT AND RIGHT DOWN HEAVY	0	
U+2523	┣	BOX DRAWINGS HEAVY VERTICAL AND RIGHT	0	
U+2524	┤	BOX DRAWINGS LIGHT VERTICAL AND LEFT	0	
U+2525	┥	BOX DRAWINGS VERTICAL LIGHT AND LEFT HEAVY	0	
U+2526	┦	BOX DRAWINGS UP HEAVY AND LEFT DOWN LIGHT	0	
U+2527	┧	BOX DRAWINGS DOWN HEAVY AND LEFT UP LIGHT	0	
U+2528	┨	BOX DRAWINGS VERTICAL HEAVY AND LEFT LIGHT	0	
U+2529	┩	BOX DRAWINGS DOWN LIGHT AND LEFT UP HEAVY	0	
U+252A	┪	BOX DRAWINGS UP LIGHT AND LEFT DOWN HEAVY	0	
U+252B	┫	BOX DRAWINGS HEAVY VERTICAL AND LEFT	0	
U+252C	┬	BOX DRAWINGS LIGHT DOWN AND HORIZONTAL	0	
U+252D	┭	BOX DRAWINGS LEFT HEAVY AND RIGHT DOWN LIGHT	0	
U+252E	┮	BOX DRAWINGS RIGHT HEAVY AND LEFT DOWN LIGHT	0	
U+252F	┯	BOX DRAWINGS DOWN LIGHT AND HORIZONTAL HEAVY	0	
U+2530	┰	BOX DRAWINGS DOWN HEAVY AND HORIZONTAL LIGHT	0	
U+2531	┱	BOX DRAWINGS RIGHT LIGHT AND LEFT DOWN HEAVY	0	
U+2532	┲	BOX DRAWINGS LEFT LIGHT AND RIGHT DOWN HEAVY	0	
U+2533	┳	BOX DRAWINGS HEAVY DOWN AND HORIZONTAL	0	
U+2534	┴	BOX DRAWINGS LIGHT UP AND HORIZONTAL	0	
U+2535	┵	BOX DRAWINGS LEFT HEAVY AND RIGHT UP LIGHT	0	
U+2536	┶	BOX DRAWINGS RIGHT HEAVY AND LEFT UP LIGHT	0	
U+2537	┷	BOX DRAWINGS UP LIGHT AND HORIZONTAL HEAVY	0	
U+2538	┸	BOX DRAWINGS UP HEAVY AND HORIZONTAL LIGHT	0	
U+2539	┹	BOX DRAWINGS RIGHT LIGHT AND LEFT UP HEAVY	0	
U+253A	┺	BOX DRAWINGS LEFT LIGHT AND RIGHT UP HEAVY	0	
U+253B	┻	BOX DRAWINGS HEAVY UP AND HORIZONTAL	0	
U+253C	┼	BOX DRAWINGS LIGHT VERTICAL AND HORIZONTAL	0	
U+253D	┽	BOX DRAWINGS LEFT HEAVY AND RIGHT VERTICAL LIGHT	0	
U+253E	┾	BOX DRAWINGS RIGHT HEAVY AND LEFT VERTICAL LIGHT	0	
U+253F	┿	BOX DRAWINGS VERTICAL LIGHT AND HORIZONTAL HEAVY	0	
U+2540	╀	BOX DRAWINGS UP HEAVY AND DOWN HORIZONTAL LIGHT	0	
U+2541	╁	BOX DRAWINGS DOWN HEAVY AND UP HORIZONTAL LIGHT	0	
U+2542	╂	BOX DRAWINGS VERTICAL HEAVY AND HORIZONTAL LIGHT	0	
U+2543	╃	BOX DRAWINGS LEFT UP HEAVY AND RIGHT DOWN LIGHT	0	
U+2544	╄	BOX DRAWINGS RIGHT UP HEAVY AND LEFT DOWN LIGHT	0	
U+2545	╅	BOX DRAWINGS LEFT DOWN HEAVY AND RIGHT UP LIGHT	0	
U+2546	╆	BOX DRAWINGS RIGHT DOWN HEAVY AND LEFT UP LIGHT	0	
U+2547	╇	BOX DRAWINGS DOWN LIGHT AND UP HORIZONTAL HEAVY	0	
U+2548	╈	BOX DRAWINGS UP LIGHT AND DOWN HORIZONTAL HEAVY	0	
U+2549	╉	BOX DRAWINGS RIGHT LIGHT AND LEFT VERTICAL HEAVY	0	
U+254A	╊	BOX DRAWINGS LEFT LIGHT AND RIGHT VERTICAL HEAVY	0	
U+254B	╋	BOX DRAWINGS HEAVY VERTICAL AND HORIZONTAL	0	
U+254C	╌	BOX DRAWINGS LIGHT DOUBLE DASH HORIZONTAL	0	
U+254D	╍	BOX DRAWINGS HEAVY DOUBLE DASH HORIZONTAL	0	
U+254E	╎	BOX DRAWINGS LIGHT DOUBLE DASH VERTICAL	0	
U+254F	╏	BOX DRAWINGS HEAVY DOUBLE DASH VERTICAL	0	
U+2550	═	BOX DRAWINGS DOUBLE HORIZONTAL	0	
U+2551	║	BOX DRAWINGS DOUBLE VERTICAL	0	
U+2552	╒	BOX DRAWINGS DOWN SINGLE AND RIGHT DOUBLE	0	
U+2553	╓	BOX DRAWINGS DOWN DOUBLE AND RIGHT SINGLE	0	
U+2554	╔	BOX DRAWINGS DOUBLE DOWN AND RIGHT	0	
U+2555	╕	BOX DRAWINGS DOWN SINGLE AND LEFT DOUBLE	0	
U+2556	╖	BOX DRAWINGS DOWN DOUBLE AND LEFT SINGLE	0	
U+2557	╗	BOX DRAWINGS DOUBLE DOWN AND LEFT	0	
U+2558	╘	BOX DRAWINGS UP SINGLE AND RIGHT DOUBLE	0	
U+2559	╙	BOX DRAWINGS UP DOUBLE AND RIGHT SINGLE	0	
U+255A	╚	BOX DRAWINGS DOUBLE UP AND RIGHT	0	
U+255B	╛	BOX DRAWINGS UP SINGLE AND LEFT DOUBLE	0	
U+255C	╜	BOX DRAWINGS UP DOUBLE AND LEFT SINGLE	0	
U+255D	╝	BOX DRAWINGS DOUBLE UP AND LEFT	0	
U+255E	╞	BOX DRAWINGS VERTICAL SINGLE AND RIGHT DOUBLE	0	
U+255F	╟	BOX DRAWINGS VERTICAL DOUBLE AND RIGHT SINGLE	0	
U+2560	╠	BOX DRAWINGS DOUBLE VERTICAL AND RIGHT	0	
U+2561	╡	BOX DRAWINGS VERTICAL SINGLE AND LEFT DOUBLE	0	
U+2562	╢	BOX DRAWINGS VERTICAL DOUBLE AND LEFT SINGLE	0	
U+2563	╣	BOX DRAWINGS DOUBLE VERTICAL AND LEFT	0	
U+2564	╤	BOX DRAWINGS DOWN SINGLE AND HORIZONTAL DOUBLE	0	
U+2565	╥	BOX DRAWINGS DOWN DOUBLE AND HORIZONTAL SINGLE	0	
U+2566	╦	BOX DRAWINGS DOUBLE DOWN AND HORIZONTAL	0	
U+2567	╧	BOX DRAWINGS UP SINGLE AND HORIZONTAL DOUBLE	0	
U+2568	╨	BOX DRAWINGS UP DOUBLE AND HORIZONTAL SINGLE	0	
U+2569	╩	BOX DRAWINGS DOUBLE UP AND HORIZONTAL	0	
U+256A	╪	BOX DRAWINGS VERTICAL SINGLE AND HORIZONTAL DOUBLE	0	
U+256B	╫	BOX DRAWINGS VERTICAL DOUBLE AND HORIZONTAL SINGLE	0	
U+256C	╬	BOX DRAWINGS DOUBLE VERTICAL AND HORIZONTAL	0	
U+256D	╭	BOX DRAWINGS LIGHT ARC DOWN AND RIGHT	0	
U+256E	╮	BOX DRAWINGS LIGHT ARC DOWN AND LEFT	0	
U+256F	╯	BOX DRAWINGS LIGHT ARC UP AND LEFT	0	
U+2570	╰	BOX DRAWINGS LIGHT ARC UP AND RIGHT	0	
U+2571	╱	BOX DRAWINGS LIGHT DIAGONAL UPPER RIGHT TO LOWER LEFT	0	
U+2572	╲	BOX DRAWINGS LIGHT DIAGONAL UPPER LEFT TO LOWER RIGHT	0	
U+2573	╳	BOX DRAWINGS LIGHT DIAGONAL CROSS	0	
U+2574	╴	BOX DRAWINGS LIGHT LEFT	0	
U+2575	╵	BOX DRAWINGS LIGHT UP	0	
U+2576	╶	BOX DRAWINGS LIGHT RIGHT	0	
U+2577	╷	BOX DRAWINGS LIGHT DOWN	0	
U+2578	╸	BOX DRAWINGS HEAVY LEFT	0	
U+2579	╹	BOX DRAWINGS HEAVY UP	0	
U+257A	╺	BOX DRAWINGS HEAVY RIGHT	0	
U+257B	╻	BOX DRAWINGS HEAVY DOWN	0	
U+257C	╼	BOX DRAWINGS LIGHT LEFT AND HEAVY RIGHT	0	
U+257D	╽	BOX DRAWINGS LIGHT UP AND HEAVY DOWN	0	
U+257E	╾	BOX DRAWINGS HEAVY LEFT AND LIGHT RIGHT	0	
U+257F	╿	BOX DRAWINGS HEAVY UP AND LIGHT DOWN	0	
U+25A0	■	BLACK SQUARE	0	
U+25A1	□	WHITE SQUARE	0	
U+25A2	▢	WHITE SQUARE WITH ROUNDED CORNERS	0	
U+25A3	▣	WHITE SQUARE CONTAINING BLACK SMALL SQUARE	0	
U+25A4	▤	SQUARE WITH HORIZONTAL FILL	0	
U+25A5	▥	SQUARE WITH VERTICAL FILL	0	
U+25A6	▦	SQUARE WITH ORTHOGONAL CROSSHATCH FILL	0	
U+25A7	▧	SQUARE WITH UPPER LEFT TO LOWER RIGHT FILL	0	
U+25A8	▨	SQUARE WITH UPPER RIGHT TO LOWER LEFT FILL	0	
U+25A9	▩	SQUARE WITH DIAGONAL CROSSHATCH FILL	0	
U+25AA	▪	BLACK SMALL SQUARE	0	
U+25AB	▫	WHITE SMALL SQUARE	0	
U+25AC	▬	BLACK RECTANGLE	0	
U+25AD	▭	WHITE RECTANGLE	0	
U+25AE	▮	BLACK VERTICAL RECTANGLE	0	
U+25AF	▯	WHITE VERTICAL RECTANGLE	0	
U+25B0	▰	BLACK PARALLELOGRAM	0	
U+25B1	▱	WHITE PARALLELOGRAM	0	
U+25B2	▲	BLACK UP-POINTING TRIANGLE	0	
U+25B3	△	WHITE UP-POINTING TRIANGLE	0	
U+25B4	▴	BLACK UP-POINTING SMALL TRIANGLE	0	
U+25B5	▵	WHITE UP-POINTING SMALL TRIANGLE	0	
U+25B6	▶	BLACK RIGHT-POINTING TRIANGLE	0	
U+25B7	▷	WHITE RIGHT-POINTING TRIANGLE	0	
U+25B8	▸	BLACK RIGHT-POINTING SMALL TRIANGLE	0	
U+25B9	▹	WHITE RIGHT-POINTING SMALL TRIANGLE	0	
U+25BA	►	BLACK RIGHT-POINTING POINTER	0	
U+25BB	▻	WHITE RIGHT-POINTING POINTER	0	
U+25BC	▼	BLACK DOWN-POINTING TRIANGLE	0	
U+25BD	▽	WHITE DOWN-POINTING TRIANGLE	0	
U+25BE	▾	BLACK DOWN-POINTING SMALL TRIANGLE	0	
U+25BF	▿	WHITE DOWN-POINTING SMALL TRIANGLE	0	
U+25C0	◀	BLACK LEFT-POINTING TRIANGLE	0	
U+25C1	◁	WHITE LEFT-POINTING TRIANGLE	0	
U+25C2	◂	BLACK LEFT-POINTING SMALL TRIANGLE	0	
U+25C3	◃	WHITE LEFT-POINTING SMALL TRIANGLE	0	
U+25C4	◄	BLACK LEFT-POINTING POINTER	0	
U+25C5	◅	WHITE LEFT-POINTING POINTER	0	
U+25C6	◆	BLACK DIAMOND	0	
U+25C7	◇	WHITE DIAMOND	0	
U+25C8	◈	WHITE DIAMOND CONTAINING BLACK SMALL DIAMOND	0	
U+25C9	◉	FISHEYE	0	
U+25CA	◊	LOZENGE	0	
U+25CB	○	WHITE CIRCLE	0	
U+25CC	◌	DOTTED CIRCLE	0	
U+25CD	◍	CIRCLE WITH VERTICAL FILL	0	
U+25CE	◎	BULLSEYE	0	
U+25CF	●	BLACK CIRCLE	0	
U+25D0	◐	CIRCLE WITH LEFT HALF BLACK	0	
U+25D1	◑	CIRCLE WITH RIGHT HALF BLACK	0	
U+25D2	◒	CIRCLE WITH LOWER HALF BLACK	0	
U+25D3	◓	CIRCLE WITH UPPER HALF BLACK	0	
U+25D4	◔	CIRCLE WITH UPPER RIGHT QUADRANT BLACK	0	
U+25D5	◕	CIRCLE WITH ALL BUT UPPER LEFT QUADRANT BLACK	0	
U+25D6	◖	LEFT HALF BLACK CIRCLE	0	
U+25D7	◗	RIGHT HALF BLACK CIRCLE	0	
U+25D8	◘	INVERSE BULLET	0	
U+25D9	◙	INVERSE WHITE CIRCLE	0	
U+25DA	◚	UPPER HALF INVERSE WHITE CIRCLE	0	
U+25DB	◛	LOWER HALF INVERSE WHITE CIRCLE	0	
U+25DC	◜	UPPER LEFT QUADRANT CIRCULAR ARC	0	
U+25DD	◝	UPPER RIGHT QUADRANT CIRCULAR ARC	0	
U+25DE	◞	LOWER RIGHT QUADRANT CIRCULAR ARC	0	
U+25DF	◟	LOWER LEFT QUADRANT CIRCULAR ARC	0	
U+25E0	◠	UPPER HALF CIRCLE	0	
U+25E1	◡	LOWER HALF CIRCLE	0	
U+25E2	◢	BLACK LOWER RIGHT TRIANGLE	0	
U+25E3	◣	BLACK LOWER LEFT TRIANGLE	0	
U+25E4	◤	BLACK UPPER LEFT TRIANGLE	0	
U+25E5	◥	BLACK UPPER RIGHT TRIANGLE	0	
U+25E6	◦	WHITE BULLET	0	
U+25E7	◧	SQUARE WITH LEFT HALF BLACK	0	
U+25E8	◨	SQUARE WITH RIGHT HALF BLACK	0	
U+25E9	◩	SQUARE WITH UPPER LEFT DIAGONAL HALF BLACK	0	
U+25EA	◪	SQUARE WITH LOWER RIGHT DIAGONAL HALF BLACK	0	
U+25EB	◫	WHITE SQUARE WITH VERTICAL BISECTING LINE	0	
U+25EC	◬	WHITE UP-POINTING TRIANGLE WITH DOT	0	
U+25ED	◭	UP-POINTING TRIANGLE WITH LEFT HALF BLACK	0	
U+25EE	◮	UP-POINTING TRIANGLE WITH RIGHT HALF BLACK	0	
U+25EF	◯	LARGE CIRCLE	0	
U+25F0	◰	WHITE SQUARE WITH UPPER LEFT QUADRANT	0	
U+25F1	◱	WHITE SQUARE WITH LOWER LEFT QUADRANT	0	
U+25F2	◲	WHITE SQUARE WITH LOWER RIGHT QUADRANT	0	
U+25F3	◳	WHITE SQUARE WITH UPPER RIGHT QUADRANT	0	
U+25F4	◴	WHITE CIRCLE WITH UPPER LEFT QUADRANT	0	
U+25F5	◵	WHITE CIRCLE WITH LOWER LEFT QUADRANT	0	
U+25F6	◶	WHITE CIRCLE WITH LOWER RIGHT QUADRANT	0	
U+25F7	◷	WHITE CIRCLE WITH UPPER RIGHT QUADRANT	0	
U+25F8	◸	UPPER LEFT TRIANGLE	0	
U+25F9	◹	UPPER RIGHT TRIANGLE	0	
U+25FA	◺	LOWER LEFT TRIANGLE	0	
U+25FB	◻	WHITE MEDIUM SQUARE	0	
U+25FC	◼	BLACK MEDIUM SQUARE	0	
U+25FD	◽	WHITE MEDIUM SMALL SQUARE	0	
U+25FE	◾	BLACK MEDIUM SMALL SQUARE	0	
U+25FF	◿	LOWER RIGHT TRIANGLE	0	
U+2600	☀	BLACK SUN WITH RAYS	0	
U+2601	☁	CLOUD	0	
U+2602	☂	UMBRELLA	0	
U+2603	☃	SNOWMAN	0	
U+2604	☄	COMET	0	
U+2605	★	BLACK STAR	0	
U+2606	☆	WHITE STAR	5	html,js,json,required-literal
U+2607	☇	LIGHTNING	0	
U+2608	☈	THUNDERSTORM	0	
U+2609	☉	SUN	0	
U+260A	☊	ASCENDING NODE	0	
U+260B	☋	DESCENDING NODE	0	
U+260C	☌	CONJUNCTION	0	
U+260D	☍	OPPOSITION	0	
U+260E	☎	BLACK TELEPHONE	0	
U+260F	☏	WHITE TELEPHONE	0	
U+2610	☐	BALLOT BOX	0	
U+2611	☑	BALLOT BOX WITH CHECK	0	
U+2612	☒	BALLOT BOX WITH X	0	
U+2613	☓	SALTIRE	0	
U+2614	☔	UMBRELLA WITH RAIN DROPS	0	
U+2615	☕	HOT BEVERAGE	0	
U+2616	☖	WHITE SHOGI PIECE	0	
U+2617	☗	BLACK SHOGI PIECE	0	
U+2618	☘	SHAMROCK	0	
U+2619	☙	REVERSED ROTATED FLORAL HEART BULLET	0	
U+261A	☚	BLACK LEFT POINTING INDEX	0	
U+261B	☛	BLACK RIGHT POINTING INDEX	0	
U+261C	☜	WHITE LEFT POINTING INDEX	0	
U+261D	☝	WHITE UP POINTING INDEX	0	
U+261E	☞	WHITE RIGHT POINTING INDEX	0	
U+261F	☟	WHITE DOWN POINTING INDEX	0	
U+2620	☠	SKULL AND CROSSBONES	0	
U+2621	☡	CAUTION SIGN	0	
U+2622	☢	RADIOACTIVE SIGN	0	
U+2623	☣	BIOHAZARD SIGN	0	
U+2624	☤	CADUCEUS	0	
U+2625	☥	ANKH	0	
U+2626	☦	ORTHODOX CROSS	0	
U+2627	☧	CHI RHO	0	
U+2628	☨	CROSS OF LORRAINE	0	
U+2629	☩	CROSS OF JERUSALEM	0	
U+262A	☪	STAR AND CRESCENT	0	
U+262B	☫	FARSI SYMBOL	0	
U+262C	☬	ADI SHAKTI	0	
U+262D	☭	HAMMER AND SICKLE	0	
U+262E	☮	PEACE SYMBOL	0	
U+262F	☯	YIN YANG	0	
U+2630	☰	TRIGRAM FOR HEAVEN	0	
U+2631	☱	TRIGRAM FOR LAKE	0	
U+2632	☲	TRIGRAM FOR FIRE	0	
U+2633	☳	TRIGRAM FOR THUNDER	0	
U+2634	☴	TRIGRAM FOR WIND	0	
U+2635	☵	TRIGRAM FOR WATER	0	
U+2636	☶	TRIGRAM FOR MOUNTAIN	0	
U+2637	☷	TRIGRAM FOR EARTH	0	
U+2638	☸	WHEEL OF DHARMA	0	
U+2639	☹	WHITE FROWNING FACE	0	
U+263A	☺	WHITE SMILING FACE	0	
U+263B	☻	BLACK SMILING FACE	0	
U+263C	☼	WHITE SUN WITH RAYS	0	
U+263D	☽	FIRST QUARTER MOON	0	
U+263E	☾	LAST QUARTER MOON	0	
U+263F	☿	MERCURY	0	
U+2640	♀	FEMALE SIGN	0	
U+2641	♁	EARTH	0	
U+2642	♂	MALE SIGN	0	
U+2643	♃	JUPITER	0	
U+2644	♄	SATURN	0	
U+2645	♅	URANUS	0	
U+2646	♆	NEPTUNE	0	
U+2647	♇	PLUTO	0	
U+2648	♈	ARIES	0	
U+2649	♉	TAURUS	0	
U+264A	♊	GEMINI	0	
U+264B	♋	CANCER	0	
U+264C	♌	LEO	0	
U+264D	♍	VIRGO	0	
U+264E	♎	LIBRA	0	
U+264F	♏	SCORPIUS	0	
U+2650	♐	SAGITTARIUS	0	
U+2651	♑	CAPRICORN	0	
U+2652	♒	AQUARIUS	0	
U+2653	♓	PISCES	0	
U+2654	♔	WHITE CHESS KING	0	
U+2655	♕	WHITE CHESS QUEEN	0	
U+2656	♖	WHITE CHESS ROOK	0	
U+2657	♗	WHITE CHESS BISHOP	0	
U+2658	♘	WHITE CHESS KNIGHT	0	
U+2659	♙	WHITE CHESS PAWN	0	
U+265A	♚	BLACK CHESS KING	0	
U+265B	♛	BLACK CHESS QUEEN	0	
U+265C	♜	BLACK CHESS ROOK	0	
U+265D	♝	BLACK CHESS BISHOP	0	
U+265E	♞	BLACK CHESS KNIGHT	0	
U+265F	♟	BLACK CHESS PAWN	0	
U+2660	♠	BLACK SPADE SUIT	0	
U+2661	♡	WHITE HEART SUIT	0	
U+2662	♢	WHITE DIAMOND SUIT	0	
U+2663	♣	BLACK CLUB SUIT	0	
U+2664	♤	WHITE SPADE SUIT	0	
U+2665	♥	BLACK HEART SUIT	0	
U+2666	♦	BLACK DIAMOND SUIT	0	
U+2667	♧	WHITE CLUB SUIT	0	
U+2668	♨	HOT SPRINGS	0	
U+2669	♩	QUARTER NOTE	0	
U+266A	♪	EIGHTH NOTE	0	
U+266B	♫	BEAMED EIGHTH NOTES	0	
U+266C	♬	BEAMED SIXTEENTH NOTES	0	
U+266D	♭	MUSIC FLAT SIGN	0	
U+266E	♮	MUSIC NATURAL SIGN	0	
U+266F	♯	MUSIC SHARP SIGN	0	
U+2670	♰	WEST SYRIAC CROSS	0	
U+2671	♱	EAST SYRIAC CROSS	0	
U+2672	♲	UNIVERSAL RECYCLING SYMBOL	0	
U+2673	♳	RECYCLING SYMBOL FOR TYPE-1 PLASTICS	0	
U+2674	♴	RECYCLING SYMBOL FOR TYPE-2 PLASTICS	0	
U+2675	♵	RECYCLING SYMBOL FOR TYPE-3 PLASTICS	0	
U+2676	♶	RECYCLING SYMBOL FOR TYPE-4 PLASTICS	0	
U+2677	♷	RECYCLING SYMBOL FOR TYPE-5 PLASTICS	0	
U+2678	♸	RECYCLING SYMBOL FOR TYPE-6 PLASTICS	0	
U+2679	♹	RECYCLING SYMBOL FOR TYPE-7 PLASTICS	0	
U+267A	♺	RECYCLING SYMBOL FOR GENERIC MATERIALS	0	
U+267B	♻	BLACK UNIVERSAL RECYCLING SYMBOL	0	
U+267C	♼	RECYCLED PAPER SYMBOL	0	
U+267D	♽	PARTIALLY-RECYCLED PAPER SYMBOL	0	
U+267E	♾	PERMANENT PAPER SIGN	0	
U+267F	♿	WHEELCHAIR SYMBOL	0	
U+2680	⚀	DIE FACE-1	0	
U+2681	⚁	DIE FACE-2	0	
U+2682	⚂	DIE FACE-3	0	
U+2683	⚃	DIE FACE-4	0	
U+2684	⚄	DIE FACE-5	0	
U+2685	⚅	DIE FACE-6	0	
U+2686	⚆	WHITE CIRCLE WITH DOT RIGHT	0	
U+2687	⚇	WHITE CIRCLE WITH TWO DOTS	0	
U+2688	⚈	BLACK CIRCLE WITH WHITE DOT RIGHT	0	
U+2689	⚉	BLACK CIRCLE WITH TWO WHITE DOTS	0	
U+268A	⚊	MONOGRAM FOR YANG	0	
U+268B	⚋	MONOGRAM FOR YIN	0	
U+268C	⚌	DIGRAM FOR GREATER YANG	0	
U+268D	⚍	DIGRAM FOR LESSER YIN	0	
U+268E	⚎	DIGRAM FOR LESSER YANG	0	
U+268F	⚏	DIGRAM FOR GREATER YIN	0	
U+2690	⚐	WHITE FLAG	0	
U+2691	⚑	BLACK FLAG	0	
U+2692	⚒	HAMMER AND PICK	0	
U+2693	⚓	ANCHOR	0	
U+2694	⚔	CROSSED SWORDS	0	
U+2695	⚕	STAFF OF AESCULAPIUS	0	
U+2696	⚖	SCALES	0	
U+2697	⚗	ALEMBIC	0	
U+2698	⚘	FLOWER	0	
U+2699	⚙	GEAR	0	
U+269A	⚚	STAFF OF HERMES	0	
U+269B	⚛	ATOM SYMBOL	0	
U+269C	⚜	FLEUR-DE-LIS	0	
U+269D	⚝	OUTLINED WHITE STAR	0	
U+269E	⚞	THREE LINES CONVERGING RIGHT	0	
U+269F	⚟	THREE LINES CONVERGING LEFT	0	
U+26A0	⚠	WARNING SIGN	0	
U+26A1	⚡	HIGH VOLTAGE SIGN	0	
U+26A2	⚢	DOUBLED FEMALE SIGN	0	
U+26A3	⚣	DOUBLED MALE SIGN	0	
U+26A4	⚤	INTERLOCKED FEMALE AND MALE SIGN	0	
U+26A5	⚥	MALE AND FEMALE SIGN	0	
U+26A6	⚦	MALE WITH STROKE SIGN	0	
U+26A7	⚧	MALE WITH STROKE AND MALE AND FEMALE SIGN	0	
U+26A8	⚨	VERTICAL MALE WITH STROKE SIGN	0	
U+26A9	⚩	HORIZONTAL MALE WITH STROKE SIGN	0	
U+26AA	⚪	MEDIUM WHITE CIRCLE	0	
U+26AB	⚫	MEDIUM BLACK CIRCLE	0	
U+26AC	⚬	MEDIUM SMALL WHITE CIRCLE	0	
U+26AD	⚭	MARRIAGE SYMBOL	0	
U+26AE	⚮	DIVORCE SYMBOL	0	
U+26AF	⚯	UNMARRIED PARTNERSHIP SYMBOL	0	
U+26B0	⚰	COFFIN	0	
U+26B1	⚱	FUNERAL URN	0	
U+26B2	⚲	NEUTER	0	
U+26B3	⚳	CERES	0	
U+26B4	⚴	PALLAS	0	
U+26B5	⚵	JUNO	0	
U+26B6	⚶	VESTA	0	
U+26B7	⚷	CHIRON	0	
U+26B8	⚸	BLACK MOON LILITH	0	
U+26B9	⚹	SEXTILE	0	
U+26BA	⚺	SEMISEXTILE	0	
U+26BB	⚻	QUINCUNX	0	
U+26BC	⚼	SESQUIQUADRATE	0	
U+26BD	⚽	SOCCER BALL	0	
U+26BE	⚾	BASEBALL	0	
U+26BF	⚿	SQUARED KEY	0	
U+26C0	⛀	WHITE DRAUGHTS MAN	0	
U+26C1	⛁	WHITE DRAUGHTS KING	0	
U+26C2	⛂	BLACK DRAUGHTS MAN	0	
U+26C3	⛃	BLACK DRAUGHTS KING	0	
U+26C4	⛄	SNOWMAN WITHOUT SNOW	0	
U+26C5	⛅	SUN BEHIND CLOUD	0	
U+26C6	⛆	RAIN	0	
U+26C7	⛇	BLACK SNOWMAN	0	
U+26C8	⛈	THUNDER CLOUD AND RAIN	0	
U+26C9	⛉	TURNED WHITE SHOGI PIECE	0	
U+26CA	⛊	TURNED BLACK SHOGI PIECE	0	
U+26CB	⛋	WHITE DIAMOND IN SQUARE	0	
U+26CC	⛌	CROSSING LANES	0	
U+26CD	⛍	DISABLED CAR	0	
U+26CE	⛎	OPHIUCHUS	0	
U+26CF	⛏	PICK	0	
U+26D0	⛐	CAR SLIDING	0	
U+26D1	⛑	HELMET WITH WHITE CROSS	0	
U+26D2	⛒	CIRCLED CROSSING LANES	0	
U+26D3	⛓	CHAINS	0	
U+26D4	⛔	NO ENTRY	0	
U+26D5	⛕	ALTERNATE ONE-WAY LEFT WAY TRAFFIC	0	
U+26D6	⛖	BLACK TWO-WAY LEFT WAY TRAFFIC	0	
U+26D7	⛗	WHITE TWO-WAY LEFT WAY TRAFFIC	0	
U+26D8	⛘	BLACK LEFT LANE MERGE	0	
U+26D9	⛙	WHITE LEFT LANE MERGE	0	
U+26DA	⛚	DRIVE SLOW SIGN	0	
U+26DB	⛛	HEAVY WHITE DOWN-POINTING TRIANGLE	0	
U+26DC	⛜	LEFT CLOSED ENTRY	0	
U+26DD	⛝	SQUARED SALTIRE	0	
U+26DE	⛞	FALLING DIAGONAL IN WHITE CIRCLE IN BLACK SQUARE	0	
U+26DF	⛟	BLACK TRUCK	0	
U+26E0	⛠	RESTRICTED LEFT ENTRY-1	0	
U+26E1	⛡	RESTRICTED LEFT ENTRY-2	0	
U+26E2	⛢	ASTRONOMICAL SYMBOL FOR URANUS	0	
U+26E3	⛣	HEAVY CIRCLE WITH STROKE AND TWO DOTS ABOVE	0	
U+26E4	⛤	PENTAGRAM	0	
U+26E5	⛥	RIGHT-HANDED INTERLACED PENTAGRAM	0	
U+26E6	⛦	LEFT-HANDED INTERLACED PENTAGRAM	0	
U+26E7	⛧	INVERTED PENTAGRAM	0	
U+26E8	⛨	BLACK CROSS ON SHIELD	0	
U+26E9	⛩	SHINTO SHRINE	0	
U+26EA	⛪	CHURCH	0	
U+26EB	⛫	CASTLE	0	
U+26EC	⛬	HISTORIC SITE	0	
U+26ED	⛭	GEAR WITHOUT HUB	0	
U+26EE	⛮	GEAR WITH HANDLES	0	
U+26EF	⛯	MAP SYMBOL FOR LIGHTHOUSE	0	
U+26F0	⛰	MOUNTAIN	0	
U+26F1	⛱	UMBRELLA ON GROUND	0	
U+26F2	⛲	FOUNTAIN	0	
U+26F3	⛳	FLAG IN HOLE	0	
U+26F4	⛴	FERRY	0	
U+26F5	⛵	SAILBOAT	0	
U+26F6	⛶	SQUARE FOUR CORNERS	0	
U+26F7	⛷	SKIER	0	
U+26F8	⛸	ICE SKATE	0	
U+26F9	⛹	PERSON WITH BALL	0	
U+26FA	⛺	TENT	0	
U+26FB	⛻	JAPANESE BANK SYMBOL	0	
U+26FC	⛼	HEADSTONE GRAVEYARD SYMBOL	0	
U+26FD	⛽	FUEL PUMP	0	
U+26FE	⛾	CUP ON BLACK SQUARE	0	
U+26FF	⛿	WHITE FLAG WITH HORIZONTAL MIDDLE BLACK STRIPE	0	
U+2700	✀	BLACK SAFETY SCISSORS	0	
U+2701	✁	UPPER BLADE SCISSORS	0	
U+2702	✂	BLACK SCISSORS	0	
U+2703	✃	LOWER BLADE SCISSORS	0	
U+2704	✄	WHITE SCISSORS	0	
U+2705	✅	WHITE HEAVY CHECK MARK	0	
U+2706	✆	TELEPHONE LOCATION SIGN	0	
U+2707	✇	TAPE DRIVE	0	
U+2708	✈	AIRPLANE	0	
U+2709	✉	ENVELOPE	0	
U+270A	✊	RAISED FIST	0	
U+270B	✋	RAISED HAND	0	
U+270C	✌	VICTORY HAND	0	
U+270D	✍	WRITING HAND	0	
U+270E	✎	LOWER RIGHT PENCIL	0	
U+270F	✏	PENCIL	0	
U+2710	✐	UPPER RIGHT PENCIL	0	
U+2711	✑	WHITE NIB	0	
U+2712	✒	BLACK NIB	0	
U+2713	✓	CHECK MARK	0	
U+2714	✔	HEAVY CHECK MARK	0	
U+2715	✕	MULTIPLICATION X	0	
U+2716	✖	HEAVY MULTIPLICATION X	0	
U+2717	✗	BALLOT X	0	
U+2718	✘	HEAVY BALLOT X	0	
U+2719	✙	OUTLINED GREEK CROSS	0	
U+271A	✚	HEAVY GREEK CROSS	0	
U+271B	✛	OPEN CENTRE CROSS	0	
U+271C	✜	HEAVY OPEN CENTRE CROSS	0	
U+271D	✝	LATIN CROSS	0	
U+271E	✞	SHADOWED WHITE LATIN CROSS	0	
U+271F	✟	OUTLINED LATIN CROSS	0	
U+2720	✠	MALTESE CROSS	0	
U+2721	✡	STAR OF DAVID	0	
U+2722	✢	FOUR TEARDROP-SPOKED ASTERISK	0	
U+2723	✣	FOUR BALLOON-SPOKED ASTERISK	0	
U+2724	✤	HEAVY FOUR BALLOON-SPOKED ASTERISK	0	
U+2725	✥	FOUR CLUB-SPOKED ASTERISK	0	
U+2726	✦	BLACK FOUR POINTED STAR	0	
U+2727	✧	WHITE FOUR POINTED STAR	0	
U+2728	✨	SPARKLES	0	
U+2729	✩	STRESS OUTLINED WHITE STAR	0	
U+272A	✪	CIRCLED WHITE STAR	0	
U+272B	✫	OPEN CENTRE BLACK STAR	0	
U+272C	✬	BLACK CENTRE WHITE STAR	0	
U+272D	✭	OUTLINED BLACK STAR	0	
U+272E	✮	HEAVY OUTLINED BLACK STAR	0	
U+272F	✯	PINWHEEL STAR	0	
U+2730	✰	SHADOWED WHITE STAR	0	
U+2731	✱	HEAVY ASTERISK	0	
U+2732	✲	OPEN CENTRE ASTERISK	0	
U+2733	✳	EIGHT SPOKED ASTERISK	0	
U+2734	✴	EIGHT POINTED BLACK STAR	0	
U+2735	✵	EIGHT POINTED PINWHEEL STAR	0	
U+2736	✶	SIX POINTED BLACK STAR	0	
U+2737	✷	EIGHT POINTED RECTILINEAR BLACK STAR	0	
U+2738	✸	HEAVY EIGHT POINTED RECTILINEAR BLACK STAR	0	
U+2739	✹	TWELVE POINTED BLACK STAR	0	
U+273A	✺	SIXTEEN POINTED ASTERISK	0	
U+273B	✻	TEARDROP-SPOKED ASTERISK	0	
U+273C	✼	OPEN CENTRE TEARDROP-SPOKED ASTERISK	0	
U+273D	✽	HEAVY TEARDROP-SPOKED ASTERISK	0	
U+273E	✾	SIX PETALLED BLACK AND WHITE FLORETTE	0	
U+273F	✿	BLACK FLORETTE	0	
U+2740	❀	WHITE FLORETTE	0	
U+2741	❁	EIGHT PETALLED OUTLINED BLACK FLORETTE	0	
U+2742	❂	CIRCLED OPEN CENTRE EIGHT POINTED STAR	0	
U+2743	❃	HEAVY TEARDROP-SPOKED PINWHEEL ASTERISK	0	
U+2744	❄	SNOWFLAKE	0	
U+2745	❅	TIGHT TRIFOLIATE SNOWFLAKE	0	
U+2746	❆	HEAVY CHEVRON SNOWFLAKE	0	
U+2747	❇	SPARKLE	0	
U+2748	❈	HEAVY SPARKLE	0	
U+2749	❉	BALLOON-SPOKED ASTERISK	0	
U+274A	❊	EIGHT TEARDROP-SPOKED PROPELLER ASTERISK	0	
U+274B	❋	HEAVY EIGHT TEARDROP-SPOKED PROPELLER ASTERISK	0	
U+274C	❌	CROSS MARK	0	
U+274D	❍	SHADOWED WHITE CIRCLE	0	
U+274E	❎	NEGATIVE SQUARED CROSS MARK	0	
U+274F	❏	LOWER RIGHT DROP-SHADOWED WHITE SQUARE	0	
U+2750	❐	UPPER RIGHT DROP-SHADOWED WHITE SQUARE	0	
U+2751	❑	LOWER RIGHT SHADOWED WHITE SQUARE	0	
U+2752	❒	UPPER RIGHT SHADOWED WHITE SQUARE	0	
U+2753	❓	BLACK QUESTION MARK ORNAMENT	0	
U+2754	❔	WHITE QUESTION MARK ORNAMENT	0	
U+2755	❕	WHITE EXCLAMATION MARK ORNAMENT	0	
U+2756	❖	BLACK DIAMOND MINUS WHITE X	0	
U+2757	❗	HEAVY EXCLAMATION MARK SYMBOL	0	
U+2758	❘	LIGHT VERTICAL BAR	0	
U+2759	❙	MEDIUM VERTICAL BAR	0	
U+275A	❚	HEAVY VERTICAL BAR	0	
U+275B	❛	HEAVY SINGLE TURNED COMMA QUOTATION MARK ORNAMENT	0	
U+275C	❜	HEAVY SINGLE COMMA QUOTATION MARK ORNAMENT	0	
U+275D	❝	HEAVY DOUBLE TURNED COMMA QUOTATION MARK ORNAMENT	0	
U+275E	❞	HEAVY DOUBLE COMMA QUOTATION MARK ORNAMENT	0	
U+275F	❟	HEAVY LOW SINGLE COMMA QUOTATION MARK ORNAMENT	0	
U+2760	❠	HEAVY LOW DOUBLE COMMA QUOTATION MARK ORNAMENT	0	
U+2761	❡	CURVED STEM PARAGRAPH SIGN ORNAMENT	0	
U+2762	❢	HEAVY EXCLAMATION MARK ORNAMENT	0	
U+2763	❣	HEAVY HEART EXCLAMATION MARK ORNAMENT	0	
U+2764	❤	HEAVY BLACK HEART	0	
U+2765	❥	ROTATED HEAVY BLACK HEART BULLET	0	
U+2766	❦	FLORAL HEART	0	
U+2767	❧	ROTATED FLORAL HEART BULLET	0	
U+2768	❨	MEDIUM LEFT PARENTHESIS ORNAMENT	0	
U+2769	❩	MEDIUM RIGHT PARENTHESIS ORNAMENT	0	
U+276A	❪	MEDIUM FLATTENED LEFT PARENTHESIS ORNAMENT	0	
U+276B	❫	MEDIUM FLATTENED RIGHT PARENTHESIS ORNAMENT	0	
U+276C	❬	MEDIUM LEFT-POINTING ANGLE BRACKET ORNAMENT	0	
U+276D	❭	MEDIUM RIGHT-POINTING ANGLE BRACKET ORNAMENT	0	
U+276E	❮	HEAVY LEFT-POINTING ANGLE QUOTATION MARK ORNAMENT	0	
U+276F	❯	HEAVY RIGHT-POINTING ANGLE QUOTATION MARK ORNAMENT	0	
U+2770	❰	HEAVY LEFT-POINTING ANGLE BRACKET ORNAMENT	0	
U+2771	❱	HEAVY RIGHT-POINTING ANGLE BRACKET ORNAMENT	0	
U+2772	❲	LIGHT LEFT TORTOISE SHELL BRACKET ORNAMENT	0	
U+2773	❳	LIGHT RIGHT TORTOISE SHELL BRACKET ORNAMENT	0	
U+2774	❴	MEDIUM LEFT CURLY BRACKET ORNAMENT	0	
U+2775	❵	MEDIUM RIGHT CURLY BRACKET ORNAMENT	0	
U+2776	❶	DINGBAT NEGATIVE CIRCLED DIGIT ONE	0	
U+2777	❷	DINGBAT NEGATIVE CIRCLED DIGIT TWO	0	
U+2778	❸	DINGBAT NEGATIVE CIRCLED DIGIT THREE	0	
U+2779	❹	DINGBAT NEGATIVE CIRCLED DIGIT FOUR	0	
U+277A	❺	DINGBAT NEGATIVE CIRCLED DIGIT FIVE	0	
U+277B	❻	DINGBAT NEGATIVE CIRCLED DIGIT SIX	0	
U+277C	❼	DINGBAT NEGATIVE CIRCLED DIGIT SEVEN	0	
U+277D	❽	DINGBAT NEGATIVE CIRCLED DIGIT EIGHT	0	
U+277E	❾	DINGBAT NEGATIVE CIRCLED DIGIT NINE	0	
U+277F	❿	DINGBAT NEGATIVE CIRCLED NUMBER TEN	0	
U+2780	➀	DINGBAT CIRCLED SANS-SERIF DIGIT ONE	0	
U+2781	➁	DINGBAT CIRCLED SANS-SERIF DIGIT TWO	0	
U+2782	➂	DINGBAT CIRCLED SANS-SERIF DIGIT THREE	0	
U+2783	➃	DINGBAT CIRCLED SANS-SERIF DIGIT FOUR	0	
U+2784	➄	DINGBAT CIRCLED SANS-SERIF DIGIT FIVE	0	
U+2785	➅	DINGBAT CIRCLED SANS-SERIF DIGIT SIX	0	
U+2786	➆	DINGBAT CIRCLED SANS-SERIF DIGIT SEVEN	0	
U+2787	➇	DINGBAT CIRCLED SANS-SERIF DIGIT EIGHT	0	
U+2788	➈	DINGBAT CIRCLED SANS-SERIF DIGIT NINE	0	
U+2789	➉	DINGBAT CIRCLED SANS-SERIF NUMBER TEN	0	
U+278A	➊	DINGBAT NEGATIVE CIRCLED SANS-SERIF DIGIT ONE	0	
U+278B	➋	DINGBAT NEGATIVE CIRCLED SANS-SERIF DIGIT TWO	0	
U+278C	➌	DINGBAT NEGATIVE CIRCLED SANS-SERIF DIGIT THREE	0	
U+278D	➍	DINGBAT NEGATIVE CIRCLED SANS-SERIF DIGIT FOUR	0	
U+278E	➎	DINGBAT NEGATIVE CIRCLED SANS-SERIF DIGIT FIVE	0	
U+278F	➏	DINGBAT NEGATIVE CIRCLED SANS-SERIF DIGIT SIX	0	
U+2790	➐	DINGBAT NEGATIVE CIRCLED SANS-SERIF DIGIT SEVEN	0	
U+2791	➑	DINGBAT NEGATIVE CIRCLED SANS-SERIF DIGIT EIGHT	0	
U+2792	➒	DINGBAT NEGATIVE CIRCLED SANS-SERIF DIGIT NINE	0	
U+2793	➓	DINGBAT NEGATIVE CIRCLED SANS-SERIF NUMBER TEN	0	
U+2794	➔	HEAVY WIDE-HEADED RIGHTWARDS ARROW	0	
U+2795	➕	HEAVY PLUS SIGN	0	
U+2796	➖	HEAVY MINUS SIGN	0	
U+2797	➗	HEAVY DIVISION SIGN	0	
U+2798	➘	HEAVY SOUTH EAST ARROW	0	
U+2799	➙	HEAVY RIGHTWARDS ARROW	0	
U+279A	➚	HEAVY NORTH EAST ARROW	0	
U+279B	➛	DRAFTING POINT RIGHTWARDS ARROW	0	
U+279C	➜	HEAVY ROUND-TIPPED RIGHTWARDS ARROW	0	
U+279D	➝	TRIANGLE-HEADED RIGHTWARDS ARROW	0	
U+279E	➞	HEAVY TRIANGLE-HEADED RIGHTWARDS ARROW	0	
U+279F	➟	DASHED TRIANGLE-HEADED RIGHTWARDS ARROW	0	
U+27A0	➠	HEAVY DASHED TRIANGLE-HEADED RIGHTWARDS ARROW	0	
U+27A1	➡	BLACK RIGHTWARDS ARROW	0	
U+27A2	➢	THREE-D TOP-LIGHTED RIGHTWARDS ARROWHEAD	0	
U+27A3	➣	THREE-D BOTTOM-LIGHTED RIGHTWARDS ARROWHEAD	0	
U+27A4	➤	BLACK RIGHTWARDS ARROWHEAD	0	
U+27A5	➥	HEAVY BLACK CURVED DOWNWARDS AND RIGHTWARDS ARROW	0	
U+27A6	➦	HEAVY BLACK CURVED UPWARDS AND RIGHTWARDS ARROW	0	
U+27A7	➧	SQUAT BLACK RIGHTWARDS ARROW	0	
U+27A8	➨	HEAVY CONCAVE-POINTED BLACK RIGHTWARDS ARROW	0	
U+27A9	➩	RIGHT-SHADED WHITE RIGHTWARDS ARROW	0	
U+27AA	➪	LEFT-SHADED WHITE RIGHTWARDS ARROW	0	
U+27AB	➫	BACK-TILTED SHADOWED WHITE RIGHTWARDS ARROW	0	
U+27AC	➬	FRONT-TILTED SHADOWED WHITE RIGHTWARDS ARROW	0	
U+27AD	➭	HEAVY LOWER RIGHT-SHADOWED WHITE RIGHTWARDS ARROW	0	
U+27AE	➮	HEAVY UPPER RIGHT-SHADOWED WHITE RIGHTWARDS ARROW	0	
U+27AF	➯	NOTCHED LOWER RIGHT-SHADOWED WHITE RIGHTWARDS ARROW	0	
U+27B0	➰	CURLY LOOP	0	
U+27B1	➱	NOTCHED UPPER RIGHT-SHADOWED WHITE RIGHTWARDS ARROW	0	
U+27B2	➲	CIRCLED HEAVY WHITE RIGHTWARDS ARROW	0	
U+27B3	➳	WHITE-FEATHERED RIGHTWARDS ARROW	0	
U+27B4	➴	BLACK-FEATHERED SOUTH EAST ARROW	0	
U+27B5	➵	BLACK-FEATHERED RIGHTWARDS ARROW	0	
U+27B6	➶	BLACK-FEATHERED NORTH EAST ARROW	0	
U+27B7	➷	HEAVY BLACK-FEATHERED SOUTH EAST ARROW	0	
U+27B8	➸	HEAVY BLACK-FEATHERED RIGHTWARDS ARROW	0	
U+27B9	➹	HEAVY BLACK-FEATHERED NORTH EAST ARROW	0	
U+27BA	➺	TEARDROP-BARBED RIGHTWARDS ARROW	0	
U+27BB	➻	HEAVY TEARDROP-SHANKED RIGHTWARDS ARROW	0	
U+27BC	➼	WEDGE-TAILED RIGHTWARDS ARROW	0	
U+27BD	➽	HEAVY WEDGE-TAILED RIGHTWARDS ARROW	0	
U+27BE	➾	OPEN-OUTLINED RIGHTWARDS ARROW	0	
U+27BF	➿	DOUBLE CURLY LOOP	0	
U+3000	　	IDEOGRAPHIC SPACE	543	html
U+3001	、	IDEOGRAPHIC COMMA	93	html,json
U+3002	。	IDEOGRAPHIC FULL STOP	13724	html,html-attr,js,json
U+3003	〃	DITTO MARK	0	
U+3004	〄	JAPANESE INDUSTRIAL STANDARD SYMBOL	0	
U+3005	々	IDEOGRAPHIC ITERATION MARK	0	
U+3006	〆	IDEOGRAPHIC CLOSING MARK	0	
U+3007	〇	IDEOGRAPHIC NUMBER ZERO	0	
U+3008	〈	LEFT ANGLE BRACKET	0	
U+3009	〉	RIGHT ANGLE BRACKET	0	
U+300A	《	LEFT DOUBLE ANGLE BRACKET	29	html
U+300B	》	RIGHT DOUBLE ANGLE BRACKET	29	html
U+300C	「	LEFT CORNER BRACKET	0	
U+300D	」	RIGHT CORNER BRACKET	0	
U+300E	『	LEFT WHITE CORNER BRACKET	0	
U+300F	』	RIGHT WHITE CORNER BRACKET	0	
U+3010	【	LEFT BLACK LENTICULAR BRACKET	2	html
U+3011	】	RIGHT BLACK LENTICULAR BRACKET	2	html
U+3012	〒	POSTAL MARK	0	
U+3013	〓	GETA MARK	0	
U+3014	〔	LEFT TORTOISE SHELL BRACKET	0	
U+3015	〕	RIGHT TORTOISE SHELL BRACKET	0	
U+3016	〖	LEFT WHITE LENTICULAR BRACKET	0	
U+3017	〗	RIGHT WHITE LENTICULAR BRACKET	0	
U+3018	〘	LEFT WHITE TORTOISE SHELL BRACKET	0	
U+3019	〙	RIGHT WHITE TORTOISE SHELL BRACKET	0	
U+301A	〚	LEFT WHITE SQUARE BRACKET	0	
U+301B	〛	RIGHT WHITE SQUARE BRACKET	0	
U+301C	〜	WAVE DASH	0	
U+301D	〝	REVERSED DOUBLE PRIME QUOTATION MARK	0	
U+301E	〞	DOUBLE PRIME QUOTATION MARK	0	
U+301F	〟	LOW DOUBLE PRIME QUOTATION MARK	0	
U+3020	〠	POSTAL MARK FACE	0	
U+3021	〡	HANGZHOU NUMERAL ONE	0	
U+3022	〢	HANGZHOU NUMERAL TWO	0	
U+3023	〣	HANGZHOU NUMERAL THREE	0	
U+3024	〤	HANGZHOU NUMERAL FOUR	0	
U+3025	〥	HANGZHOU NUMERAL FIVE	0	
U+3026	〦	HANGZHOU NUMERAL SIX	0	
U+3027	〧	HANGZHOU NUMERAL SEVEN	0	
U+3028	〨	HANGZHOU NUMERAL EIGHT	0	
U+3029	〩	HANGZHOU NUMERAL NINE	0	
U+302A	〪	IDEOGRAPHIC LEVEL TONE MARK	0	
U+302B	〫	IDEOGRAPHIC RISING TONE MARK	0	
U+302C	〬	IDEOGRAPHIC DEPARTING TONE MARK	0	
U+302D	〭	IDEOGRAPHIC ENTERING TONE MARK	0	
U+302E	〮	HANGUL SINGLE DOT TONE MARK	0	
U+302F	〯	HANGUL DOUBLE DOT TONE MARK	0	
U+3030	〰	WAVY DASH	0	
U+3031	〱	VERTICAL KANA REPEAT MARK	0	
U+3032	〲	VERTICAL KANA REPEAT WITH VOICED SOUND MARK	0	
U+3033	〳	VERTICAL KANA REPEAT MARK UPPER HALF	0	
U+3034	〴	VERTICAL KANA REPEAT WITH VOICED SOUND MARK UPPER HALF	0	
U+3035	〵	VERTICAL KANA REPEAT MARK LOWER HALF	0	
U+3036	〶	CIRCLED POSTAL MARK	0	
U+3037	〷	IDEOGRAPHIC TELEGRAPH LINE FEED SEPARATOR SYMBOL	0	
U+3038	〸	HANGZHOU NUMERAL TEN	0	
U+3039	〹	HANGZHOU NUMERAL TWENTY	0	
U+303A	〺	HANGZHOU NUMERAL THIRTY	0	
U+303B	〻	VERTICAL IDEOGRAPHIC ITERATION MARK	0	
U+303C	〼	MASU MARK	0	
U+303D	〽	PART ALTERNATION MARK	0	
U+303E	〾	IDEOGRAPHIC VARIATION INDICATOR	0	
U+303F	〿	IDEOGRAPHIC HALF FILL SPACE	0	
U+30FB	・	KATAKANA MIDDLE DOT	7	html,js,json,required-literal
U+FF01	！	FULLWIDTH EXCLAMATION MARK	1329	html,js,json
U+FF02	＂	FULLWIDTH QUOTATION MARK	0	
U+FF03	＃	FULLWIDTH NUMBER SIGN	0	
U+FF04	＄	FULLWIDTH DOLLAR SIGN	0	
U+FF05	％	FULLWIDTH PERCENT SIGN	0	
U+FF06	＆	FULLWIDTH AMPERSAND	0	
U+FF07	＇	FULLWIDTH APOSTROPHE	0	
U+FF08	（	FULLWIDTH LEFT PARENTHESIS	157	html,js
U+FF09	）	FULLWIDTH RIGHT PARENTHESIS	157	html,js
U+FF0A	＊	FULLWIDTH ASTERISK	0	
U+FF0B	＋	FULLWIDTH PLUS SIGN	0	
U+FF0C	，	FULLWIDTH COMMA	25367	html,html-attr,js,json
U+FF0D	－	FULLWIDTH HYPHEN-MINUS	0	
U+FF0E	．	FULLWIDTH FULL STOP	0	
U+FF0F	／	FULLWIDTH SOLIDUS	0	
U+FF10	０	FULLWIDTH DIGIT ZERO	0	
U+FF11	１	FULLWIDTH DIGIT ONE	0	
U+FF12	２	FULLWIDTH DIGIT TWO	0	
U+FF13	３	FULLWIDTH DIGIT THREE	0	
U+FF14	４	FULLWIDTH DIGIT FOUR	0	
U+FF15	５	FULLWIDTH DIGIT FIVE	0	
U+FF16	６	FULLWIDTH DIGIT SIX	0	
U+FF17	７	FULLWIDTH DIGIT SEVEN	0	
U+FF18	８	FULLWIDTH DIGIT EIGHT	0	
U+FF19	９	FULLWIDTH DIGIT NINE	0	
U+FF1A	：	FULLWIDTH COLON	1606	html,js,json
U+FF1B	；	FULLWIDTH SEMICOLON	38	html,json
U+FF1C	＜	FULLWIDTH LESS-THAN SIGN	0	
U+FF1D	＝	FULLWIDTH EQUALS SIGN	0	
U+FF1E	＞	FULLWIDTH GREATER-THAN SIGN	0	
U+FF1F	？	FULLWIDTH QUESTION MARK	3099	html,js,json
U+FF20	＠	FULLWIDTH COMMERCIAL AT	0	
U+FF21	Ａ	FULLWIDTH LATIN CAPITAL LETTER A	0	
U+FF22	Ｂ	FULLWIDTH LATIN CAPITAL LETTER B	0	
U+FF23	Ｃ	FULLWIDTH LATIN CAPITAL LETTER C	0	
U+FF24	Ｄ	FULLWIDTH LATIN CAPITAL LETTER D	0	
U+FF25	Ｅ	FULLWIDTH LATIN CAPITAL LETTER E	0	
U+FF26	Ｆ	FULLWIDTH LATIN CAPITAL LETTER F	0	
U+FF27	Ｇ	FULLWIDTH LATIN CAPITAL LETTER G	0	
U+FF28	Ｈ	FULLWIDTH LATIN CAPITAL LETTER H	0	
U+FF29	Ｉ	FULLWIDTH LATIN CAPITAL LETTER I	0	
U+FF2A	Ｊ	FULLWIDTH LATIN CAPITAL LETTER J	0	
U+FF2B	Ｋ	FULLWIDTH LATIN CAPITAL LETTER K	0	
U+FF2C	Ｌ	FULLWIDTH LATIN CAPITAL LETTER L	0	
U+FF2D	Ｍ	FULLWIDTH LATIN CAPITAL LETTER M	0	
U+FF2E	Ｎ	FULLWIDTH LATIN CAPITAL LETTER N	0	
U+FF2F	Ｏ	FULLWIDTH LATIN CAPITAL LETTER O	0	
U+FF30	Ｐ	FULLWIDTH LATIN CAPITAL LETTER P	0	
U+FF31	Ｑ	FULLWIDTH LATIN CAPITAL LETTER Q	0	
U+FF32	Ｒ	FULLWIDTH LATIN CAPITAL LETTER R	0	
U+FF33	Ｓ	FULLWIDTH LATIN CAPITAL LETTER S	0	
U+FF34	Ｔ	FULLWIDTH LATIN CAPITAL LETTER T	0	
U+FF35	Ｕ	FULLWIDTH LATIN CAPITAL LETTER U	0	
U+FF36	Ｖ	FULLWIDTH LATIN CAPITAL LETTER V	0	
U+FF37	Ｗ	FULLWIDTH LATIN CAPITAL LETTER W	0	
U+FF38	Ｘ	FULLWIDTH LATIN CAPITAL LETTER X	0	
U+FF39	Ｙ	FULLWIDTH LATIN CAPITAL LETTER Y	0	
U+FF3A	Ｚ	FULLWIDTH LATIN CAPITAL LETTER Z	0	
U+FF3B	［	FULLWIDTH LEFT SQUARE BRACKET	0	
U+FF3C	＼	FULLWIDTH REVERSE SOLIDUS	0	
U+FF3D	］	FULLWIDTH RIGHT SQUARE BRACKET	0	
U+FF3E	＾	FULLWIDTH CIRCUMFLEX ACCENT	2	html
U+FF3F	＿	FULLWIDTH LOW LINE	0	
U+FF40	｀	FULLWIDTH GRAVE ACCENT	0	
U+FF41	ａ	FULLWIDTH LATIN SMALL LETTER A	0	
U+FF42	ｂ	FULLWIDTH LATIN SMALL LETTER B	0	
U+FF43	ｃ	FULLWIDTH LATIN SMALL LETTER C	0	
U+FF44	ｄ	FULLWIDTH LATIN SMALL LETTER D	0	
U+FF45	ｅ	FULLWIDTH LATIN SMALL LETTER E	0	
U+FF46	ｆ	FULLWIDTH LATIN SMALL LETTER F	0	
U+FF47	ｇ	FULLWIDTH LATIN SMALL LETTER G	0	
U+FF48	ｈ	FULLWIDTH LATIN SMALL LETTER H	0	
U+FF49	ｉ	FULLWIDTH LATIN SMALL LETTER I	0	
U+FF4A	ｊ	FULLWIDTH LATIN SMALL LETTER J	0	
U+FF4B	ｋ	FULLWIDTH LATIN SMALL LETTER K	0	
U+FF4C	ｌ	FULLWIDTH LATIN SMALL LETTER L	0	
U+FF4D	ｍ	FULLWIDTH LATIN SMALL LETTER M	0	
U+FF4E	ｎ	FULLWIDTH LATIN SMALL LETTER N	0	
U+FF4F	ｏ	FULLWIDTH LATIN SMALL LETTER O	0	
U+FF50	ｐ	FULLWIDTH LATIN SMALL LETTER P	0	
U+FF51	ｑ	FULLWIDTH LATIN SMALL LETTER Q	0	
U+FF52	ｒ	FULLWIDTH LATIN SMALL LETTER R	0	
U+FF53	ｓ	FULLWIDTH LATIN SMALL LETTER S	0	
U+FF54	ｔ	FULLWIDTH LATIN SMALL LETTER T	0	
U+FF55	ｕ	FULLWIDTH LATIN SMALL LETTER U	0	
U+FF56	ｖ	FULLWIDTH LATIN SMALL LETTER V	0	
U+FF57	ｗ	FULLWIDTH LATIN SMALL LETTER W	0	
U+FF58	ｘ	FULLWIDTH LATIN SMALL LETTER X	0	
U+FF59	ｙ	FULLWIDTH LATIN SMALL LETTER Y	0	
U+FF5A	ｚ	FULLWIDTH LATIN SMALL LETTER Z	0	
U+FF5B	｛	FULLWIDTH LEFT CURLY BRACKET	0	
U+FF5C	｜	FULLWIDTH VERTICAL LINE	0	
U+FF5D	｝	FULLWIDTH RIGHT CURLY BRACKET	0	
U+FF5E	～	FULLWIDTH TILDE	6	html,js,json,required-literal
